algorithm,fixed_spatial_folds,fixed_block_size_m,search_runtime_minutes,mean_fit_time,std_fit_time,mean_score_time,std_score_time,param_learning_rate,param_loss,param_max_depth,param_min_samples_leaf,param_n_estimators,param_subsample,params,split0_test_R2,split1_test_R2,split2_test_R2,split3_test_R2,split4_test_R2,split5_test_R2,split6_test_R2,split7_test_R2,split8_test_R2,split9_test_R2,mean_test_R2,std_test_R2,rank_test_R2,split0_test_RMSE,split1_test_RMSE,split2_test_RMSE,split3_test_RMSE,split4_test_RMSE,split5_test_RMSE,split6_test_RMSE,split7_test_RMSE,split8_test_RMSE,split9_test_RMSE,mean_test_RMSE,std_test_RMSE,rank_test_RMSE,split0_test_MAE,split1_test_MAE,split2_test_MAE,split3_test_MAE,split4_test_MAE,split5_test_MAE,split6_test_MAE,split7_test_MAE,split8_test_MAE,split9_test_MAE,mean_test_MAE,std_test_MAE,rank_test_MAE,mean_CV_RMSE,std_CV_RMSE,mean_CV_MAE,std_CV_MAE,mean_CV_R2,std_CV_R2
GTB,10,20000,63.946522482236226,0.3177134275436401,0.00975706316767983,0.0039243936538696286,0.00021051746118593627,0.1,squared_error,3,5,100,0.7,"{'learning_rate': 0.1, 'loss': 'squared_error', 'max_depth': 3, 'min_samples_leaf': 5, 'n_estimators': 100, 'subsample': 0.7}",0.04955607002628959,0.11121230428942708,0.1832195145541522,0.5844122622412811,0.006212874875239804,0.4757960105593698,0.20650336280236226,0.5585118375724905,0.6578495342341761,0.38976633946643935,0.3223040110621228,0.22733580274888895,2,-27.083922865285544,-20.462083252412878,-18.98037726954611,-14.513556039336697,-18.9783764020955,-14.701181271150956,-23.255050970845005,-13.494293375752548,-12.08656822818249,-24.88146213226036,-18.84368718068681,4.864744944340128,1,-17.517399682886005,-14.034321488395202,-11.70953760604034,-11.002537473848887,-14.252575395549934,-10.543070776173346,-15.047097152738655,-10.38476506158751,-8.11914471558119,-18.4970632128511,-13.110751256565218,3.15729585727064,67,18.84368718068681,4.864744944340128,13.110751256565218,3.15729585727064,0.3223040110621228,0.22733580274888895
GTB,10,20000,63.946522482236226,0.41258788108825684,0.0105668879627206,0.003904128074645996,0.00021320227204660257,0.1,huber,2,1,100,0.7,"{'learning_rate': 0.1, 'loss': 'huber', 'max_depth': 2, 'min_samples_leaf': 1, 'n_estimators': 100, 'subsample': 0.7}",-0.007569997910893855,0.08850309883210039,0.32893126017144014,0.48863001829721353,0.2078605144611677,0.51598050284335,0.11060535001691296,0.5639479048432221,0.5532627407724984,0.40061938489038906,0.32507707772174005,0.20109756710669374,1,-27.885981258072913,-20.721845377109585,-17.204246974183707,-16.099414686216406,-16.94389314063325,-14.126465065219296,-24.62022439026034,-13.41095807647621,-13.810853800521311,-24.659210295314804,-18.94830930640078,4.932483640918866,2,-18.003891648219447,-14.087666987928609,-10.256943743756114,-11.730270417492283,-12.96843334776713,-9.420317901549952,-15.460969795071746,-9.607539243921146,-8.562685015731608,-17.897466933184386,-12.799618503462243,3.301699923135833,14,18.94830930640078,4.932483640918866,12.799618503462243,3.301699923135833,0.32507707772174005,0.20109756710669374
GTB,10,20000,63.946522482236226,1.1012855052947998,0.21537834173710943,0.005986166000366211,0.002490782251063222,0.1,squared_error,3,5,300,0.7,"{'learning_rate': 0.1, 'loss': 'squared_error', 'max_depth': 3, 'min_samples_leaf': 5, 'n_estimators': 300, 'subsample': 0.7}",0.11685875691625691,0.027195379666559494,0.21249294812902209,0.5495326396720976,-0.08855410252292928,0.493612647805425,0.23162459315328865,0.5338377173852671,0.636665143678044,0.3844739458091254,0.3097739669692157,0.23350085282041394,24,-26.107386646473277,-21.407386139507537,-18.637145243601072,-15.110336501662744,-19.86265879617899,-14.449189828306057,-22.88397573011625,-13.866254978933872,-12.455121602612715,-24.989124344710845,-18.976857981210333,4.616989772841476,3,-17.082837458425605,-14.827673369984963,-11.430579141854027,-11.30983263659471,-14.978976628744912,-10.19040200840758,-14.603300511213906,-10.410082396383126,-8.579958512798552,-18.853580744186687,-13.226722340859407,3.1576142636283016,84,18.976857981210333,4.616989772841476,13.226722340859407,3.1576142636283016,0.3097739669692157,0.23350085282041394
GTB,10,20000,63.946522482236226,1.8051206827163697,0.2878986889355983,0.005374884605407715,0.0008150200977245404,0.1,squared_error,3,5,500,0.7,"{'learning_rate': 0.1, 'loss': 'squared_error', 'max_depth': 3, 'min_samples_leaf': 5, 'n_estimators': 500, 'subsample': 0.7}",0.11433990490097512,0.03069600534443062,0.21581666127359078,0.5560982785167584,-0.09483970178187207,0.4856995454448817,0.23840287087874124,0.5279937118135705,0.6304013500219721,0.3871464537812698,0.3091755080194318,0.2327537717161611,27,-26.144591239121453,-21.36883431593784,-18.597774153041026,-14.999814434106732,-19.919922373716823,-14.561647906395388,-22.78281583746434,-13.9529008568047,-12.562024275012519,-24.934816097214416,-18.982514148881524,4.580551037586106,4,-17.08182788968339,-14.933549423796945,-11.376291664776508,-11.260023607357672,-15.052924274017606,-10.311947968487058,-14.670117560515271,-10.449161972127357,-8.718099775666184,-18.84392480665331,-13.269786894308131,3.1394003408773368,93,18.982514148881524,4.580551037586106,13.269786894308131,3.1394003408773368,0.3091755080194318,0.2327537717161611
GTB,10,20000,63.946522482236226,2.8324152708053587,0.38916336535160934,0.006070566177368164,0.0010746446503996515,0.03,squared_error,5,1,500,0.7,"{'learning_rate': 0.03, 'loss': 'squared_error', 'max_depth': 5, 'min_samples_leaf': 1, 'n_estimators': 500, 'subsample': 0.7}",0.11157088824440886,0.13635011424784205,0.23641594170304325,0.5758872399775481,0.08632593603514016,0.4855893182285962,0.13490468413651557,0.4907791057569497,0.5732877992128338,0.3567786201876212,0.31878896477304985,0.18988850123625442,3,-26.18542988122901,-20.170640564693084,-18.351881254975346,-14.661659902238842,-18.197344683951133,-14.563208282150168,-24.281568140450727,-14.49251383795331,-13.497768351288398,-25.545126252176946,-18.994714115110696,4.624897575251976,5,-16.87604138639498,-13.518195311747144,-11.571712835218717,-10.917628245362684,-13.667265902787335,-10.031407508341173,-15.506105112918709,-10.664018233684896,-8.907672026994906,-18.419788420288256,-13.00798349837388,2.979669038210975,48,18.994714115110696,4.624897575251976,13.00798349837388,2.979669038210975,0.31878896477304985,0.18988850123625442
GTB,10,20000,63.946522482236226,1.6653374195098878,0.23207188230737139,0.004861879348754883,0.0007396489194403638,0.03,squared_error,5,1,300,0.7,"{'learning_rate': 0.03, 'loss': 'squared_error', 'max_depth': 5, 'min_samples_leaf': 1, 'n_estimators': 300, 'subsample': 0.7}",0.09964154436422445,0.13178443297947118,0.24272143694693904,0.5752952619061684,0.09389700283913882,0.4827462484345345,0.13804317532499044,0.49408265736957646,0.5767050779077307,0.35169686713121173,0.31866137052039856,0.19053525373703015,4,-26.360645536925865,-20.22388628731603,-18.275951445750245,-14.671888732168343,-18.12179262578429,-14.603397150575246,-24.23748240188323,-14.445427523752281,-13.443611995062263,-25.645837016224522,-19.002992071544234,4.671734354198992,6,-16.96497563966523,-13.561027567904597,-11.515577688204058,-10.952702189657085,-13.678712000722511,-10.10313894770411,-15.482612625821394,-10.550760206201687,-8.961444178057068,-18.51945821771986,-13.02904092616576,3.0035185203841435,53,19.002992071544234,4.671734354198992,13.02904092616576,3.0035185203841435,0.31866137052039856,0.19053525373703015
GTB,10,20000,63.946522482236226,0.39526076316833497,0.019219950673912047,0.0037658214569091797,0.0003507030486730673,0.05,huber,2,1,100,0.7,"{'learning_rate': 0.05, 'loss': 'huber', 'max_depth': 2, 'min_samples_leaf': 1, 'n_estimators': 100, 'subsample': 0.7}",-0.0043984301876982546,0.05955127435312857,0.3059414147571533,0.5637565125578196,0.18717229537248203,0.4456034962516482,0.12927568642712528,0.5335446067098637,0.5798026731699822,0.38570404049380735,0.3185953569905312,0.20490826761414743,5,-27.842057765742112,-21.048366230403186,-17.49646165797143,-14.869862408330514,-17.163727930692584,-15.118625630778283,-24.360437642307673,-13.87061366347962,-13.394332721425627,-24.964142167491936,-19.012862781862296,4.92108885057089,7,-17.650005487235767,-14.417743235655257,-10.324750820700537,-10.829661732687699,-12.634237720932814,-9.858325960579652,-15.031177661251228,-10.029534004681603,-8.973954051773633,-17.564582977483774,-12.731397365298196,3.078572916093003,4,19.012862781862296,4.92108885057089,12.731397365298196,3.078572916093003,0.3185953569905312,0.20490826761414743
GTB,10,20000,63.946522482236226,2.044348192214966,0.3480424148029201,0.004977011680603027,0.0010529130544358028,0.03,huber,2,5,500,0.7,"{'learning_rate': 0.03, 'loss': 'huber', 'max_depth': 2, 'min_samples_leaf': 5, 'n_estimators': 500, 'subsample': 0.7}",0.013919912058332096,0.014794105641349531,0.3016101637252221,0.5740655142320775,0.10379183569697126,0.42912217178911294,0.16647865403398587,0.6005858843972776,0.5846936911460112,0.36235990514626826,0.31514218378666087,0.22006706218246705,10,-27.586996013430312,-21.54340427099793,-17.55096981373632,-14.693114865839007,-18.02257414161604,-15.341706138087066,-23.834339083188777,-12.835190553371742,-13.316150790979059,-25.43405620264646,-19.01585018738927,5.002691753431232,8,-17.67325580723964,-14.588183866772303,-10.160153676412063,-10.483402753755618,-13.263062925527592,-10.213367636871782,-14.7981923059099,-9.244128157665276,-8.740401671474594,-17.552552354393463,-12.671670115602225,3.1894534531962684,2,19.01585018738927,5.002691753431232,12.671670115602225,3.1894534531962684,0.31514218378666087,0.22006706218246705
GTB,10,20000,63.946522482236226,3.9427502393722533,0.4940406162029415,0.005887627601623535,0.001781548130888182,0.03,huber,5,1,300,0.7,"{'learning_rate': 0.03, 'loss': 'huber', 'max_depth': 5, 'min_samples_leaf': 1, 'n_estimators': 300, 'subsample': 0.7}",0.02932157539922231,0.09782404824615121,0.13737284475982203,0.5677092772875141,0.20858878423823324,0.44633837855708824,0.1490829733482193,0.5107995062321147,0.5958956955403177,0.411343451026447,0.315427653463513,0.20169595627032136,9,-27.37070638567393,-20.615622529134633,-19.505798197925625,-14.802341838411914,-16.93610249075073,-15.1086020333286,-24.081767403382397,-14.204765202946952,-13.135335757932083,-24.437614398821097,-19.0198656238308,4.71947460812519,9,-17.719951585703352,-14.39078828524106,-12.65100711374737,-11.5464398878924,-12.529987147412877,-10.221582647303423,-14.429404686361893,-10.58439559738186,-8.660589663774166,-17.575113091071895,-13.03092597058903,2.8638837829124433,54,19.0198656238308,4.71947460812519,13.03092597058903,2.8638837829124433,0.315427653463513,0.20169595627032136
GTB,10,20000,63.946522482236226,0.6196565389633178,0.013320000771233746,0.00397803783416748,0.0005276408759255498,0.05,huber,3,1,100,1.0,"{'learning_rate': 0.05, 'loss': 'huber', 'max_depth': 3, 'min_samples_leaf': 1, 'n_estimators': 100, 'subsample': 1.0}",0.023060256772433285,0.08452282331042771,0.29323974381933127,0.5355996098132596,0.16926445604930596,0.3706653813559688,0.17632353556689795,0.5728284696364232,0.5052810097361858,0.4298014678087445,0.3160586753868978,0.18625397606111302,8,-27.458841257455873,-20.76703961147064,-17.655833466014226,-15.342239559194985,-17.351769470302028,-16.1080468040969,-23.693164996238856,-13.273692925440097,-14.533617661500092,-24.05142791891317,-19.02356736706269,4.485719653376536,10,-17.122933892919153,-14.177883575003547,-10.628230076596434,-11.058288822810159,-13.132683547757164,-10.526661470676848,-14.612236369744345,-9.504174033018836,-9.331273955497274,-16.48761392857443,-12.658197967259818,2.7053901305209602,1,19.02356736706269,4.485719653376536,12.658197967259818,2.7053901305209602,0.3160586753868978,0.18625397606111302
GTB,10,20000,63.946522482236226,6.584729957580566,0.6316892323845579,0.00629572868347168,0.0011062243512681169,0.03,huber,5,1,500,0.7,"{'learning_rate': 0.03, 'loss': 'huber', 'max_depth': 5, 'min_samples_leaf': 1, 'n_estimators': 500, 'subsample': 0.7}",0.03890130386017587,0.1046489617779881,0.12890933790033177,0.5691387867892641,0.19839384002719795,0.4509940503854847,0.1519090943540733,0.4902710177795726,0.5908007075580404,0.41421694360923633,0.3138184044041365,0.19874615184488528,14,-27.235309291201606,-20.53749644469331,-19.60125340063858,-14.777847199328981,-17.044838701752717,-15.044944750012759,-24.041743176415665,-14.49974217075504,-13.21788220596047,-24.37789603763403,-19.03789533783932,4.645957364116341,11,-17.71996029362165,-14.295039962911714,-12.70577654336539,-11.551112217541048,-12.657544521254419,-10.174789447079126,-14.474807838428031,-10.791708253328272,-8.678382224351717,-17.533017193581298,-13.058213849546267,2.836942623719674,62,19.03789533783932,4.645957364116341,13.058213849546267,2.836942623719674,0.3138184044041365,0.19874615184488528
GTB,10,20000,63.946522482236226,1.399284267425537,0.24400021281797363,0.004866194725036621,0.0010239777657742495,0.03,huber,2,5,300,1.0,"{'learning_rate': 0.03, 'loss': 'huber', 'max_depth': 2, 'min_samples_leaf': 5, 'n_estimators': 300, 'subsample': 1.0}",0.019043908922957486,0.01692110384079093,0.3251549938806365,0.528012548500811,0.1835924663646059,0.47487663962365323,0.14234043897639148,0.6134713740889268,0.4843232625915572,0.38029739807233964,0.31680341348626706,0.20409435692961966,7,-27.515227100266774,-21.520136271271188,-17.2525852984886,-15.467057423858956,-17.201482369796942,-14.714067397624078,-24.1769892373271,-12.626455356497527,-14.83826798802201,-25.0737607502914,-19.03860291934446,4.874609468892108,12,-17.558678140899207,-15.102245282444764,-10.145525050906658,-11.154178081975186,-12.607737281281114,-10.106304731588118,-15.174077912987867,-9.290105771073813,-9.351785649251061,-17.355714867586833,-12.784635276999461,3.0917833047291627,12,19.03860291934446,4.874609468892108,12.784635276999461,3.0917833047291627,0.31680341348626706,0.20409435692961966
GTB,10,20000,63.946522482236226,0.535732102394104,0.06586085246640976,0.004162907600402832,0.0007117611811791725,0.03,squared_error,5,1,100,0.7,"{'learning_rate': 0.03, 'loss': 'squared_error', 'max_depth': 5, 'min_samples_leaf': 1, 'n_estimators': 100, 'subsample': 0.7}",0.06575783142794389,0.14546470701470182,0.25932203407821,0.5433303338535298,0.1661514900465274,0.4786395379480187,0.1266053270493378,0.455586683625681,0.5959726699222271,0.34497039239394056,0.31818010073601183,0.1816679202197759,6,-26.852087305607064,-20.06392208108818,-18.07452432785044,-15.214004984092558,-17.38424969893204,-14.661254013106868,-24.397763649699893,-14.98493922400755,-13.134084679320976,-25.778537995814187,-19.054536795951975,4.743386946537071,13,-17.405983604225273,-13.585315557775694,-11.613508885838375,-11.192456824711684,-13.330480156514854,-10.101905014073532,-15.568181410392068,-10.92510210573788,-9.218325488623467,-18.59783247222083,-13.153909152011366,2.995892099174669,73,19.054536795951975,4.743386946537071,13.153909152011366,2.995892099174669,0.31818010073601183,0.1816679202197759
GTB,10,20000,63.946522482236226,2.9183619022369385,0.4783904233306652,0.006089615821838379,0.001177452084204886,0.03,huber,5,5,300,0.7,"{'learning_rate': 0.03, 'loss': 'huber', 'max_depth': 5, 'min_samples_leaf': 5, 'n_estimators': 300, 'subsample': 0.7}",0.0687927577871903,0.09590629550290397,0.19854379706254432,0.5833463105127933,0.13953074823392486,0.3990060920552916,0.12005018681677804,0.5781106424031806,0.5447009638470224,0.39521891500503337,0.3123206709226663,0.1995987945189704,17,-26.80843673923497,-20.637522181120982,-18.80148105013934,-14.532157216792509,-17.659566997143546,-15.741173530456223,-24.489149482166884,-13.191369979484833,-13.942569103489332,-24.770051964077478,-19.05734782441061,4.677393148659288,14,-16.902156868163225,-14.42728770375854,-11.539314707799551,-10.653858888337805,-13.056228109582035,-10.46439616652826,-15.379095979452146,-9.856152818028674,-8.810063105889236,-17.137112624909264,-12.822566697244875,2.850170617944519,18,19.05734782441061,4.677393148659288,12.822566697244875,2.850170617944519,0.3123206709226663,0.1995987945189704
GTB,10,20000,63.946522482236226,2.9613890647888184,0.4284504554155591,0.0051163434982299805,0.0006559722915577888,0.03,huber,3,5,500,0.7,"{'learning_rate': 0.03, 'loss': 'huber', 'max_depth': 3, 'min_samples_leaf': 5, 'n_estimators': 500, 'subsample': 0.7}",0.07226731533939912,0.038124127408761255,0.19916307187604743,0.5739190709683875,0.11421199257320347,0.3964412516464414,0.23646491453956664,0.5787535726382473,0.5394989323671529,0.3621021866447808,0.3110946436001988,0.19778391261994108,19,-26.75837564463422,-21.286798348317458,-18.794215816149535,-14.695640515733889,-17.91749413166453,-15.774726794347918,-22.811783942162933,-13.181314778900068,-14.021993482107177,-25.439195594532972,-19.06815390485507,4.584212440634245,15,-16.93318475444365,-14.405341133873913,-11.06318012312963,-10.757168979961698,-13.47350478392808,-10.34275594028755,-14.26399008176082,-9.550612612094683,-8.917039138447452,-17.87101064192176,-12.757778818984924,2.946492632814541,8,19.06815390485507,4.584212440634245,12.757778818984924,2.946492632814541,0.3110946436001988,0.19778391261994108
GTB,10,20000,63.946522482236226,1.9688981771469116,0.3315250566178041,0.004844355583190918,0.0009804361046564746,0.03,huber,3,1,300,1.0,"{'learning_rate': 0.03, 'loss': 'huber', 'max_depth': 3, 'min_samples_leaf': 1, 'n_estimators': 300, 'subsample': 1.0}",0.03353187389279699,-0.013352433015408227,0.21464849766738991,0.529399423583401,0.17828832059590327,0.4410487487818272,0.20138015477133342,0.5699282129510035,0.4774039138440046,0.4566460428872665,0.30889227559595184,0.20040433782765035,29,-27.31128192838807,-21.848976007242708,-18.611621143332798,-15.44431671609705,-17.257270350625788,-15.180603532198312,-23.33000325744187,-13.318677189732531,-14.937486184961525,-23.478439870725342,-19.0718676180746,4.417554063681825,16,-16.72642543203333,-14.891895751536454,-11.056762074125746,-11.343330817135499,-12.555923158349843,-10.259876096573981,-14.818631708117394,-9.500422156248085,-9.361200832393104,-16.280519948851836,-12.679498797536528,2.6499368366821043,3,19.0718676180746,4.417554063681825,12.679498797536528,2.6499368366821043,0.30889227559595184,0.20040433782765035
GTB,10,20000,63.946522482236226,1.0557329177856445,0.17729087435826704,0.004715180397033692,0.0009521775865548986,0.03,huber,5,5,100,0.7,"{'learning_rate': 0.03, 'loss': 'huber', 'max_depth': 5, 'min_samples_leaf': 5, 'n_estimators': 100, 'subsample': 0.7}",0.0795852952653191,0.10975160635328762,0.20210594742650556,0.5781072966815779,0.19968681568030888,0.3678723492230167,0.14159559491885298,0.5420451671717108,0.5515810605683427,0.3683583774782928,0.3140689510767215,0.18331332754251511,13,-26.65263131627011,-20.478890782825946,-18.759652010729674,-14.623235658271671,-17.031086652009222,-16.143751565855425,-24.187485347582523,-13.743645335916895,-13.836823901256265,-25.314140603936636,-19.077134317465436,4.615246718305847,17,-16.61923653398678,-13.873888876989122,-11.496587190543869,-10.86555256514386,-12.517875648083693,-10.60245837407425,-15.485634583771493,-10.101725968733264,-9.094256489377086,-17.35246636155908,-12.800968259226249,2.7393494050614673,15,19.077134317465436,4.615246718305847,12.800968259226249,2.7393494050614673,0.3140689510767215,0.18331332754251511
GTB,10,20000,63.946522482236226,2.3554676294326784,0.39248746512694416,0.005031204223632813,0.0009616496642933731,0.03,huber,2,5,500,1.0,"{'learning_rate': 0.03, 'loss': 'huber', 'max_depth': 2, 'min_samples_leaf': 5, 'n_estimators': 500, 'subsample': 1.0}",0.03577377630008083,-0.06095437744038956,0.3436154421859824,0.5032616348440085,0.23272825877277692,0.5066901256539449,0.1335221360859843,0.6339770556120607,0.4611976749161757,0.35531312244677915,0.3145124849377404,0.21371970350494357,11,-27.279586740293716,-22.356261711345084,-17.014976032402373,-15.86742022509027,-16.675811392587427,-14.26139392515454,-24.30096313206585,-12.286969246120053,-15.167331216602326,-25.574210348859953,-19.07849239705216,5.02432720728841,18,-17.36033254856807,-15.401233866665708,-9.749589936931848,-11.331401853619715,-11.989618100930612,-10.45672325673255,-15.399035881712372,-8.95569018489967,-9.24010926206391,-17.753310106808105,-12.763704499893255,3.223369855985969,10,19.07849239705216,5.02432720728841,12.763704499893255,3.223369855985969,0.3145124849377404,0.21371970350494357
GTB,10,20000,63.946522482236226,0.46131086349487305,0.08641356259325436,0.0042170524597167965,0.0009655994674213551,0.1,huber,2,5,100,0.7,"{'learning_rate': 0.1, 'loss': 'huber', 'max_depth': 2, 'min_samples_leaf': 5, 'n_estimators': 100, 'subsample': 0.7}",-0.0300128341312762,0.0504596162248766,0.265906367022696,0.5381674662761388,0.1548308132516908,0.5154241822391028,0.18081752145955077,0.564002945113026,0.5721269097047434,0.33212633080654574,0.31438493179670945,0.2129470766201107,12,-28.194840079410355,-21.149862606165517,-17.994007315991524,-15.299764056445406,-17.501859793079635,-14.134581046839388,-23.628441536287323,-13.410111656916056,-13.516116519876308,-26.030048582742438,-19.085963319375395,5.117396537482954,19,-18.763260490040857,-14.56673196456456,-10.571769967642643,-10.831501409945794,-13.138364687129197,-10.009023489017418,-14.820034226332522,-9.757084070905815,-8.685813430246359,-18.559591573483008,-12.970317530930817,3.443473174963581,41,19.085963319375395,5.117396537482954,12.970317530930817,3.443473174963581,0.31438493179670945,0.2129470766201107
GTB,10,20000,63.946522482236226,4.851352882385254,0.5491146065883,0.006170320510864258,0.0009048287495923033,0.03,huber,5,5,500,0.7,"{'learning_rate': 0.03, 'loss': 'huber', 'max_depth': 5, 'min_samples_leaf': 5, 'n_estimators': 500, 'subsample': 0.7}",0.0670609145933393,0.09985758081277762,0.19330448339364648,0.5831912645482424,0.1285928126440048,0.39933142955333756,0.11568170657384647,0.57678384041935,0.5433296702242161,0.391786346748774,0.30989200495115343,0.2005951294705649,23,-26.833354093905335,-20.59237529557079,-18.862835862525067,-14.534860832309045,-17.771453178053314,-15.736912349768897,-24.54986198960859,-13.212096499771295,-13.963549799743872,-24.84024644681515,-19.089754634807132,4.687269896249586,20,-17.03034030197033,-14.472047216172754,-11.660625723758093,-10.568731130371917,-13.135568943038228,-10.568671519356291,-15.393933033208226,-10.015525561938816,-8.851127552255678,-17.220604427950747,-12.891717541002109,2.8564434406839636,31,19.089754634807132,4.687269896249586,12.891717541002109,2.8564434406839636,0.30989200495115343,0.2005951294705649
GTB,10,20000,63.946522482236226,0.41790189743041994,0.06695702681059826,0.004092717170715332,0.0006586992970945577,0.05,huber,2,5,100,0.7,"{'learning_rate': 0.05, 'loss': 'huber', 'max_depth': 2, 'min_samples_leaf': 5, 'n_estimators': 100, 'subsample': 0.7}",0.0278108214060534,0.038513487969744076,0.2760893947382064,0.5698324930029819,0.16720414816280427,0.42795835560191486,0.1487607410964471,0.5386904346159052,0.5476560460436064,0.3752496501125895,0.3117765572750253,0.19882331509594764,18,-27.391997848475736,-21.282489539401638,-17.868768963182895,-14.765945902835274,-17.37327321436098,-15.357336308299605,-24.086326712566088,-13.793892785619425,-13.897248878804316,-25.17567200157077,-19.09929521551167,4.772946605408712,21,-17.584683093405722,-14.524003039584974,-10.716570973728372,-10.810084224454558,-12.917847083630805,-10.427782061137037,-15.107753517104898,-9.872326854349023,-8.899536567317558,-17.96547187179991,-12.882605928651287,3.0908186547858407,29,19.09929521551167,4.772946605408712,12.882605928651287,3.0908186547858407,0.3117765572750253,0.19882331509594764
GTB,10,20000,63.946522482236226,1.7378291130065917,0.283320550685232,0.004768562316894531,0.0007520865294188978,0.05,huber,3,5,300,0.7,"{'learning_rate': 0.05, 'loss': 'huber', 'max_depth': 3, 'min_samples_leaf': 5, 'n_estimators': 300, 'subsample': 0.7}",0.05628563520091123,-0.01172949946186419,0.217002982475612,0.560851658508293,0.16882954983359955,0.37152234216023106,0.17555208967563984,0.561514702132503,0.5827986968204848,0.3961169672270918,0.3078745124572502,0.20646934740949704,32,-26.987869436258347,-21.831472893812787,-18.58370136975287,-14.919287916604558,-17.35631087041349,-16.09707595748417,-23.704257772249505,-13.44832308953349,-13.346496237398565,-24.75165434480713,-19.10264498883149,4.665478804496933,22,-17.47456048010477,-14.90166369067742,-11.48017193351909,-10.651470414649852,-12.991322681441735,-10.810832152894747,-14.801686633612567,-10.235244841402778,-8.642260625351437,-17.860979027917793,-12.98501924815722,2.996042842764946,45,19.10264498883149,4.665478804496933,12.98501924815722,2.996042842764946,0.3078745124572502,0.20646934740949704
GTB,10,20000,63.946522482236226,1.3789567470550537,0.21766376046478964,0.004480218887329102,0.0007860510225625938,0.03,huber,5,1,100,0.7,"{'learning_rate': 0.03, 'loss': 'huber', 'max_depth': 5, 'min_samples_leaf': 1, 'n_estimators': 100, 'subsample': 0.7}",0.02974700534508501,0.1094648481209759,0.1535078996011554,0.5250468666763362,0.257145991123242,0.41878479430228455,0.15451040190804066,0.5103495738531004,0.5971031126270823,0.3725147600041345,0.3128175253561437,0.18833283651493288,16,-27.36470769754439,-20.482188748731378,-19.322513475159006,-15.515574117526766,-16.40831967338499,-15.479985715876627,-24.00484383116278,-14.211295976134025,-13.115697643185314,-25.230715995464294,-19.11358428741696,4.741473764998771,23,-17.300475216819475,-14.072540679941648,-12.600144261923615,-12.081562215800677,-12.401905529295982,-10.17106173804768,-14.798147139538395,-10.587082923144525,-8.780398282727354,-17.693566462243403,-13.048688444948278,2.7906066178799316,59,19.11358428741696,4.741473764998771,13.048688444948278,2.7906066178799316,0.3128175253561437,0.18833283651493288
GTB,10,20000,63.946522482236226,2.0956883430480957,0.3357719607316488,0.005582666397094727,0.002495836395683952,0.05,huber,2,5,500,0.7,"{'learning_rate': 0.05, 'loss': 'huber', 'max_depth': 2, 'min_samples_leaf': 5, 'n_estimators': 500, 'subsample': 0.7}",0.0612279458604118,-0.04314397260401637,0.25688795234170037,0.5367424617345589,0.13454288588643482,0.48628502177470956,0.13656642144841125,0.5648381622413194,0.5586850225608262,0.384844750411266,0.3077476651655622,0.21566404052468613,33,-26.917107809494283,-22.167818500390794,-18.10419902177443,-15.323349923219892,-17.710676441126893,-14.553357103011253,-24.258236039201254,-13.397260969104702,-13.726783172139305,-24.98159624887807,-19.114038522834086,4.805901226977646,24,-17.555946671533434,-15.045568699380123,-10.278261093288599,-10.919028118289397,-12.725729586212307,-10.172039420719301,-14.573975413641957,-9.72690901173197,-8.573161758799563,-17.85863127618605,-12.74292510497827,3.1699327472326,7,19.114038522834086,4.805901226977646,12.74292510497827,3.1699327472326,0.3077476651655622,0.21566404052468613
GTB,10,20000,63.946522482236226,0.6344808101654053,0.10915012154670593,0.00486605167388916,0.0014810381593558736,0.05,huber,3,5,100,0.7,"{'learning_rate': 0.05, 'loss': 'huber', 'max_depth': 3, 'min_samples_leaf': 5, 'n_estimators': 100, 'subsample': 0.7}",0.017305653676735644,0.020315018114198446,0.24121022538425252,0.5658698779332652,0.18504873555722146,0.3828813493295724,0.18632253329932535,0.5597273429972243,0.5647662160464688,0.3704165994922902,0.3093863551830554,0.20172391839694714,26,-27.539594816116534,-21.48295683205995,-18.29417793816114,-14.833800431950081,-17.18613392644562,-15.9509446378917,-23.54891461698717,-13.475704324526287,-13.631879539412386,-25.272863530871454,-19.121697059442234,4.782885174529627,25,-17.628404182622507,-14.591172018718543,-11.202772418975373,-10.843088438891662,-12.94956201379456,-10.422033790588085,-14.833985394464968,-10.146266797250966,-8.897431269878545,-17.99152500718114,-12.950624133236635,3.0284320999274965,38,19.121697059442234,4.782885174529627,12.950624133236635,3.0284320999274965,0.3093863551830554,0.20172391839694714
GTB,10,20000,63.946522482236226,1.332131266593933,0.1725211863763451,0.004751968383789063,0.0008928867321793015,0.1,huber,2,1,300,0.7,"{'learning_rate': 0.1, 'loss': 'huber', 'max_depth': 2, 'min_samples_leaf': 1, 'n_estimators': 300, 'subsample': 0.7}",0.014736651458572725,-0.013162834191532635,0.4156609997574944,0.49167476686180556,0.09581744289664251,0.5208869181666544,0.06040776769417966,0.5999181549320307,0.5421647827753968,0.3635739799731508,0.3091678630324395,0.23005317697401742,28,-27.575568922315462,-21.846931933628767,-16.05404960829531,-16.051414358590897,-18.10257832215273,-14.05468402395707,-25.305472997487836,-12.845914831291434,-13.981347763759256,-25.409831283237057,-19.12277940447158,5.177195322315107,26,-17.815046063400214,-14.675828753442556,-9.584043383825268,-11.94770059630938,-13.646569777770647,-10.270825781817685,-16.21488666087539,-9.209122505815433,-8.00339566336011,-19.011105377848676,-13.037852456446535,3.6390516859062716,58,19.12277940447158,5.177195322315107,13.037852456446535,3.6390516859062716,0.3091678630324395,0.23005317697401742
GTB,10,20000,63.946522482236226,1.9083574771881104,0.2586617474326777,0.0048888206481933595,0.0007861851528795234,0.05,huber,3,1,300,0.7,"{'learning_rate': 0.05, 'loss': 'huber', 'max_depth': 3, 'min_samples_leaf': 1, 'n_estimators': 300, 'subsample': 0.7}",0.03813872013112252,0.02022554570072932,0.2676702001344342,0.5503224824880214,0.16957904654504563,0.4399004747027433,0.11794785054293855,0.5118999818500134,0.5464203748536862,0.4196989842605614,0.3081803661209296,0.19988988363616003,30,-27.24611207639278,-21.4839378045908,-17.972376891620495,-15.09708356932343,-17.34848369621606,-15.196188567697892,-24.518386213691098,-14.188779120489503,-13.91621754013724,-24.263557840558352,-19.123112332071766,4.633058561655865,27,-17.168362990246834,-14.016811762082625,-10.785841542180126,-11.258825651359205,-13.31753842901895,-10.215544402786836,-15.609725525777737,-9.99727990540444,-8.731995406338868,-17.533813752937643,-12.863573936813324,2.9767359730161047,26,19.123112332071766,4.633058561655865,12.863573936813324,2.9767359730161047,0.3081803661209296,0.19988988363616003
GTB,10,20000,63.946522482236226,1.2253499269485473,0.21962317045940152,0.0049152374267578125,0.0008155077508465021,0.05,huber,2,5,300,0.7,"{'learning_rate': 0.05, 'loss': 'huber', 'max_depth': 2, 'min_samples_leaf': 5, 'n_estimators': 300, 'subsample': 0.7}",0.04494854417054672,-0.03409867898918528,0.26024824740645913,0.5384848282639916,0.14392940489165185,0.4472091300738049,0.14921265517464422,0.5744468760122391,0.5522853706787448,0.39274164609980255,0.30694080237827,0.21236337516615122,37,-27.149491700291,-22.071498624301032,-18.06321975084983,-15.294506308638534,-17.614371949273117,-15.096716601603445,-24.079932273470416,-13.248524329726571,-13.825953213396927,-24.82073093904726,-19.126494569059812,4.764336157648708,28,-17.29447421989708,-15.205692098461574,-10.328559159139028,-10.923947436116972,-12.73951514378896,-10.369821290088145,-14.629772716180529,-9.590847529050047,-8.652473145307065,-17.631988470900527,-12.736709120892993,3.0932415850108357,6,19.126494569059812,4.764336157648708,12.736709120892993,3.0932415850108357,0.30694080237827,0.21236337516615122
GTB,10,20000,63.946522482236226,1.808884572982788,0.3056689795466335,0.004797124862670898,0.0008733426432981314,0.03,huber,3,5,300,0.7,"{'learning_rate': 0.03, 'loss': 'huber', 'max_depth': 3, 'min_samples_leaf': 5, 'n_estimators': 300, 'subsample': 0.7}",0.056622822538199835,0.03313784207155157,0.2019177829293748,0.5849455080427386,0.1329116426697956,0.3606517644708096,0.22852165056229545,0.576031587953919,0.5362049300883192,0.35950527680407085,0.30704508081310744,0.19824202095092713,35,-26.983047648454068,-21.341901533136582,-18.761863891109748,-14.504241788327153,-17.727359428496502,-16.23569212285981,-22.930135536152516,-13.223833314843763,-14.072054359617255,-25.49092503761155,-19.127105466060897,4.623941828214372,29,-16.88616668463813,-14.5541032975077,-11.010295269495717,-10.489874455475134,-13.360225955085207,-10.351519758609864,-14.406195209578497,-9.618491406883734,-8.997892960089104,-17.946300579357825,-12.762106557672093,2.970693465602406,9,19.127105466060897,4.623941828214372,12.762106557672093,2.970693465602406,0.30704508081310744,0.19824202095092713
GTB,10,20000,63.946522482236226,0.238028621673584,0.011625281953828477,0.003747892379760742,0.0006929164197279592,0.03,squared_error,2,1,100,0.7,"{'learning_rate': 0.03, 'loss': 'squared_error', 'max_depth': 2, 'min_samples_leaf': 1, 'n_estimators': 100, 'subsample': 0.7}",0.004935393320481873,0.17895194262498582,0.3000987614048747,0.5007634582874035,0.14472118565185188,0.43518904048518825,0.17239190938785942,0.4343825355649342,0.5950958070533978,0.36490757714642286,0.31314376109274,0.17559007719931982,15,-27.712388396767636,-19.666864220134837,-17.56995078892448,-15.907270080100835,-17.60622428760876,-15.25996822415032,-23.749644558115175,-15.273973100289124,-13.148329444892957,-25.383194841166944,-19.12778079421511,4.638504416581797,30,-18.413819456857443,-13.43072211001945,-11.522186652782054,-11.890943177560947,-13.701718263091575,-10.418992159808761,-15.629721779370016,-11.87111523124928,-10.055005925158511,-18.233347839388525,-13.516757259528656,2.8573286209000455,156,19.12778079421511,4.638504416581797,13.516757259528656,2.8573286209000455,0.31314376109274,0.17559007719931982
GTB,10,20000,63.946522482236226,0.6964282989501953,0.1105379526292533,0.004528355598449707,0.0012132319163646957,0.05,huber,3,5,100,1.0,"{'learning_rate': 0.05, 'loss': 'huber', 'max_depth': 3, 'min_samples_leaf': 5, 'n_estimators': 100, 'subsample': 1.0}",0.011781858145810675,0.025481977371399123,0.1985449768336014,0.5563744573574065,0.1391629593108613,0.40845612901197625,0.17445763193647623,0.5670118362685002,0.5185898864203081,0.4404291702609736,0.30402908829173136,0.20651340716718045,43,-27.616887372213622,-21.426230276905027,-18.801467211921324,-14.995147549853485,-17.66334069342997,-15.616925956713306,-23.719986300271216,-13.363758795131565,-14.336794000807778,-23.826231171119804,-19.13667693283671,4.564472862270861,31,-17.78461263936365,-14.710041613955749,-11.1860009654211,-10.890201518612526,-12.800738356477726,-10.13158860328896,-14.897031356865963,-10.118588773324099,-9.291611926904574,-16.769010488928767,-12.85794262431431,2.8545249957866705,23,19.13667693283671,4.564472862270861,12.85794262431431,2.8545249957866705,0.30402908829173136,0.20651340716718045
GTB,10,20000,63.946522482236226,0.2327707290649414,0.006105378837732788,0.0038049697875976564,0.000292925878861251,0.1,squared_error,2,1,100,0.7,"{'learning_rate': 0.1, 'loss': 'squared_error', 'max_depth': 2, 'min_samples_leaf': 1, 'n_estimators': 100, 'subsample': 0.7}",0.0020766053842327103,0.06150137990290727,0.32712233840636395,0.5232764156609199,0.13311197015951204,0.48765490062059924,0.14480261708519293,0.510043053810336,0.5473870517635446,0.36885390307301713,0.31058302358666257,0.1980705474555591,21,-27.752168236599257,-21.02653205954598,-17.227419110487613,-15.544465402279847,-17.725311492709825,-14.533940067058358,-24.142260516736343,-14.21574339955306,-13.901380386289878,-25.304209129138968,-19.13734298003991,4.81915826384366,32,-18.107352157687302,-14.662323663248753,-11.279191443910612,-11.106846316936993,-13.897653482867941,-9.712382813087151,-16.88907438017415,-10.533048100936112,-9.880871582546918,-18.66333265698391,-13.473207659837986,3.2830105498334508,147,19.13734298003991,4.81915826384366,13.473207659837986,3.2830105498334508,0.31058302358666257,0.1980705474555591
GTB,10,20000,63.946522482236226,0.8063763856887818,0.13916356082987205,0.005155801773071289,0.0014044721864566365,0.03,huber,3,1,100,1.0,"{'learning_rate': 0.03, 'loss': 'huber', 'max_depth': 3, 'min_samples_leaf': 1, 'n_estimators': 100, 'subsample': 1.0}",0.019685286499443233,0.10939619304624115,0.21671186636533768,0.546123489134382,0.13850706237335952,0.3735931218583488,0.20323180090959114,0.519842764967812,0.5189726798970058,0.4234955695252529,0.3069559834576774,0.18284611296531145,36,-27.506230502246513,-20.482978262258598,-18.587155732906584,-15.167406469039184,-17.670068520276967,-16.07053483803857,-23.302941583757864,-14.072859594649618,-14.331092913053253,-24.18405614333319,-19.137532455956034,4.370822324101579,33,-16.633566219014817,-13.926361438330245,-11.151372040389617,-10.995586554614983,-13.401181174029993,-10.544151366339207,-14.788658670019217,-10.639123128658104,-9.236665166937835,-16.47161053240787,-12.77882762907419,2.493728582638073,11,19.137532455956034,4.370822324101579,12.77882762907419,2.493728582638073,0.3069559834576774,0.18284611296531145
GTB,10,20000,63.946522482236226,2.878187823295593,0.48369142361074724,0.005383825302124024,0.0014716382119373862,0.05,huber,3,5,500,0.7,"{'learning_rate': 0.05, 'loss': 'huber', 'max_depth': 3, 'min_samples_leaf': 5, 'n_estimators': 500, 'subsample': 0.7}",0.05852466384325017,-0.005288220400507804,0.20116009475005736,0.5627163934168377,0.15220849040652207,0.37753871889219415,0.1783038319223772,0.5572623954478786,0.586827343125924,0.382935064312644,0.30521887757171773,0.20688758523046888,38,-26.955835115760323,-21.761865777141946,-18.7707679048539,-14.887578684820376,-17.52899044477269,-16.019842532056817,-23.66466611019551,-13.513374778027393,-13.281900628016784,-25.0203425971349,-19.14051645727806,4.685497646413813,34,-17.50364255241589,-14.875270714192087,-11.746757527676673,-10.720864813354593,-13.020594486319832,-10.871567875665951,-14.790782794677508,-10.292707176028186,-8.538322408048572,-18.164994336337553,-13.052550468471685,3.0362413143496787,61,19.14051645727806,4.685497646413813,13.052550468471685,3.0362413143496787,0.30521887757171773,0.20688758523046888
GTB,10,20000,63.946522482236226,1.2901143074035644,0.19317778931030335,0.004418396949768066,0.00045863387288653775,0.05,huber,2,5,300,1.0,"{'learning_rate': 0.05, 'loss': 'huber', 'max_depth': 2, 'min_samples_leaf': 5, 'n_estimators': 300, 'subsample': 1.0}",0.020152167741679605,-0.055231058498131036,0.35142283249814144,0.4940300432815605,0.20538166228572174,0.516283032122097,0.13963527056287062,0.6218731994915544,0.4689142802678924,0.3424540774574937,0.310491550721088,0.21426145681370928,22,-27.499679711825873,-22.295879735847237,-16.91348068980033,-16.01418483594777,-16.970383802673823,-14.122049605387748,-24.215087883650078,-12.488473197047004,-15.058327981146101,-25.82800502889643,-19.14055524722224,5.058139693273235,35,-17.50455847687282,-15.457338160458807,-9.911468248086916,-11.523558673658162,-12.071219951684176,-10.35443249581041,-15.384977945887993,-9.128568681235196,-9.230297339555026,-17.890060145056058,-12.845648011830557,3.232202443268224,20,19.14055524722224,5.058139693273235,12.845648011830557,3.232202443268224,0.310491550721088,0.21426145681370928
GTB,10,20000,63.946522482236226,0.5788502931594849,0.017050449017611408,0.0036667585372924805,7.074416004897998e-05,0.03,huber,3,1,100,0.7,"{'learning_rate': 0.03, 'loss': 'huber', 'max_depth': 3, 'min_samples_leaf': 1, 'n_estimators': 100, 'subsample': 0.7}",0.03806006046003185,0.08067511502782787,0.24360526053145348,0.5608523073702587,0.19943071211463426,0.3967738766902218,0.15517060629236878,0.49791787099207385,0.5736141757147718,0.3598651014783212,0.31059650866719635,0.18571276729866876,20,-27.24722612809894,-20.810635305899673,-18.2652833551447,-14.91927689463186,-17.033811443514498,-15.770379419442463,-23.99546985533121,-14.390570049087554,-13.492605390039436,-25.48376373553257,-19.14090215767229,4.702735502869057,36,-17.01431955138629,-14.289802172599021,-10.836307925318634,-11.097605935448325,-12.635904851369842,-10.205803368556492,-15.204859543812425,-10.578397265939449,-9.207066849634009,-17.7577934484062,-12.882786091247066,2.8571004979652215,30,19.14090215767229,4.702735502869057,12.882786091247066,2.8571004979652215,0.31059650866719635,0.18571276729866876
GTB,10,20000,63.946522482236226,0.540700626373291,0.012392154126682577,0.0037009477615356444,9.889012057455958e-05,0.03,huber,3,5,100,0.7,"{'learning_rate': 0.03, 'loss': 'huber', 'max_depth': 3, 'min_samples_leaf': 5, 'n_estimators': 100, 'subsample': 0.7}",0.05363054123048039,0.06974272501845868,0.24919074313083955,0.5719126525509237,0.14108304266765015,0.38875267500833544,0.20500035386692295,0.5214160446835858,0.5223894161332245,0.3529712299628165,0.3076089424253238,0.1825102933859783,34,-27.02580729286694,-20.93400714306886,-18.197719784021732,-14.730200820227383,-17.643630796101572,-15.874883889198092,-23.277064935365768,-14.049785162893512,-14.280105346262793,-25.620618737657153,-19.16338239076638,4.552755916870633,37,-16.787898116726836,-14.186403509007945,-10.930271350587374,-10.83563789101286,-13.427474271186917,-10.210967291365797,-14.788087335286919,-10.376325742435833,-9.37819801302295,-17.887273295957716,-12.880853681659115,2.8218302133756166,28,19.16338239076638,4.552755916870633,12.880853681659115,2.8218302133756166,0.3076089424253238,0.1825102933859783
GTB,10,20000,63.946522482236226,1.3018060684204102,0.2451455704322098,0.005055475234985352,0.0012755683949106948,0.03,huber,2,5,300,0.7,"{'learning_rate': 0.03, 'loss': 'huber', 'max_depth': 2, 'min_samples_leaf': 5, 'n_estimators': 300, 'subsample': 0.7}",-0.002843166372103356,0.021781838648508245,0.2813832135282519,0.594303685895466,0.09974933764954097,0.38891162494414433,0.16512867830006572,0.5803625005663571,0.5608345879232949,0.3535064414867676,0.3043118742570293,0.21716152557458215,40,-27.820493354964828,-21.466868269543053,-17.80331364563006,-14.339796979779077,-18.063175338347225,-15.87281968724985,-23.85363238747807,-13.156118037324706,-13.693312026499738,-25.610020068876192,-19.16795497956928,4.969636880232561,38,-17.549500183804312,-14.668428047209085,-10.558838785952377,-10.260171853960745,-13.647817866331788,-10.286180663183169,-14.551078240355064,-9.656589275657726,-9.0336708337762,-17.700197389829306,-12.791247314005977,3.0936079016775357,13,19.16795497956928,4.969636880232561,12.791247314005977,3.0936079016775357,0.3043118742570293,0.21716152557458215
GTB,10,20000,63.946522482236226,0.31899945735931395,0.005251527448259317,0.0038491249084472655,0.0005898681990114299,0.03,squared_error,3,1,100,0.7,"{'learning_rate': 0.03, 'loss': 'squared_error', 'max_depth': 3, 'min_samples_leaf': 1, 'n_estimators': 100, 'subsample': 0.7}",0.030055553461596052,0.16518357494069058,0.2526800116765032,0.5141459750073001,0.15623171938802105,0.3996101124032597,0.17461177815827666,0.49490525798041474,0.5483827895405793,0.3601884566729502,0.30959952292295917,0.16965849917135417,25,-27.360356254965208,-19.831078018204387,-18.155385012994536,-15.69261695882583,-17.48734871546926,-15.733261321067735,-23.717771685306538,-14.43367891318281,-13.886080612904292,-25.47732653902638,-19.177490403194696,4.5398200409910725,39,-17.9198942592638,-13.40554222975304,-11.968573591411529,-11.581145214787531,-13.522989087465854,-10.610429069632488,-15.361496740300902,-11.08520279053802,-9.898917489279892,-18.34819832280071,-13.370238879523376,2.8199763322443006,126,19.177490403194696,4.5398200409910725,13.370238879523376,2.8199763322443006,0.30959952292295917,0.16965849917135417
GTB,10,20000,63.946522482236226,1.2298248052597045,0.19662986493591353,0.004671120643615722,0.0007475129649976446,0.05,huber,2,1,300,0.7,"{'learning_rate': 0.05, 'loss': 'huber', 'max_depth': 2, 'min_samples_leaf': 1, 'n_estimators': 300, 'subsample': 0.7}",0.047240405778404715,0.029022482920872728,0.290834938182136,0.5458185968497239,0.15185473320049425,0.44381848331326657,0.015279517737059267,0.5552622157473885,0.5455533435083655,0.4146213415417259,0.30393060587794374,0.21446732524884635,45,-27.11689646595084,-21.387273217090982,-17.685845617537108,-15.17249997877635,-17.532647216441703,-15.142945097388525,-25.906052191629502,-13.543865432770781,-13.929511828081802,-24.369479890496837,-19.178701693616446,4.864921576457495,40,-17.247580558662456,-14.41239319857741,-9.725781823968449,-11.029953082075227,-12.61513363214099,-10.130129420279404,-16.381150111941942,-9.648486764354482,-8.805861653703584,-17.359262218282044,-12.735573246398598,3.187196722228732,5,19.178701693616446,4.864921576457495,12.735573246398598,3.187196722228732,0.30393060587794374,0.21446732524884635
GTB,10,20000,63.946522482236226,1.8599169731140137,0.2853049602437276,0.004665398597717285,0.0008892589938069537,0.03,huber,3,1,300,0.7,"{'learning_rate': 0.03, 'loss': 'huber', 'max_depth': 3, 'min_samples_leaf': 1, 'n_estimators': 300, 'subsample': 0.7}",0.03326560120989974,0.04319214573783803,0.2175843611273478,0.6030809181482732,0.18499804142969367,0.3719653565063833,0.08661289780387804,0.5504675613087417,0.5654768036554424,0.38288864693517477,0.30395323338626723,0.2096694045817212,44,-27.31504394975677,-21.23064538340363,-18.57680084951792,-14.183828150031868,-17.186668450750677,-16.0914015372103,-24.950094093811625,-13.616676954192505,-13.620746899876329,-25.0212836300634,-19.179318989861503,4.883573630609767,41,-17.113574468293784,-14.50454927985835,-10.866698402899594,-10.645651621740134,-12.53825382993123,-10.300606926866562,-16.02904116923973,-10.049326670706938,-8.791365355304238,-17.77277026388226,-12.86118379887228,3.081555347702004,25,19.179318989861503,4.883573630609767,12.86118379887228,3.081555347702004,0.30395323338626723,0.2096694045817212
GTB,10,20000,63.946522482236226,2.5340692043304442,0.39353712072055164,0.0058069944381713865,0.0009133766665708827,0.05,squared_error,5,5,500,0.7,"{'learning_rate': 0.05, 'loss': 'squared_error', 'max_depth': 5, 'min_samples_leaf': 5, 'n_estimators': 500, 'subsample': 0.7}",0.06491285945138892,0.14117731694746194,0.1623151331363264,0.49981809031248936,-0.007571821497784459,0.43452860892327505,0.19145242154602538,0.5988878784839307,0.6248430643628953,0.3147597408998598,0.30251232925658683,0.21421196540040482,50,-26.864227698142233,-20.114191644651527,-19.221731166810375,-15.922324177688619,-19.109546445285833,-15.2688873324904,-23.4745643300935,-12.862444366619496,-12.656130086608275,-26.366303876033925,-19.18603511244242,4.882563859148385,42,-17.808286824991637,-13.669097151069472,-11.40341428750186,-12.003664752568476,-15.075400238724855,-10.347709182374642,-15.010618231903969,-9.639650212555987,-8.938209010262032,-18.47375701604277,-13.23698069079957,3.157279138578965,85,19.18603511244242,4.882563859148385,13.23698069079957,3.157279138578965,0.30251232925658683,0.21421196540040482
GTB,10,20000,63.946522482236226,1.3481009244918822,0.2529413671946587,0.0052177667617797855,0.0018481332628829978,0.03,huber,2,1,300,0.7,"{'learning_rate': 0.03, 'loss': 'huber', 'max_depth': 2, 'min_samples_leaf': 1, 'n_estimators': 300, 'subsample': 0.7}",0.005566129822297539,0.060888242679648874,0.2847524943094982,0.5749651203977924,0.15903816782959246,0.40310239019047156,0.08822294373887951,0.563222521578216,0.5367255026669763,0.375302750866791,0.3051786264080164,0.20634468368837322,39,-27.70360404973113,-21.03339943485573,-17.761528622596217,-14.677590173762875,-17.458242253073266,-15.687436888737517,-24.92809437673329,-13.422108168746897,-14.06415476900841,-25.174602073735876,-19.19107608109812,4.917651111428073,43,-17.855818110946796,-14.328889265131316,-10.650332580387502,-10.57342046358648,-12.929779475616806,-10.146593161852792,-15.786329536794602,-9.930505132661233,-8.636501514616853,-17.56483244782848,-12.840300168942287,3.18918810855463,19,19.19107608109812,4.917651111428073,12.840300168942287,3.18918810855463,0.3051786264080164,0.20634468368837322
GTB,10,20000,63.946522482236226,1.5118549823760987,0.26732269099283346,0.004924583435058594,0.0007030951107656412,0.05,squared_error,5,5,300,0.7,"{'learning_rate': 0.05, 'loss': 'squared_error', 'max_depth': 5, 'min_samples_leaf': 5, 'n_estimators': 300, 'subsample': 0.7}",0.06369562574938026,0.1346814705286098,0.16541270620481308,0.4973496074158059,-0.0016234187194357208,0.43343196002022133,0.18766621613957857,0.6012359361094421,0.624733320510765,0.3153886396406431,0.3021972063599824,0.2140125197440252,52,-26.881707036246222,-20.190116842987507,-19.186159400357862,-15.961565512167029,-19.053054419547145,-15.283686045778282,-23.529462593398076,-12.824741579689178,-12.657981086518358,-26.35420188594855,-19.19226764026382,4.890847537064315,44,-17.82464551308534,-13.690274372220824,-11.35257116139297,-12.047376663527713,-15.046142717993794,-10.362974850871144,-15.076963641532805,-9.584156518271369,-8.944970746852242,-18.44354215875029,-13.237361834449848,3.1624289624945128,86,19.19226764026382,4.890847537064315,13.237361834449848,3.1624289624945128,0.3021972063599824,0.2140125197440252
GTB,10,20000,63.946522482236226,0.5210395336151123,0.07709017098890482,0.005052042007446289,0.001411459372493773,0.05,huber,2,5,100,1.0,"{'learning_rate': 0.05, 'loss': 'huber', 'max_depth': 2, 'min_samples_leaf': 5, 'n_estimators': 100, 'subsample': 1.0}",0.012395369836886383,0.08679962950762687,0.2830175953479457,0.5334843048659919,0.1817947809324464,0.42305846824623505,0.13911930720208043,0.5601053940816174,0.49476493017998,0.36429242358195935,0.307883220378277,0.18629891568283694,31,-27.608313397965773,-20.741199557562393,-17.783056690933883,-15.377141170058147,-17.22041032495113,-15.422968562754523,-24.222347726524333,-13.469917457397003,-14.687273577360557,-25.39548500789486,-19.19281134734026,4.740124366738165,45,-17.44818186764932,-14.57697771566906,-10.81283625227279,-11.219591341915498,-12.733814489942738,-10.410445351053147,-15.191820059977488,-9.98228993552341,-9.574440726399489,-17.234729251800093,-12.918512699220305,2.8375165986806734,33,19.19281134734026,4.740124366738165,12.918512699220305,2.8375165986806734,0.307883220378277,0.18629891568283694
GTB,10,20000,63.946522482236226,1.37949481010437,0.21254684505697197,0.00478365421295166,0.001115135105688037,0.03,huber,2,1,300,1.0,"{'learning_rate': 0.03, 'loss': 'huber', 'max_depth': 2, 'min_samples_leaf': 1, 'n_estimators': 300, 'subsample': 1.0}",0.05138619586734783,0.03994333552476381,0.2652947496422028,0.5671070445714705,0.17138500787524724,0.41054162475444445,0.1334492285810247,0.567798482387582,0.4196039916492743,0.4085886595033549,0.3035098320356713,0.1887269975968824,47,-27.057834597762188,-21.266658824556934,-18.00150169801237,-14.812648966805115,-17.329609086148164,-15.589372811001255,-24.301985480931407,-13.351613742478392,-15.741881856135597,-24.494729158950644,-19.194783622278205,4.510689802260968,46,-17.267647556110276,-14.722975790133027,-10.645032753715205,-10.539654642102395,-12.623815080957804,-10.551706632038044,-15.285353690886291,-9.75337362705937,-9.95297504789948,-17.1830287628787,-12.852556358378061,2.8503404265078554,22,19.194783622278205,4.510689802260968,12.852556358378061,2.8503404265078554,0.3035098320356713,0.1887269975968824
GTB,10,20000,63.946522482236226,1.2750903844833374,0.16335372218583857,0.004749894142150879,0.0017585215592935233,0.05,huber,5,1,100,0.7,"{'learning_rate': 0.05, 'loss': 'huber', 'max_depth': 5, 'min_samples_leaf': 1, 'n_estimators': 100, 'subsample': 0.7}",0.024398308452148187,0.11940714228814764,0.04637284919917006,0.5523471239266222,0.19506547406501995,0.44435723071641875,0.13101942675936395,0.552039824291314,0.541244912385682,0.4090693473282033,0.301532163941209,0.2075033498977659,53,-27.44003050781033,-20.36753211778664,-20.50885751139943,-15.063058447988242,-17.080188164344413,-15.135609183947139,-24.336032922365792,-13.592843579941988,-13.995386192657888,-24.484772711778295,-19.200431134002017,4.711022874794892,47,-17.15667941938879,-13.68936007602952,-12.772293836825025,-11.423976069596387,-12.318974041062427,-10.278922581426214,-15.11522894171842,-9.898282269258768,-8.81626419616025,-17.23820214254688,-12.870818357401268,2.7847967857137763,27,19.200431134002017,4.711022874794892,12.870818357401268,2.7847967857137763,0.301532163941209,0.2075033498977659
GTB,10,20000,63.946522482236226,0.2869095802307129,0.05836544994973157,0.004311943054199218,0.0008996962515358046,0.05,squared_error,2,1,100,0.7,"{'learning_rate': 0.05, 'loss': 'squared_error', 'max_depth': 2, 'min_samples_leaf': 1, 'n_estimators': 100, 'subsample': 0.7}",-0.014769921113274798,0.17102356237042127,0.34601129490471094,0.526937179518554,0.08114072082320622,0.4028555309228753,0.11934082285877701,0.41863082361798054,0.5923696491564946,0.39694088325191323,0.3040480546311658,0.19215511480554942,42,-27.98543812971829,-19.76159178247195,-16.983894676729122,-15.48466735241666,-18.24890774048627,-15.69068048429122,-24.499018352038437,-15.485192808745857,-13.192518034784385,-24.734763453474315,-19.20666728151565,4.669436982999438,48,-18.617660685711847,-13.556339208672684,-10.82949504055838,-11.531557264448496,-14.263301271617674,-10.670836408766089,-16.71014604443241,-11.417947318201751,-9.580143801467843,-18.261987614984687,-13.543941465886187,3.1376624282074004,160,19.20666728151565,4.669436982999438,13.543941465886187,3.1376624282074004,0.3040480546311658,0.19215511480554942
GTB,10,20000,63.946522482236226,3.168234920501709,0.5183005392964416,0.005528807640075684,0.0012192105235785697,0.05,huber,3,1,500,0.7,"{'learning_rate': 0.05, 'loss': 'huber', 'max_depth': 3, 'min_samples_leaf': 1, 'n_estimators': 500, 'subsample': 0.7}",0.03878500567811016,0.0024663008290555233,0.28525869919063007,0.5550400279930463,0.10334200808765204,0.46549636723051724,0.11196281522630724,0.48434131446188067,0.5356232383882178,0.4193846073037879,0.30017003843892043,0.2066872321776906,57,-27.236957051810585,-21.677770720419677,-17.75524229249322,-15.01768338057629,-18.027096547647826,-14.844904305501315,-24.60142853833624,-14.58383643080379,-14.080876178530188,-24.2701293185041,-19.209592476462326,4.6157209702611,49,-17.226176851147507,-14.341665988504483,-10.704851953705267,-11.264964607340199,-13.617322038694327,-10.07146637971005,-15.81903906405139,-10.422075461597846,-8.77040923545213,-17.512466100928858,-12.975043768113204,2.9955687743319848,43,19.209592476462326,4.6157209702611,12.975043768113204,2.9955687743319848,0.30017003843892043,0.2066872321776906
GTB,10,20000,63.946522482236226,1.3430372476577759,0.2400808630508357,0.004984760284423828,0.0011157332160530071,0.1,huber,2,5,300,0.7,"{'learning_rate': 0.1, 'loss': 'huber', 'max_depth': 2, 'min_samples_leaf': 5, 'n_estimators': 300, 'subsample': 0.7}",0.005849071040639475,-0.04265378356596261,0.26504666065559723,0.5584605452830018,0.017857123165438638,0.5054515785653375,0.18001785153002703,0.5648991545777025,0.574132116272946,0.3492002666690234,0.29782605841937515,0.23576768843982565,63,-27.699662586473362,-22.162609392738528,-18.004540738067615,-14.959849698590908,-18.866863545829382,-14.27928565600537,-23.639971534609423,-13.396322055336295,-13.484408012581056,-25.695170330912763,-19.21886835511447,5.029924647895798,50,-18.213837926722984,-15.067690455025431,-10.67557783412531,-10.863425136369012,-14.030313740214764,-10.183896303892837,-14.69742700216801,-9.86339989071003,-8.677494317528552,-18.374259389123484,-13.064732199588041,3.3266148286326023,63,19.21886835511447,5.029924647895798,13.064732199588041,3.3266148286326023,0.29782605841937515,0.23576768843982565
GTB,10,20000,63.946522482236226,2.3419007062911987,0.3809331934553679,0.005599570274353027,0.0012020649246928133,0.03,huber,2,1,500,1.0,"{'learning_rate': 0.03, 'loss': 'huber', 'max_depth': 2, 'min_samples_leaf': 1, 'n_estimators': 500, 'subsample': 1.0}",0.051642723491083786,-0.03611844322893032,0.2942047230612289,0.5585964235460799,0.16200284839708445,0.46253295798985194,0.11494686678842236,0.5885784736274822,0.3796734585106931,0.4190610667161222,0.2995121098899118,0.2061712955884659,59,-27.05417581095968,-22.093042737132485,-17.643776101310635,-14.957547667842308,-17.42744192037544,-14.885999180821377,-24.56005994056061,-13.026691302311054,-16.274386353037,-24.2768904881158,-19.220001150246638,4.619530153578467,51,-17.55502851694805,-15.120782115585012,-10.254943641596226,-10.692718399275783,-12.523918555407855,-10.43128740074351,-15.629153294005292,-9.588275484923837,-10.30542553990132,-17.295663414098858,-12.939719636248574,2.9859546547656532,36,19.220001150246638,4.619530153578467,12.939719636248574,2.9859546547656532,0.2995121098899118,0.2061712955884659
GTB,10,20000,63.946522482236226,0.32534844875335694,0.011808166508836654,0.0037240982055664062,0.00010302938282308116,0.1,squared_error,3,1,100,0.7,"{'learning_rate': 0.1, 'loss': 'squared_error', 'max_depth': 3, 'min_samples_leaf': 1, 'n_estimators': 100, 'subsample': 0.7}",0.03087561216650614,0.06134296301549591,0.2247245771074019,0.5038855074045818,0.19269810229742523,0.33588678561596685,0.1781639460176827,0.6252156456193975,0.5288222500776951,0.355904693358002,0.3037520082680155,0.19114805437093565,46,-27.34878763220833,-21.028306605154004,-18.491841927829363,-15.857452846945314,-17.10528676981513,-16.547147288787816,-23.66668036587767,-12.433154844394217,-14.183611501579605,-25.562474084589844,-19.22247438671813,4.73525723885613,52,-17.12046584071576,-13.890594788862423,-11.062202836362014,-11.594015416765675,-13.237566458555625,-11.14033563510667,-15.455940999074436,-8.565551381508692,-9.803312591632704,-18.3818937168159,-13.025187966539992,3.0313571953951852,51,19.22247438671813,4.73525723885613,13.025187966539992,3.0313571953951852,0.3037520082680155,0.19114805437093565
GTB,10,20000,63.946522482236226,2.1607980251312258,0.29834077495390193,0.005091524124145508,0.0010542734732729676,0.03,huber,2,1,500,0.7,"{'learning_rate': 0.03, 'loss': 'huber', 'max_depth': 2, 'min_samples_leaf': 1, 'n_estimators': 500, 'subsample': 0.7}",0.01060398870052437,0.05329222140938239,0.3051474470574985,0.5744009798474634,0.13162684498729216,0.43490293639664956,0.0385590228350996,0.5638064680470739,0.5118582425625036,0.3875297070860091,0.30117278589294966,0.21376677532398036,55,-27.63334092596301,-21.11829261844015,-17.50646632843626,-14.68732758411687,-17.74048821711503,-15.263832691080765,-25.59800175404654,-13.413132872995964,-14.43668300100317,-24.92701827566682,-19.232458426886456,4.955366700455566,53,-17.841497305656258,-14.1900246610089,-10.391832556136922,-10.5085366589679,-13.04453226809438,-10.10152508913192,-16.22126029113776,-9.757511072720428,-8.463474835160527,-17.561105851813437,-12.808130058982844,3.2889995516578363,16,19.232458426886456,4.955366700455566,12.808130058982844,3.2889995516578363,0.30117278589294966,0.21376677532398036
GTB,10,20000,63.946522482236226,0.3148620128631592,0.01131640057303197,0.00402979850769043,0.0006699136452374203,0.03,squared_error,3,5,100,0.7,"{'learning_rate': 0.03, 'loss': 'squared_error', 'max_depth': 3, 'min_samples_leaf': 5, 'n_estimators': 100, 'subsample': 0.7}",-0.012782639769960857,0.12776271627603442,0.1894656586402642,0.5415956069879121,0.14800298557885683,0.40395769280686666,0.15861290285926666,0.4938167021544416,0.6207586012792021,0.3512293323715252,0.30224195591844083,0.19874876610101458,51,-27.95802196715448,-20.27067234652483,-18.907663916195386,-15.242873911696426,-17.572413302009558,-15.676193489892556,-23.946534629551024,-14.449223926534792,-12.724839406292956,-25.655082813955683,-19.240351970980768,4.871743285713957,54,-18.47928436890665,-14.034178317879379,-11.692607882689325,-11.326839208664405,-13.488068886516807,-10.436609910825128,-15.71046653541868,-10.93292686877538,-9.510808181279208,-18.466913741961594,-13.407870390291654,3.072904915294588,135,19.240351970980768,4.871743285713957,13.407870390291654,3.072904915294588,0.30224195591844083,0.19874876610101458
GTB,10,20000,63.946522482236226,2.1085615873336794,0.3896612060701426,0.00601959228515625,0.0030122528268236685,0.05,huber,3,1,300,1.0,"{'learning_rate': 0.05, 'loss': 'huber', 'max_depth': 3, 'min_samples_leaf': 1, 'n_estimators': 300, 'subsample': 1.0}",0.029279068144961173,-0.10779950463805577,0.2996971683639338,0.49811299084896843,0.18624106651308026,0.4008234195189797,0.16929305582350263,0.5770876584145599,0.455427539247504,0.4518435771181183,0.2960006039355552,0.21044279045160666,69,-27.371305678297087,-22.844487204700812,-17.574990755790363,-15.949440360483436,-17.173557063863633,-15.717355880052585,-23.794066493628947,-13.207353305019025,-15.248329841312742,-23.5819693939051,-19.246285597705374,4.486733646342536,55,-17.586947015764874,-15.00842941236048,-10.495539942032378,-11.467181458592304,-12.727460350245027,-10.82554877992256,-15.094168388827747,-9.139078189330563,-9.734837632437646,-16.50731506844593,-12.858650623795949,2.838190387291189,24,19.246285597705374,4.486733646342536,12.858650623795949,2.838190387291189,0.2960006039355552,0.21044279045160666
GTB,10,20000,63.946522482236226,0.7537118196487427,0.12230055291202846,0.004790735244750976,0.0009507676998922625,0.1,squared_error,2,1,300,0.7,"{'learning_rate': 0.1, 'loss': 'squared_error', 'max_depth': 2, 'min_samples_leaf': 1, 'n_estimators': 300, 'subsample': 0.7}",0.11326562796623896,-0.10286679772216467,0.3430116423882934,0.4968152773827984,0.10052097835051732,0.4901252706681809,0.15752385482505227,0.5264740514225144,0.5231806158740526,0.3446946694585412,0.29927451906140246,0.20906674084810625,60,-26.160442703831546,-22.79357055502259,-17.022800163395694,-15.970047031916415,-18.055432345252235,-14.498858639840822,-23.9620271972443,-13.975344023358684,-14.268272381196184,-25.78396293101798,-19.249075797207645,4.664390918675308,56,-17.13706355334571,-16.080918387297086,-10.902742934533478,-11.328419282595803,-13.096940539591863,-10.182192285734303,-16.61802940982206,-10.319882891323912,-9.523141739110763,-18.757741202895907,-13.39470722262509,3.2512276722234565,132,19.249075797207645,4.664390918675308,13.39470722262509,3.2512276722234565,0.29927451906140246,0.20906674084810625
GTB,10,20000,63.946522482236226,0.44786155223846436,0.0841132704673952,0.004116225242614746,0.0008715221371808069,0.03,huber,2,1,100,0.7,"{'learning_rate': 0.03, 'loss': 'huber', 'max_depth': 2, 'min_samples_leaf': 1, 'n_estimators': 100, 'subsample': 0.7}",0.016759636575505832,0.0807153587873991,0.30771735477854545,0.5149553173089313,0.15416766011469596,0.4007253002761144,0.1809262961756466,0.48654951734128893,0.5582638318596734,0.3416393835914051,0.3042419656809206,0.17978382367941967,41,-27.547244703180723,-20.8101798045948,-17.474062562551474,-15.679541022707093,-17.508724772060848,-15.718642739368171,-23.626872739094512,-14.552576780421294,-13.733332026013604,-25.84400041636226,-19.249517756635477,4.667122774019477,57,-17.34460406036847,-14.126281916587978,-10.852421880403957,-11.491591565157862,-13.315330214108084,-10.255903211177566,-14.967620984472436,-10.919632385719126,-9.179130668000772,-17.823840631865213,-13.027635751786146,2.8411492183373976,52,19.249517756635477,4.667122774019477,13.027635751786146,2.8411492183373976,0.3042419656809206,0.17978382367941967
GTB,10,20000,63.946522482236226,0.7432471513748169,0.12482754916093065,0.004825019836425781,0.000833951534591149,0.05,huber,3,1,100,0.7,"{'learning_rate': 0.05, 'loss': 'huber', 'max_depth': 3, 'min_samples_leaf': 1, 'n_estimators': 100, 'subsample': 0.7}",-0.0027287838383165397,0.046926361420795204,0.20852482952852436,0.5349680904998853,0.1691572074454586,0.4012492722870056,0.1742525247313903,0.49144937181749193,0.5332011582667482,0.4280733149013981,0.2985073347060381,0.19231965791144193,61,-27.818906731367317,-21.189175555929285,-18.684040998680825,-15.352667660830544,-17.352889497610825,-15.711769489139543,-23.72293274986161,-14.482972753865162,-14.11754969211653,-24.08784777709023,-19.252075290649188,4.486564689447917,58,-17.33994606737281,-14.344618000864958,-11.33656672981892,-11.500096315643699,-13.128915503000307,-10.201886604708642,-14.905826696896673,-10.425612765978782,-9.043552329299073,-17.380692230311627,-12.96077132438955,2.8034640580818926,40,19.252075290649188,4.486564689447917,12.96077132438955,2.8034640580818926,0.2985073347060381,0.19231965791144193
GTB,10,20000,63.946522482236226,0.5516296625137329,0.08107167584564792,0.004867005348205567,0.0009388750674924568,0.05,squared_error,5,5,100,0.7,"{'learning_rate': 0.05, 'loss': 'squared_error', 'max_depth': 5, 'min_samples_leaf': 5, 'n_estimators': 100, 'subsample': 0.7}",0.035597799595518786,0.14829894681501932,0.1386373308880008,0.49642999379881914,0.009514887873805278,0.4249745495212942,0.15254476462773003,0.5942465691363923,0.6330765116427954,0.33818794295760646,0.2971509296856982,0.21867460401795,67,-27.28207596566715,-20.030621410409225,-19.49149662135279,-15.976159915822349,-18.946820857782836,-15.3973366429807,-24.03273147369898,-12.93664666248865,-12.516479634231226,-25.911655156345592,-19.25220243407795,4.932400473392561,59,-18.124527800196702,-13.532252968938796,-11.671469527802406,-12.089567474859184,-14.844011866899173,-10.287581015959987,-15.416218631743849,-9.733378067037927,-8.961023514382155,-18.311155887695392,-13.297118675551559,3.162963794876977,104,19.25220243407795,4.932400473392561,13.297118675551559,3.162963794876977,0.2971509296856982,0.21867460401795
GTB,10,20000,63.946522482236226,3.1743700981140135,0.49321161397481034,0.0055999755859375,0.001044785148814771,0.03,huber,3,1,500,0.7,"{'learning_rate': 0.03, 'loss': 'huber', 'max_depth': 3, 'min_samples_leaf': 1, 'n_estimators': 500, 'subsample': 0.7}",0.05967884248630562,0.02452612251999875,0.20003395164798954,0.5913026665047822,0.15438372025498193,0.39970428057121765,0.046052180508577845,0.5506941574873616,0.5681982985200938,0.3776215289206337,0.29721957494219425,0.2156039869339805,65,-26.93930712556619,-21.436735647820512,-18.78399403816365,-14.39273647840302,-17.50648840738067,-15.732027430787362,-25.49805539373539,-13.61324463694271,-13.578025340225983,-25.127836552739225,-19.260845105176468,4.905748476590299,60,-16.89251342389321,-14.476876244315758,-10.90175858269992,-10.917842861205461,-12.778654101304268,-10.15869532334351,-16.47763983735106,-9.953730914216889,-8.595204891750427,-17.879729317619482,-12.903264549769997,3.141448085381811,32,19.260845105176468,4.905748476590299,12.903264549769997,3.141448085381811,0.29721957494219425,0.2156039869339805
GTB,10,20000,63.946522482236226,0.310761547088623,0.033328825392821115,0.003833627700805664,0.0006542406013055753,0.05,squared_error,3,5,100,0.7,"{'learning_rate': 0.05, 'loss': 'squared_error', 'max_depth': 3, 'min_samples_leaf': 5, 'n_estimators': 100, 'subsample': 0.7}",0.016981015532754884,0.1058328161963239,0.1862790561240646,0.5636298416041222,0.030370114425134154,0.3676265868775609,0.18420401328744962,0.5336056392845829,0.6296110180860389,0.3403930830253883,0.29585331844434204,0.21344573027077762,70,-27.544143364057927,-20.52391437066435,-18.94479504272661,-14.872021114413325,-18.746291641283186,-16.14688949273597,-23.57955109029467,-13.869706195187405,-12.575448116188184,-25.868450666398697,-19.26712110939503,4.853882084536134,61,-18.267655109980478,-14.07277090850163,-11.38550735398677,-11.260380030341166,-14.717424937680034,-10.628499672711188,-15.283624921091242,-10.412012724913296,-8.90367678818045,-18.761173543737815,-13.369272599112406,3.219090508047843,125,19.26712110939503,4.853882084536134,13.369272599112406,3.219090508047843,0.29585331844434204,0.21344573027077762
GTB,10,20000,63.946522482236226,0.5796314477920532,0.09569872577195507,0.005161166191101074,0.0008039240042485435,0.1,huber,2,1,100,1.0,"{'learning_rate': 0.1, 'loss': 'huber', 'max_depth': 2, 'min_samples_leaf': 1, 'n_estimators': 100, 'subsample': 1.0}",-0.0449659383722405,0.05995284238185916,0.37894497120774784,0.5703026734181493,0.2205227539875667,0.4334922009031934,0.1315214842019411,0.5364044482139401,0.3920122342083878,0.35488481686406936,0.3033072487014615,0.1938293242614806,48,-28.39876047774769,-21.04387196443327,-16.550731963595982,-14.757873981304122,-16.807924704717088,-15.282873497988392,-24.329001780300374,-13.82802787162909,-16.11171831271788,-25.582704207480017,-19.26934887619139,4.9114877075908545,62,-18.11270562313509,-14.427938563755301,-9.990994206218888,-10.726700209954368,-12.116269049038378,-10.476571360812509,-15.271576755591653,-10.205557716344167,-10.197156458342972,-17.85222205920535,-12.937769200239867,3.0639791181333673,35,19.26934887619139,4.9114877075908545,12.937769200239867,3.0639791181333673,0.3033072487014615,0.1938293242614806
GTB,10,20000,63.946522482236226,2.1371912479400637,0.3395627899183559,0.005749416351318359,0.0014784837979399633,0.1,huber,2,5,500,0.7,"{'learning_rate': 0.1, 'loss': 'huber', 'max_depth': 2, 'min_samples_leaf': 5, 'n_estimators': 500, 'subsample': 0.7}",0.023686347183895395,-0.041740079876266156,0.25941621505758505,0.5535247574695925,0.01586237658078027,0.49985213524722527,0.18621658300436594,0.5301726611141326,0.5905846175128086,0.3303394758259376,0.29479150891200573,0.23037950603813817,72,-27.450041087008803,-22.152896438808764,-18.073375157362065,-15.043232322121549,-18.88601326568039,-14.359895559036982,-23.55044773873199,-13.920657820080004,-13.22137179628162,-26.064846221651454,-19.272277740676365,4.984693496652452,63,-18.136060250871402,-15.089335155126188,-10.9180063079018,-11.103999032177095,-14.174248587933388,-10.239447225982245,-14.745062351342606,-10.315357114270329,-8.869559779982445,-18.653076897407185,-13.224415270299465,3.262517552091086,83,19.272277740676365,4.984693496652452,13.224415270299465,3.262517552091086,0.29479150891200573,0.23037950603813817
GTB,10,20000,63.946522482236226,3.9628215789794923,0.5187050590973374,0.005260276794433594,0.0008589453693338462,0.05,huber,5,1,300,0.7,"{'learning_rate': 0.05, 'loss': 'huber', 'max_depth': 5, 'min_samples_leaf': 1, 'n_estimators': 300, 'subsample': 0.7}",0.05534175256672336,0.12064844718867174,0.036850994798288905,0.5527832120145616,0.14295766193339254,0.42664603337430906,0.1239801155796868,0.5377938922276466,0.5382355295389769,0.4117065293920368,0.29469441686142944,0.2055127396231487,73,-27.001362404017993,-20.353171773426617,-20.610992452582263,-15.055719702647941,-17.624366327889422,-15.37494186947216,-24.43440300302356,-13.807290304013279,-14.041215253090192,-24.430076779733543,-19.273353986989697,4.570163654933588,64,-17.131857555214506,-13.882474448715548,-12.843611939532543,-11.524252262382738,-12.706403721767868,-10.526870904804221,-15.333474054410772,-10.124565502835788,-8.702357786425711,-17.25937128132163,-13.003523945741131,2.767326069548933,47,19.273353986989697,4.570163654933588,13.003523945741131,2.767326069548933,0.29469441686142944,0.2055127396231487
GTB,10,20000,63.946522482236226,0.6740329742431641,0.11487924469031806,0.0040752172470092775,0.0006476522285211623,0.03,huber,3,5,100,1.0,"{'learning_rate': 0.03, 'loss': 'huber', 'max_depth': 3, 'min_samples_leaf': 5, 'n_estimators': 100, 'subsample': 1.0}",0.032183154971268224,0.0854107696402221,0.23649287061233137,0.5344085783899766,0.12101996999510634,0.38079635263320377,0.19215152501065724,0.5042492120381561,0.4759473683974109,0.413578479708982,0.2976238281397315,0.17676734960405333,64,-27.330331910304988,-20.75696590859081,-18.35095678192406,-15.361900813487738,-17.84850630318128,-15.97786784229405,-23.46441359891559,-14.299548421157725,-14.958288090240982,-24.39117754832859,-19.27399572184258,4.2810317685403145,65,-17.515257989714986,-14.127823370155157,-11.03458225185123,-11.147346373259808,-13.189053240348127,-10.49597550325949,-14.95428628780787,-10.705744231031845,-9.619372139554827,-16.723401380594574,-12.951284276757793,2.638410264617819,39,19.27399572184258,4.2810317685403145,12.951284276757793,2.638410264617819,0.2976238281397315,0.17676734960405333
GTB,10,20000,63.946522482236226,6.397493314743042,0.6092782547820128,0.006330323219299316,0.0012377172663410574,0.05,huber,5,1,500,0.7,"{'learning_rate': 0.05, 'loss': 'huber', 'max_depth': 5, 'min_samples_leaf': 1, 'n_estimators': 500, 'subsample': 0.7}",0.05191161627013663,0.12370619074921552,0.03959343742844612,0.552303158460274,0.14408239858941385,0.42508336829965965,0.12276440424148127,0.5300103142177518,0.5331506136402597,0.4163892771881452,0.29389947790847837,0.20393691971140795,77,-27.05034013192354,-20.31775421159191,-20.581627962786804,-15.063798126168527,-17.61279789198773,-15.395879665172851,-24.451351751836217,-13.923062725252661,-14.118313990243758,-24.3326522314741,-19.28475786884381,4.543164022764491,66,-17.195164183761708,-13.886703953259158,-12.900462034545793,-11.539226835933713,-12.688686092830014,-10.584536565980924,-15.437798583451785,-10.290175422529868,-8.796222388889936,-17.199148082129444,-13.051812414331234,2.7390609550249176,60,19.28475786884381,4.543164022764491,13.051812414331234,2.7390609550249176,0.29389947790847837,0.20393691971140795
GTB,10,20000,63.946522482236226,0.49359004497528075,0.08594814417514741,0.004320669174194336,0.0007093966419647896,0.05,huber,2,1,100,1.0,"{'learning_rate': 0.05, 'loss': 'huber', 'max_depth': 2, 'min_samples_leaf': 1, 'n_estimators': 100, 'subsample': 1.0}",0.009666439412161498,0.10796082961001241,0.2708894316137894,0.5317446872768982,0.19871664779990428,0.42333298585025414,0.1575114006675602,0.5262196189786537,0.44949504296118503,0.35148724230692185,0.30270243264773405,0.1725108625538985,49,-27.646430469599327,-20.499477563829828,-17.93283120815878,-15.405784851487578,-17.041406367559137,-15.419298884026876,-23.962204309533693,-13.97909809790232,-15.331161450587494,-25.64998289282263,-19.28676760955077,4.630519989922805,67,-17.465082063103303,-14.221682221579048,-10.82833257750453,-11.133462868839839,-12.501837012822994,-10.425465200720645,-14.98331228103482,-10.441389596011323,-9.890080792667954,-17.561758675044118,-12.945240328932858,2.7827545634570843,37,19.28676760955077,4.630519989922805,12.945240328932858,2.7827545634570843,0.30270243264773405,0.1725108625538985
GTB,10,20000,63.946522482236226,0.4294635057449341,0.014967378627278904,0.003718709945678711,0.0001244973423169485,0.1,huber,2,5,100,1.0,"{'learning_rate': 0.1, 'loss': 'huber', 'max_depth': 2, 'min_samples_leaf': 5, 'n_estimators': 100, 'subsample': 1.0}",0.0012391183740755318,0.01381311119578843,0.33583091739044557,0.529516400882314,0.1596021021705999,0.46925461719647343,0.13819646893482374,0.5786010598166483,0.428875042910576,0.34291734817968045,0.29978461870514256,0.19892975457448828,58,-27.763811017102732,-21.554127258833358,-17.115574910090018,-15.442397098031972,-17.45238767499427,-14.792622829374162,-24.235327064010498,-13.183700719114603,-15.615647950599307,-25.818904929262036,-19.297450145141294,4.877880652721357,68,-17.790888711979512,-15.000095100888311,-10.110119689286147,-11.30990815449439,-13.03357327565366,-10.335624200281938,-15.16159189836528,-9.807732343619243,-9.741656371068416,-17.794050076460476,-13.008523982209738,3.0614193500525766,49,19.297450145141294,4.877880652721357,13.008523982209738,3.0614193500525766,0.29978461870514256,0.19892975457448828
GTB,10,20000,63.946522482236226,0.473568058013916,0.08414348301219354,0.004413175582885742,0.0011933084765703525,0.03,huber,2,5,100,0.7,"{'learning_rate': 0.03, 'loss': 'huber', 'max_depth': 2, 'min_samples_leaf': 5, 'n_estimators': 100, 'subsample': 0.7}",0.023005706372548174,0.06992323335753137,0.30703804935756074,0.5276021933909572,0.14148519419001626,0.4022743928936293,0.18010969845862201,0.4975152012279982,0.5586347947356484,0.30578736034143106,0.30133758243259423,0.1836828634817487,54,-27.459607870684646,-20.931976013462048,-17.482633711205295,-15.473779643993298,-17.639499870724936,-15.698313673726345,-23.638647530430706,-14.396339509650879,-13.727564300000415,-26.538359694634995,-19.29867218185136,4.787800700643984,69,-17.316700376581732,-14.09388250381492,-10.562747886753781,-11.362090748724166,-13.595322394165237,-10.388684021949107,-14.892225120526147,-10.688187950057051,-9.336417029435001,-17.956897691863848,-13.0193155723871,2.872990435068556,50,19.29867218185136,4.787800700643984,13.0193155723871,2.872990435068556,0.30133758243259423,0.1836828634817487
GTB,10,20000,63.946522482236226,0.22790985107421874,0.006941914911782565,0.004068803787231445,0.0005818349028207709,0.1,squared_error,2,5,100,0.7,"{'learning_rate': 0.1, 'loss': 'squared_error', 'max_depth': 2, 'min_samples_leaf': 5, 'n_estimators': 100, 'subsample': 0.7}",-0.03631407504922368,0.02390669948402213,0.29814229633569966,0.5730109905664746,0.07940360506471689,0.37186982867347373,0.17667096050646314,0.4639666364178304,0.6908967963094608,0.3017823408132476,0.2943336079122166,0.226335740302418,75,-28.2809514285108,-21.443540699659646,-17.594490684069857,-14.711292143806306,-18.266149497486783,-16.09262528997955,-23.688167606503395,-14.869163158539955,-11.48804672660455,-26.614801542102477,-19.30492287772633,5.234447246441828,70,-18.74146942687118,-15.102678386783337,-11.104804655772234,-10.853971053127275,-14.1380991604749,-10.691947104383988,-15.615723225464281,-10.839691095537363,-8.339232304505755,-19.80351144364936,-13.523112785656968,3.591494218908922,158,19.30492287772633,5.234447246441828,13.523112785656968,3.591494218908922,0.2943336079122166,0.226335740302418
GTB,10,20000,63.946522482236226,0.7615341663360595,0.13756536188766377,0.004858875274658203,0.0013746520349693387,0.1,huber,3,1,100,1.0,"{'learning_rate': 0.1, 'loss': 'huber', 'max_depth': 3, 'min_samples_leaf': 1, 'n_estimators': 100, 'subsample': 1.0}",-0.03944384922188027,-0.007525095496242251,0.2813551698574459,0.5392236716657759,0.11142888881823387,0.4157102850532953,0.21662317940814646,0.5295049603578341,0.4617321616789807,0.42009874554930215,0.29287081176708923,0.20396428818457565,81,-28.323624911699827,-21.786063577293312,-17.803661025071847,-15.282258854979975,-17.94562001328127,-15.520874688614278,-23.10628410652351,-13.930546063019504,-15.159806426123275,-24.25519898717925,-19.31139386537861,4.551004966732172,71,-17.322222551324664,-14.915862376353694,-10.750232208895858,-11.097453503913474,-12.457236770010748,-10.367688280430812,-14.590895527717503,-10.05859866840944,-9.837023505388524,-16.79781238191664,-12.819502577436136,2.711857813318276,17,19.31139386537861,4.551004966732172,12.819502577436136,2.711857813318276,0.29287081176708923,0.20396428818457565
GTB,10,20000,63.946522482236226,1.9171637296676636,0.2643179042892175,0.004572486877441407,0.0006331649593921855,0.03,huber,3,5,300,1.0,"{'learning_rate': 0.03, 'loss': 'huber', 'max_depth': 3, 'min_samples_leaf': 5, 'n_estimators': 300, 'subsample': 1.0}",0.022816443547943988,0.05067173880319964,0.21466752536446987,0.5005037120089385,0.1368067574947922,0.39121792109516884,0.16810209867692472,0.5838936923989867,0.47086527158047187,0.40597674117978755,0.2945521902150684,0.18961891478175247,74,-27.462267472338592,-21.1475000873882,-18.611395678408314,-15.911407714829995,-17.68749738852827,-15.842838730640093,-23.81111676887834,-13.10064763507651,-15.030643469070238,-24.54875902317857,-19.315407396833713,4.484432806987376,72,-17.734410640040032,-14.323577182107766,-10.940648614082075,-11.749180748675245,-12.551806514395906,-10.851276737136198,-15.072644909559077,-9.672583706357779,-9.655768089030477,-17.28413152449168,-12.983602866587622,2.822984309247273,44,19.315407396833713,4.484432806987376,12.983602866587622,2.822984309247273,0.2945521902150684,0.18961891478175247
GTB,10,20000,63.946522482236226,5.593589520454406,0.6481786559262842,0.006091427803039551,0.001162156254025202,0.03,huber,5,5,500,1.0,"{'learning_rate': 0.03, 'loss': 'huber', 'max_depth': 5, 'min_samples_leaf': 5, 'n_estimators': 500, 'subsample': 1.0}",0.035900800521356246,0.07724771632163518,0.21217855038625688,0.5650779570753882,0.00905986107472867,0.41221773590165933,0.17021224837219695,0.5223106409834384,0.5580079496564478,0.36018733680028603,0.29224007970933935,0.20747053227202825,84,-27.277789816341944,-20.849392001248745,-18.64086514152253,-14.847323847015431,-18.95117242309983,-15.567193023783544,-23.780898563359305,-14.036647692659118,-13.737309067918254,-25.477348835708394,-19.31659404126571,4.6609419979283135,73,-18.093909770665952,-14.719168199017735,-11.324780015087246,-11.604666998802118,-13.79075380368402,-10.960999180568626,-16.093371647540597,-9.941974041892346,-8.63075897918875,-17.948630764051394,-13.310901340049877,3.161845602881982,110,19.31659404126571,4.6609419979283135,13.310901340049877,3.161845602881982,0.29224007970933935,0.20747053227202825
GTB,10,20000,63.946522482236226,2.2213196754455566,0.39175144024286057,0.005287718772888183,0.0009659860141091706,0.05,huber,2,1,500,0.7,"{'learning_rate': 0.05, 'loss': 'huber', 'max_depth': 2, 'min_samples_leaf': 1, 'n_estimators': 500, 'subsample': 0.7}",0.07629983022024722,0.008617838273993428,0.2776912613292183,0.5278134373075375,0.13743940834026824,0.46171281324385727,-0.021737434163014102,0.5270828582238208,0.5329302691033831,0.4087318398878481,0.293658212176716,0.21463398931238442,78,-26.700157873714705,-21.610826695781654,-17.84898804286738,-15.470319522802848,-17.681014447790933,-14.89735245383557,-26.38848169453338,-13.966357165270328,-14.12164539268711,-24.491763898737265,-19.31769071880212,4.809776733812141,74,-16.81412420895696,-14.303077776295217,-9.967317734585192,-11.355793822357464,-12.699326157150361,-10.231216212813251,-16.615799819730324,-9.979071467742042,-8.787177998447804,-17.72888078837328,-12.848178598645188,3.1302140845577067,21,19.31769071880212,4.809776733812141,12.848178598645188,3.1302140845577067,0.293658212176716,0.21463398931238442
GTB,10,20000,63.946522482236226,0.23460743427276612,0.0159204837751377,0.003979349136352539,0.0007316002841523438,0.03,squared_error,2,5,100,0.7,"{'learning_rate': 0.03, 'loss': 'squared_error', 'max_depth': 2, 'min_samples_leaf': 5, 'n_estimators': 100, 'subsample': 0.7}",0.0076074074179480755,0.12278466280974942,0.26227225932870557,0.517492998150445,0.09892847720685216,0.3791222408700291,0.17597946267775166,0.47469770407838774,0.5819157830964576,0.35123771187254993,0.2972038707508876,0.18445579059725759,66,-27.675155804824996,-20.328434680912395,-18.038491716031942,-15.638470733452442,-18.07140858288795,-15.999452567443388,-23.698113131164764,-14.719574825250318,-13.360611218277075,-25.654917133309485,-19.318463039355475,4.632318625942387,75,-18.411952937164045,-14.272572598477336,-11.575580595247466,-11.625608574453075,-14.385715947099584,-10.900574818480393,-15.418871781887198,-11.25589523705883,-10.18452847658169,-18.515909337062087,-13.654721030351173,2.9002202396011665,182,19.318463039355475,4.632318625942387,13.654721030351173,2.9002202396011665,0.2972038707508876,0.18445579059725759
GTB,10,20000,63.946522482236226,4.843206167221069,0.609455641984764,0.006332302093505859,0.0012619828587884024,0.05,huber,5,5,500,0.7,"{'learning_rate': 0.05, 'loss': 'huber', 'max_depth': 5, 'min_samples_leaf': 5, 'n_estimators': 500, 'subsample': 0.7}",0.05513595817550665,0.03921327092307447,0.09101662076536499,0.5206967120181127,0.11589888333180287,0.42328913977348825,0.20526894913370408,0.5284593039375964,0.51032641478217,0.41716613129130564,0.29064713841321266,0.1969011452759802,89,-27.00430337571426,-21.27474328709403,-20.023045542612447,-15.586466692954941,-17.900425002960464,-15.419885065389193,-23.27313245711641,-13.946017512536123,-14.459316989627112,-24.316452036140777,-19.320378796214577,4.331591949787535,76,-17.620928773859326,-14.402103326394942,-12.110634207318363,-11.26290553259831,-13.292933928248303,-10.3207201180335,-14.796258525464658,-10.556512981820498,-9.02987692754574,-17.453981033508175,-13.084685535479181,2.812774031120781,66,19.320378796214577,4.331591949787535,13.084685535479181,2.812774031120781,0.29064713841321266,0.1969011452759802
GTB,10,20000,63.946522482236226,2.8987695455551146,0.4727775069299285,0.005763506889343262,0.0012154353764222338,0.05,huber,5,5,300,0.7,"{'learning_rate': 0.05, 'loss': 'huber', 'max_depth': 5, 'min_samples_leaf': 5, 'n_estimators': 300, 'subsample': 0.7}",0.06156389166828513,0.03011043809214886,0.09914688323716003,0.5197520812415728,0.12172839110937672,0.41080362413712046,0.19345717860020084,0.5312047581507517,0.5158876204621536,0.4208162667614205,0.290447113346019,0.1968455705107492,91,-26.91229114573113,-21.37528791586146,-19.933297877813015,-15.60181835989025,-17.841312278854986,-15.585907884401603,-23.4454442095287,-13.905359254376421,-14.376975557689185,-24.24018866738595,-19.321788315153267,4.326400386790352,77,-17.478292018267094,-14.396181817410183,-12.130656270216381,-11.26879827267328,-13.192529557620787,-10.362474629589414,-14.792282798077732,-10.476299814672636,-8.85682328296976,-17.383979592719193,-13.033831805421645,2.805457777984147,55,19.321788315153267,4.326400386790352,13.033831805421645,2.805457777984147,0.290447113346019,0.1968455705107492
GTB,10,20000,63.946522482236226,0.2655040740966797,0.0069171514481997185,0.003984713554382324,0.0005731997821015474,0.05,squared_error,2,5,100,1.0,"{'learning_rate': 0.05, 'loss': 'squared_error', 'max_depth': 2, 'min_samples_leaf': 5, 'n_estimators': 100, 'subsample': 1.0}",0.006824536237679313,0.11765610730674991,0.34280453017906987,0.5789224999012137,0.14417172846887416,0.4285885577707055,0.09481981849559018,0.47052640500845355,0.5189529595579128,0.30176762262209245,0.3005034765548341,0.18941165584448102,56,-27.686069736867484,-20.38777220329403,-17.025483127174873,-14.609100935369502,-17.611878767200608,-15.348874604706984,-24.837750992703317,-14.777901564596293,-14.33138667091641,-26.61508205611353,-19.3231300658943,4.964441302321386,78,-18.0529646552534,-14.018435279791492,-10.519464793921289,-11.00405436670025,-13.414752288677859,-10.304454673736258,-16.58400732525551,-10.87217769544974,-10.321733178674483,-18.423618576194837,-13.35156628336551,3.1123945693058483,116,19.3231300658943,4.964441302321386,13.35156628336551,3.1123945693058483,0.3005034765548341,0.18941165584448102
GTB,10,20000,63.946522482236226,1.0422170400619506,0.18682361241865333,0.004819488525390625,0.0012416794561855246,0.05,huber,5,5,100,0.7,"{'learning_rate': 0.05, 'loss': 'huber', 'max_depth': 5, 'min_samples_leaf': 5, 'n_estimators': 100, 'subsample': 0.7}",0.06396383001447481,0.06566493628668668,0.11311341418594456,0.5161178535344655,0.1598825641676178,0.3840185794569021,0.18055336139817058,0.5270265860719414,0.5152785792845831,0.40420018094746046,0.2929819885348247,0.18478910290775002,80,-26.87785662976349,-20.979839149060897,-19.77817463138604,-15.660739693408079,-17.449475280785094,-15.936240610093307,-23.632250936283615,-13.96718806515174,-14.38601624564023,-24.585440911404717,-19.325322215297724,4.332919885278201,79,-17.2529601405926,-14.139196646473575,-12.15694599963795,-11.31505813670283,-12.652767653621524,-10.610221714701852,-14.879287142828105,-10.584247474519607,-8.933488684135613,-17.47194372970888,-12.999611732292255,2.7325664231278877,46,19.325322215297724,4.332919885278201,12.999611732292255,2.7325664231278877,0.2929819885348247,0.18478910290775002
GTB,10,20000,63.946522482236226,3.4814804077148436,0.5819439193473631,0.005270576477050782,0.0011468767851548667,0.03,huber,3,1,500,1.0,"{'learning_rate': 0.03, 'loss': 'huber', 'max_depth': 3, 'min_samples_leaf': 1, 'n_estimators': 500, 'subsample': 1.0}",0.02728969279524396,-0.10742678313247156,0.21464152557739646,0.5135024338113149,0.19973474720299844,0.4374793539330105,0.1773496427729696,0.5343487555658677,0.45251078744406525,0.44926072567751607,0.2898690881647911,0.20896529555847998,96,-27.399338416374768,-22.840643843180256,-18.611703757047266,-15.70300639995021,-17.030576640331738,-15.228997142040244,-23.67840234076591,-13.858652338037007,-15.289110639512417,-23.6374618964619,-19.32778934137017,4.437822225657185,80,-16.943801681145935,-15.48561405754046,-11.100339873279793,-11.63020193518299,-12.430100026228502,-10.5667755056422,-15.288540522729647,-9.923050466527437,-9.552652677813187,-16.4241703543427,-12.934524710043286,2.6783126011322573,34,19.32778934137017,4.437822225657185,12.934524710043286,2.6783126011322573,0.2898690881647911,0.20896529555847998
GTB,10,20000,63.946522482236226,0.7826319932937622,0.1452506904807401,0.0049618005752563475,0.001323174450168496,0.03,squared_error,2,1,300,0.7,"{'learning_rate': 0.03, 'loss': 'squared_error', 'max_depth': 2, 'min_samples_leaf': 1, 'n_estimators': 300, 'subsample': 0.7}",0.030125416155510787,0.0785069556231448,0.29654309978654425,0.5533520298425434,0.03111823059855423,0.4429422643971799,0.1152266135244121,0.4485686098265407,0.5569570005595281,0.37709269976944093,0.29304329200833995,0.20162356523317362,79,-27.35937088790523,-20.835161022118072,-17.614523975126303,-15.046141924171815,-18.73905841221966,-15.154868644628635,-24.556178173836702,-15.08121594011766,-13.753631353233944,-25.138509729550893,-19.327866006290893,4.647701256259922,81,-17.92594737464691,-14.52612029699399,-11.23525646715936,-11.177187281354975,-14.04920764622372,-9.39119490839098,-16.428775075281596,-10.860834563333835,-9.823284232157958,-18.237088313575626,-13.365489615911894,3.157065018011414,122,19.327866006290893,4.647701256259922,13.365489615911894,3.157065018011414,0.29304329200833995,0.20162356523317362
GTB,10,20000,63.946522482236226,0.6820903301239014,0.13808844990725555,0.004214596748352051,0.0007592293491894285,0.1,huber,3,5,100,1.0,"{'learning_rate': 0.1, 'loss': 'huber', 'max_depth': 3, 'min_samples_leaf': 5, 'n_estimators': 100, 'subsample': 1.0}",-0.021815633415918745,0.0722618641114331,0.19968531045231974,0.516085236295866,0.0907903605430771,0.41323874719206777,0.1572838561101202,0.6213226879170424,0.5084240779733478,0.370362751656344,0.2927639258835699,0.20982411366447817,82,-28.082423794200924,-20.905643255091313,-18.78808681233656,-15.661267509405372,-18.152832008037105,-15.553666596458886,-23.965440021607264,-12.497560821254476,-14.487376321894608,-25.273944293094914,-19.33682414333814,4.852193337761126,82,-18.053733082226216,-14.464143760276784,-10.979025820003768,-11.74220516441871,-13.279236219523114,-10.465465925528461,-15.664171936963559,-9.414596089387747,-9.422032540335499,-17.884189027349926,-13.136879956601376,3.1028193796412276,70,19.33682414333814,4.852193337761126,13.136879956601376,3.1028193796412276,0.2927639258835699,0.20982411366447817
GTB,10,20000,63.946522482236226,1.2839698791503906,0.20695872987094444,0.0053596973419189455,0.000994282164920546,0.03,squared_error,3,1,300,1.0,"{'learning_rate': 0.03, 'loss': 'squared_error', 'max_depth': 3, 'min_samples_leaf': 1, 'n_estimators': 300, 'subsample': 1.0}",0.07792581814049593,-0.015793831361341715,0.32099355145606856,0.5306920290357462,0.037916572794277514,0.46528411863383123,0.1321175371683283,0.587677737694809,0.4199622675988244,0.36060515695283957,0.2917380958113879,0.20664780001403707,85,-26.67664740035757,-21.875279770120354,-17.305697715012627,-15.42309156646816,-18.673199607270085,-14.847851429882859,-24.320651624014754,-13.040943344358212,-15.737022408246064,-25.46902867510607,-19.336941354083677,4.641012491016092,83,-17.13241476407871,-15.358656502295231,-10.970092463828122,-11.50953601277528,-13.563345442531487,-10.144724147320415,-15.399171367774398,-9.442157939853578,-10.618915689836735,-17.90758323690729,-13.204659756720124,2.9189282450807132,78,19.336941354083677,4.641012491016092,13.204659756720124,2.9189282450807132,0.2917380958113879,0.20664780001403707
GTB,10,20000,63.946522482236226,0.5182228565216065,0.07281476175880626,0.005912470817565918,0.0023383105685777367,0.03,squared_error,3,1,100,1.0,"{'learning_rate': 0.03, 'loss': 'squared_error', 'max_depth': 3, 'min_samples_leaf': 1, 'n_estimators': 100, 'subsample': 1.0}",0.038487163258124624,0.09107914061343703,0.3040550585923385,0.4999674824446073,0.06182231124816251,0.4647914774112404,0.15999249357795986,0.5635440540919794,0.5204125562760711,0.27875178986152704,0.2982903527375448,0.19338735532912835,62,-27.241176551571268,-20.692542969044762,-17.520222017664455,-15.919946195248329,-18.439745515676954,-14.854689621842613,-23.92689446018798,-13.417166935598951,-14.309627950111533,-27.05018203064562,-19.337219424759247,4.909845369532734,84,-17.551161600414364,-14.240718189884896,-11.041486907239323,-11.934051940750255,-13.886135658624722,-10.356779851230245,-15.581939378548883,-10.200666691289307,-10.202033827745495,-18.598923218129837,-13.359389726385732,2.956077562864611,119,19.337219424759247,4.909845369532734,13.359389726385732,2.956077562864611,0.2982903527375448,0.19338735532912835
GTB,10,20000,63.946522482236226,2.1471440315246584,0.2980649042635778,0.004911255836486816,0.0009461069522338227,0.05,huber,2,5,500,1.0,"{'learning_rate': 0.05, 'loss': 'huber', 'max_depth': 2, 'min_samples_leaf': 5, 'n_estimators': 500, 'subsample': 1.0}",0.01908741807883807,-0.07724860879009321,0.348406567241882,0.473788801291402,0.19248797264603024,0.5134216340312387,0.08335791598251374,0.6079444219813426,0.4790920611733449,0.3256275883921428,0.29659657720286414,0.22028622994006244,68,-27.514616890701387,-22.527282300281126,-16.9527638862883,-16.331366115979474,-17.107512761168554,-14.163757076496864,-24.994511120558634,-12.71640744703747,-14.913340314510235,-26.156384647167112,-19.337794256018917,5.151846613139465,85,-17.499546399371127,-15.373056752939538,-9.820975207923517,-11.81967926466629,-12.138154647430534,-10.596607613658072,-16.08669304314071,-9.352846505194103,-9.01795852906453,-18.02924753346781,-12.973476549685625,3.2843278893307453,42,19.337794256018917,5.151846613139465,12.973476549685625,3.2843278893307453,0.29659657720286414,0.22028622994006244
GTB,10,20000,63.946522482236226,0.9946025371551513,0.13182539502744695,0.004366755485534668,0.0005664052257248862,0.03,squared_error,3,1,300,0.7,"{'learning_rate': 0.03, 'loss': 'squared_error', 'max_depth': 3, 'min_samples_leaf': 1, 'n_estimators': 300, 'subsample': 0.7}",0.07939908769939041,0.12392721428310838,0.2512049935630566,0.5396745522531368,0.0686264011529798,0.38529047968231533,0.1361497195319813,0.5509947014530958,0.48628617126300666,0.3344317921604638,0.2955985113042535,0.18051012427328078,71,-26.65532720465214,-20.31519172342176,-18.173293219128038,-15.274779998240557,-18.372757140238445,-15.919779251552065,-24.264088970093187,-13.608690875829794,-14.810000342185837,-25.98508263165101,-19.33789913569928,4.547067522137905,86,-17.18258733097213,-13.64909919101846,-11.552665948357756,-11.284080497690994,-13.447374922980783,-10.608900770778638,-15.633934434692401,-9.936143002853775,-9.413746447272118,-18.58247156163341,-13.129100410825046,2.9842149119575723,69,19.33789913569928,4.547067522137905,13.129100410825046,2.9842149119575723,0.2955985113042535,0.18051012427328078
GTB,10,20000,63.946522482236226,3.5275509119033814,0.5147761244323251,0.0051422595977783205,0.0007210302806845177,0.03,huber,5,5,300,1.0,"{'learning_rate': 0.03, 'loss': 'huber', 'max_depth': 5, 'min_samples_leaf': 5, 'n_estimators': 300, 'subsample': 1.0}",0.029582845325867524,0.08611594800342859,0.20174684712729507,0.5591862341087248,0.007511632323509043,0.4124392108292445,0.16572176482798873,0.5182893247548428,0.5593229623282792,0.36296728445025195,0.2902884054079432,0.20732728555324323,94,-27.367022558189245,-20.74896221397093,-18.763873021545923,-14.94755106936455,-18.965971146770958,-15.56425990722428,-23.845158158536893,-14.095605990096972,-13.716858256595327,-25.421939806595365,-19.343720212889043,4.656711301412512,87,-18.036120094316708,-14.551028596608662,-11.42090418095175,-11.614183719163123,-13.786819394997577,-10.797596445955278,-16.04171845176731,-9.961070123807284,-8.648974852369546,-17.845204641074016,-13.270362050101124,3.1275471100711996,94,19.343720212889043,4.656711301412512,13.270362050101124,3.1275471100711996,0.2902884054079432,0.20732728555324323
GTB,10,20000,63.946522482236226,1.3956905126571655,0.2254030314651037,0.005009150505065918,0.0010291403154157656,0.05,huber,2,1,300,1.0,"{'learning_rate': 0.05, 'loss': 'huber', 'max_depth': 2, 'min_samples_leaf': 1, 'n_estimators': 300, 'subsample': 1.0}",0.020621745595011842,-0.04076066124556421,0.3483255143068007,0.5270072532451793,0.15616039861624753,0.452558536321639,0.1166734329889022,0.5396699357555828,0.3981185739204477,0.40717498827521603,0.29255497177794626,0.20090081634018583,83,-27.49308951096364,-22.142480183328026,-16.953818246625186,-15.483520455551048,-17.488087771961922,-15.023492890496259,-24.536092300233275,-13.77924067951866,-16.030604917964467,-24.523986989626383,-19.345441394626885,4.611960693220427,88,-17.80916356070975,-15.155901755113737,-10.075789443658563,-11.09657883230988,-12.659815899283238,-10.53626235798161,-15.393812444474817,-10.145297934590882,-10.135610308127335,-17.331079465757597,-13.033931200200744,2.9490140848355697,56,19.345441394626885,4.611960693220427,13.033931200200744,2.9490140848355697,0.29255497177794626,0.20090081634018583
GTB,10,20000,63.946522482236226,1.943493390083313,0.28275404253240605,0.0050018310546875,0.0009566752770219263,0.05,huber,3,5,300,1.0,"{'learning_rate': 0.05, 'loss': 'huber', 'max_depth': 3, 'min_samples_leaf': 5, 'n_estimators': 300, 'subsample': 1.0}",0.0057133821515306105,-0.01469369499574058,0.22076646752495177,0.4954794623683958,0.08309419257948136,0.4291548595953123,0.15912655630023986,0.6110864172210737,0.469705638626737,0.425152788009067,0.2884586069381049,0.21298058309391485,100,-27.70155284684343,-21.863430756289592,-18.538986176379325,-15.991230990908392,-18.229499059579666,-15.341266907597573,-23.939224024361657,-12.665349296742077,-15.047104768280118,-24.14927140757821,-19.346691623456003,4.61111311179818,89,-18.13539061382099,-14.886113427315994,-10.985250171810065,-11.877316724257135,-13.082843309863831,-10.388261325817743,-15.08708930164678,-9.602339378688647,-9.364637129623912,-16.963082245679253,-13.037232362852436,2.9476329179327054,57,19.346691623456003,4.61111311179818,13.037232362852436,2.9476329179327054,0.2884586069381049,0.21298058309391485
GTB,10,20000,63.946522482236226,3.3889885187149047,0.45250340804062084,0.005846953392028809,0.0021574099620884457,0.1,huber,5,5,300,1.0,"{'learning_rate': 0.1, 'loss': 'huber', 'max_depth': 5, 'min_samples_leaf': 5, 'n_estimators': 300, 'subsample': 1.0}",0.030189929502549617,0.043535663667567226,0.20810817915122548,0.5750357002615119,0.058242596663349744,0.40955131046277715,0.11137163145922568,0.5128325385212804,0.5320395247540204,0.40717206577325993,0.2888079140216767,0.20929935989347737,98,-27.358460938324793,-21.226833875149428,-18.688958201885335,-14.676371467518093,-18.47489140569215,-15.602462708867245,-24.609616002613002,-14.175218204367594,-14.135104608196805,-24.524047438587036,-19.34719648512015,4.616874831408384,90,-17.993284865337543,-15.246618484687255,-11.609797672946437,-11.382831824979409,-13.692318966286583,-10.82641321057898,-16.086582712771026,-10.277774106850893,-9.544672739918587,-17.23542067962216,-13.389571526397887,2.9159868069447614,130,19.34719648512015,4.616874831408384,13.389571526397887,2.9159868069447614,0.2888079140216767,0.20929935989347737
GTB,10,20000,63.946522482236226,1.2871800184249877,0.20144562379379893,0.005490493774414062,0.0013274471367531178,0.1,squared_error,2,1,500,0.7,"{'learning_rate': 0.1, 'loss': 'squared_error', 'max_depth': 2, 'min_samples_leaf': 1, 'n_estimators': 500, 'subsample': 0.7}",0.13449317116858195,-0.13296683240592433,0.3424491885854022,0.4927262299503883,0.10081533929023123,0.4892165141837759,0.13560497653691328,0.48978486553218603,0.5141279631265352,0.3478250204168234,0.29140764363849125,0.20969484738411706,86,-25.84541838809429,-23.102523917485833,-17.03008529275971,-16.034804710522106,-18.05247771885015,-14.51177364166815,-24.271738217704897,-14.50665506224273,-14.403080656826376,-25.722305051682877,-19.34808626578371,4.587986067044866,91,-17.09515217350675,-16.21191980979498,-11.01921381435747,-11.321546834445716,-13.151582831200768,-10.350420659623127,-16.896223664860166,-10.90447910890418,-9.585556591670422,-18.563398397633172,-13.509949388599676,3.169412809155112,154,19.34808626578371,4.587986067044866,13.509949388599676,3.169412809155112,0.29140764363849125,0.20969484738411706
GTB,10,20000,63.946522482236226,1.2219249725341796,0.227091548072053,0.004604816436767578,0.0007552246204373321,0.05,huber,5,5,100,1.0,"{'learning_rate': 0.05, 'loss': 'huber', 'max_depth': 5, 'min_samples_leaf': 5, 'n_estimators': 100, 'subsample': 1.0}",0.02569571154963235,0.09159082004856134,0.18441956686314653,0.5779694080133488,0.023170094389132423,0.36183414084247456,0.10655248602646428,0.5376789932637323,0.5714869112352164,0.39704493579931854,0.28774430680310276,0.21570707029680478,104,-27.42177888695006,-20.686717687813488,-18.966428712651478,-14.62562514468157,-18.8157635297288,-16.220672465942624,-24.676256324466618,-13.809006361788388,-13.526221223576519,-24.73262947846019,-19.348109981605976,4.705805491670719,92,-17.433100036084685,-14.354095547279176,-11.471953807175904,-11.252290955281063,-13.785247490697415,-11.121247691993212,-16.396085071160513,-10.013397692413644,-8.915119676664517,-17.01772728779054,-13.176026525654066,2.8981614896673804,74,19.348109981605976,4.705805491670719,13.176026525654066,2.8981614896673804,0.28774430680310276,0.21570707029680478
GTB,10,20000,63.946522482236226,5.488898754119873,0.5795447401795895,0.005997157096862793,0.0010661274028391302,0.1,huber,5,5,500,1.0,"{'learning_rate': 0.1, 'loss': 'huber', 'max_depth': 5, 'min_samples_leaf': 5, 'n_estimators': 500, 'subsample': 1.0}",0.027307923136218437,0.04026515844935852,0.19693289355958377,0.5761715590783585,0.06343990316255754,0.4159103504038639,0.10966300510683169,0.5188569015549866,0.5293978376606239,0.40140029919331677,0.28793458313056997,0.21063920923242693,103,-27.399081658726313,-21.263094101637236,-18.82036677818465,-14.656744595240589,-18.423841891052334,-15.518217226903047,-24.6332639340064,-14.087299451183291,-14.174945551806498,-24.6431412017619,-19.36199963905023,4.655116728617677,93,-18.077108329702096,-15.292605660383296,-11.74666418946456,-11.359738855715513,-13.656119655720008,-10.858816121780063,-16.081787204115294,-10.22917691249745,-9.541505298514638,-17.34817285864904,-13.419169508654196,2.9427057851010088,139,19.36199963905023,4.655116728617677,13.419169508654196,2.9427057851010088,0.28793458313056997,0.21063920923242693
GTB,10,20000,63.946522482236226,1.1747772455215455,0.2014325953030351,0.004550313949584961,0.0006674153126979454,0.1,huber,5,5,100,1.0,"{'learning_rate': 0.1, 'loss': 'huber', 'max_depth': 5, 'min_samples_leaf': 5, 'n_estimators': 100, 'subsample': 1.0}",0.03980241655843719,0.04782078221887931,0.20789740496016262,0.5598944528026691,0.06185428094098733,0.4001908350526051,0.12441321767883884,0.5049194098980995,0.5409691098494727,0.3964485618240966,0.2884210471784248,0.2032060875143498,101,-27.222538574511017,-21.17923063296581,-18.691445213281106,-14.935538751125526,-18.439431333177637,-15.725650540309244,-24.42836210158648,-14.289879482520021,-13.999592558031702,-24.744857795304608,-19.365652698281316,4.564347015585843,94,-17.858885575092945,-15.018580584073849,-11.417510736663461,-11.40839010066979,-13.67698265609477,-10.734535098572815,-16.07758829233948,-10.097252299021676,-9.424857939301603,-17.20853977547845,-13.292312305730883,2.9299836953563596,102,19.365652698281316,4.564347015585843,13.292312305730883,2.9299836953563596,0.2884210471784248,0.2032060875143498
GTB,10,20000,63.946522482236226,0.5983353376388549,0.07578309758781661,0.00513918399810791,0.000996866387694305,0.03,squared_error,5,5,100,0.7,"{'learning_rate': 0.03, 'loss': 'squared_error', 'max_depth': 5, 'min_samples_leaf': 5, 'n_estimators': 100, 'subsample': 0.7}",-0.001168326866043401,0.11269980950627301,0.12213646242773213,0.5090411039673595,0.08462802549025916,0.42763590517895267,0.14672460726285363,0.5458821072915111,0.6567673186109984,0.3077789933324293,0.2912126006202326,0.2177879612144253,88,-27.79725226723004,-20.444953063904368,-19.677307364268636,-15.774842744907295,-18.214245197780393,-15.361664036880219,-24.115116322532007,-13.685949181664414,-12.105667933479701,-26.500264280519175,-19.367726239316625,5.109128347661969,95,-18.47743808506455,-13.8316635724792,-11.902485408854671,-11.672248594752704,-14.229253605222134,-10.343617682849352,-15.256595651741463,-10.322622228248134,-9.0617891801714,-18.99602690728993,-13.409374091667354,3.229170684857715,137,19.367726239316625,5.109128347661969,13.409374091667354,3.229170684857715,0.2912126006202326,0.2177879612144253
GTB,10,20000,63.946522482236226,0.4972373962402344,0.009067276758933384,0.00391700267791748,0.00012759847175585945,0.05,squared_error,5,1,100,0.7,"{'learning_rate': 0.05, 'loss': 'squared_error', 'max_depth': 5, 'min_samples_leaf': 1, 'n_estimators': 100, 'subsample': 0.7}",0.07461158638431253,0.13933910369438363,0.11245127455864934,0.5354823346537978,-0.012103703182372083,0.42906554044002265,0.17286372074662792,0.4935214521149147,0.602891781523344,0.3329586228705227,0.28810817138042033,0.20647873556364404,102,-26.724546631417727,-20.135706219642817,-19.78555633609598,-15.344176626918255,-19.152473926825433,-15.342467071448993,-23.742873871803972,-14.453437333061688,-13.02113608616593,-26.0138244391823,-19.371619854256313,4.637531740524387,96,-17.03010538290219,-13.628277136155212,-12.624961262961193,-11.868181698928462,-14.27021997301898,-10.413957303191633,-15.523060951599003,-10.217820919490656,-8.895753994019246,-18.268881519189705,-13.274122014145627,2.9037923452545233,96,19.371619854256313,4.637531740524387,13.274122014145627,2.9037923452545233,0.28810817138042033,0.20647873556364404
GTB,10,20000,63.946522482236226,0.8315837144851684,0.1458689923186981,0.0053040504455566405,0.0009379357860076114,0.03,squared_error,2,5,300,0.7,"{'learning_rate': 0.03, 'loss': 'squared_error', 'max_depth': 2, 'min_samples_leaf': 5, 'n_estimators': 300, 'subsample': 0.7}",-0.0025817797386695762,0.042424064651734095,0.27453677787792274,0.6003746974804127,0.01770181144678251,0.3605681918505861,0.14415521317065083,0.5163895507637437,0.5626082620223721,0.358476468592667,0.2874653258118202,0.2177288807083667,106,-27.81686747444252,-21.239165163946492,-17.887920839094022,-14.232099152363645,-18.86835524792143,-16.236753215171298,-24.151396908736693,-14.123373814937105,-13.665632199565652,-25.511389492095013,-19.373295350827387,4.838925771281355,97,-18.026776084681618,-14.676433928645967,-10.965101445169623,-10.71868786841976,-14.58024850172014,-10.118036340416342,-16.112384166061883,-9.935891167865428,-9.894947741728927,-18.47336343378304,-13.350187067849273,3.2507760714548546,115,19.373295350827387,4.838925771281355,13.350187067849273,3.2507760714548546,0.2874653258118202,0.2177288807083667
GTB,10,20000,63.946522482236226,3.3744480848312377,0.4879374729519576,0.005197668075561523,0.0007702247841760469,0.05,huber,5,5,300,1.0,"{'learning_rate': 0.05, 'loss': 'huber', 'max_depth': 5, 'min_samples_leaf': 5, 'n_estimators': 300, 'subsample': 1.0}",0.028519288428812684,0.0485370371398306,0.2098336845256088,0.5852835568814018,0.011610002563520738,0.3545230341927108,0.14443943624666344,0.5242997636664322,0.5570990414137769,0.38967153643110786,0.2853816381489866,0.21426783054941698,112,-27.38201529343887,-21.171263339769975,-18.668585795640727,-14.498333960610765,-18.926771704104162,-16.31332341137488,-24.147386278287552,-14.00739254998364,-13.751426449697892,-24.883394790747413,-19.37498935736559,4.634095315091304,98,-17.434243509961735,-14.993881268850242,-11.576553416157473,-11.120779931739495,-13.699014212064748,-11.464550520282002,-16.127274840864263,-10.32500033438595,-9.022180811872865,-17.29188524127821,-13.305536408745699,2.8685753053341685,106,19.37498935736559,4.634095315091304,13.305536408745699,2.8685753053341685,0.2853816381489866,0.21426783054941698
GTB,10,20000,63.946522482236226,0.32725019454956056,0.014309137124472335,0.004128813743591309,0.0007686185488314605,0.05,squared_error,3,1,100,0.7,"{'learning_rate': 0.05, 'loss': 'squared_error', 'max_depth': 3, 'min_samples_leaf': 1, 'n_estimators': 100, 'subsample': 0.7}",0.015953322330206854,0.1120280597938953,0.16610072996637382,0.5590461335647322,0.13116655970505342,0.38076215658665424,0.12283021456236642,0.49567195135579034,0.5312427647693359,0.3891935583045425,0.2903995450938951,0.1913794139674837,92,-27.55853755932588,-20.452690745630534,-19.178249349862785,-14.94992621487024,-17.745189308921347,-15.978309031853781,-24.45043456294565,-14.422720168537559,-14.14713286330422,-24.893136586687998,-19.377632639193997,4.582695211165342,99,-17.633112132967284,-14.103344036376388,-11.76381442761414,-10.891248710604573,-13.207276538187383,-10.41579782547783,-15.97100726319412,-10.163492575858266,-10.203923971955817,-18.291217340056857,-13.264423482229265,2.955801585884757,92,19.377632639193997,4.582695211165342,13.264423482229265,2.955801585884757,0.2903995450938951,0.1913794139674837
GTB,10,20000,63.946522482236226,5.582973051071167,0.6301585861818899,0.005992364883422851,0.0009362512353046056,0.05,huber,5,5,500,1.0,"{'learning_rate': 0.05, 'loss': 'huber', 'max_depth': 5, 'min_samples_leaf': 5, 'n_estimators': 500, 'subsample': 1.0}",0.029399300368040615,0.04802431571926635,0.20952827414384811,0.584739653258514,-0.0058338630637224664,0.36348684200680725,0.14943372051057335,0.5291898419982943,0.5435260487601508,0.39054105470604916,0.2842035188407822,0.21534826151331418,116,-27.369610538772097,-21.176966923966315,-18.672193282428253,-14.507838180487877,-19.093058324675095,-16.19965496479513,-24.07680365138466,-13.935210337535507,-13.960547156319967,-24.865663126933892,-19.38575464872988,4.61158524604526,100,-17.55900551404104,-15.0413741678757,-11.660646099190153,-11.13413932214478,-13.790442868708755,-11.409514626017595,-16.1652266363395,-10.243877773341126,-9.139271005417152,-17.384543594273833,-13.352804160734962,2.8962234184142237,117,19.38575464872988,4.61158524604526,13.352804160734962,2.8962234184142237,0.2842035188407822,0.21534826151331418
GTB,10,20000,63.946522482236226,1.2770702123641968,0.22571499409874424,0.005315828323364258,0.0010534465376191519,0.03,squared_error,2,5,500,0.7,"{'learning_rate': 0.03, 'loss': 'squared_error', 'max_depth': 2, 'min_samples_leaf': 5, 'n_estimators': 500, 'subsample': 0.7}",0.010810181410265352,0.024801671674865244,0.26647087499710365,0.5854223520937323,0.0403803118614654,0.3730408493539449,0.10523316872431898,0.5219208732899914,0.5755902860159361,0.36336562222502733,0.2867036191646651,0.21910559177955177,109,-27.63046134575987,-21.43370773916733,-17.98708741251395,-14.49590764285965,-18.6492747680861,-16.07761758206665,-24.69446881138912,-14.04237308315928,-13.461302941125064,-25.41399036992292,-19.388619169604993,4.875399390131019,101,-17.606647269218797,-14.537398342997317,-11.042669991006498,-10.657926656965284,-14.072785219681519,-10.238983564890312,-16.23169929317114,-9.85241784521826,-9.496568953694597,-18.40286463771609,-13.213996177455982,3.209883275314701,81,19.388619169604993,4.875399390131019,13.213996177455982,3.209883275314701,0.2867036191646651,0.21910559177955177
GTB,10,20000,63.946522482236226,1.3477375745773315,0.19462395979116145,0.004295730590820312,0.0005845511034392845,0.1,huber,5,1,100,1.0,"{'learning_rate': 0.1, 'loss': 'huber', 'max_depth': 5, 'min_samples_leaf': 1, 'n_estimators': 100, 'subsample': 1.0}",0.04070032046166239,0.11840489221880324,0.05056000748638856,0.545802390798,-0.06246609426487382,0.3461138672119177,0.1185242641198132,0.5942206229504792,0.5231516951720501,0.4799321446932786,0.27549441108475187,0.2349524685890101,141,-27.209807371528086,-20.37911951326461,-20.463783132376324,-15.172770668113639,-19.623203724507185,-16.419243188828926,-24.5103736260199,-12.937060277319835,-14.268705084029191,-22.969832248329656,-19.395389883431736,4.436741883064045,102,-17.39049425822444,-14.00332846525613,-13.165006536622572,-11.339316395533576,-14.581172218207412,-11.235880757005022,-17.113610341932283,-9.720921852704056,-9.976154549532597,-16.054189458042348,-13.458007483306043,2.6968236291369707,144,19.395389883431736,4.436741883064045,13.458007483306043,2.6968236291369707,0.27549441108475187,0.2349524685890101
GTB,10,20000,63.946522482236226,1.1900124073028564,0.16356847827990773,0.00416269302368164,0.0007299296624945169,0.03,huber,5,5,100,1.0,"{'learning_rate': 0.03, 'loss': 'huber', 'max_depth': 5, 'min_samples_leaf': 5, 'n_estimators': 100, 'subsample': 1.0}",0.050813217759631435,0.13723538323260032,0.159862801769453,0.5512278385781813,0.011052863041201455,0.3822842664545901,0.14185689214588137,0.4896274114138015,0.5722789256617695,0.36870388858375647,0.28649434886408665,0.1999002730971725,110,-27.066005049429446,-20.160300135664293,-19.249846516177797,-15.081878091314532,-18.932105310778347,-15.958659307737546,-24.18380374725214,-14.508893291014932,-13.51371528459895,-25.307216176548586,-19.396242291051657,4.543426861257302,103,-17.53201962043792,-13.902810227843007,-11.778753261326647,-11.415347779742877,-14.112052550136585,-10.746724001087653,-16.24301046980099,-10.115748934381743,-8.834399486780834,-17.54939838592885,-13.223026471746712,2.9674671752244013,82,19.396242291051657,4.543426861257302,13.223026471746712,2.9674671752244013,0.28649434886408665,0.1999002730971725
GTB,10,20000,63.946522482236226,2.788732171058655,0.4165078770853012,0.006607413291931152,0.001385203627604074,0.05,squared_error,5,1,500,0.7,"{'learning_rate': 0.05, 'loss': 'squared_error', 'max_depth': 5, 'min_samples_leaf': 1, 'n_estimators': 500, 'subsample': 0.7}",0.07411824149471469,0.13106485428262515,0.08951295189368835,0.527733860489833,-0.03927322513051634,0.4455372640427182,0.1754397373678671,0.5023149295470526,0.5940291531819661,0.3441183163600978,0.2844596083530047,0.21317778923052763,114,-26.731669403626643,-20.232265349048905,-20.03960007477539,-15.471623061520607,-19.407841742755753,-15.11952869389259,-23.705872875704916,-14.327417704998497,-13.165636615873062,-25.795299173920053,-19.399675469611644,4.611383102871088,104,-17.462259694010395,-13.51656273086599,-12.356948279696374,-11.988891478613835,-14.427746508715785,-10.215601359794737,-15.535759005294215,-10.357880987035793,-8.629569410549825,-18.260628542197313,-13.275184799677428,3.0138723685233773,97,19.399675469611644,4.611383102871088,13.275184799677428,3.0138723685233773,0.2844596083530047,0.21317778923052763
GTB,10,20000,63.946522482236226,4.051913523674012,0.5434398762410555,0.005134057998657226,0.000779915822400049,0.03,huber,5,1,300,1.0,"{'learning_rate': 0.03, 'loss': 'huber', 'max_depth': 5, 'min_samples_leaf': 1, 'n_estimators': 300, 'subsample': 1.0}",0.061649154351633206,0.10384090553791847,0.1446360142892571,0.6110719438398824,-0.08616033286290148,0.3607573744629683,0.12168518314739862,0.5187993506387586,0.5413389654520896,0.40749443883252523,0.278511299768953,0.22668386300936202,134,-26.911068544501237,-20.546761922020146,-19.423506910336233,-14.040323300883093,-19.840807425699857,-16.23435113055193,-24.466387794379255,-14.088141937286716,-13.99395146583283,-24.517378583412007,-19.40626790149033,4.538393958729924,105,-17.517216088391432,-14.260949188461431,-12.42439394029194,-10.547733869577314,-14.151780238932457,-11.595802422518831,-15.890039180382844,-10.461388923093017,-9.954608892101422,-16.200751854661537,-13.300466459841223,2.55052593155076,105,19.40626790149033,4.538393958729924,13.300466459841223,2.55052593155076,0.278511299768953,0.22668386300936202
GTB,10,20000,63.946522482236226,0.5234855651855469,0.056814792738922884,0.00526888370513916,0.0006084379548801723,0.05,squared_error,3,1,100,1.0,"{'learning_rate': 0.05, 'loss': 'squared_error', 'max_depth': 3, 'min_samples_leaf': 1, 'n_estimators': 100, 'subsample': 1.0}",0.03380345257157347,0.04470661836990453,0.30245451311995075,0.5276122581012797,0.05479481485121951,0.4392991978074867,0.13190431118870038,0.5587793965271588,0.4735985920783521,0.33237064710343933,0.28993238017190653,0.1981848186699924,95,-27.30744440762952,-21.213836384252797,-17.540357093056304,-15.473614804172845,-18.50867887667063,-15.204343070397599,-24.32363905405886,-13.490203723377475,-14.991771744247375,-26.025287093347814,-19.407917625121122,4.749575080507913,106,-17.607075614878482,-14.492557098481594,-10.855055210821762,-11.650084122479935,-13.45713158398134,-10.32014726045433,-15.75794013938915,-9.779367375491844,-10.314441927937843,-18.167970247890462,-13.240177058180674,2.9763822031519953,87,19.407917625121122,4.749575080507913,13.240177058180674,2.9763822031519953,0.28993238017190653,0.1981848186699924
GTB,10,20000,63.946522482236226,1.637046456336975,0.21319616572752062,0.005014824867248535,0.0006375507535970571,0.05,squared_error,5,1,300,0.7,"{'learning_rate': 0.05, 'loss': 'squared_error', 'max_depth': 5, 'min_samples_leaf': 1, 'n_estimators': 300, 'subsample': 0.7}",0.06876366533128231,0.13061302807723174,0.08959416771826312,0.5274653587332623,-0.03634656257832525,0.44281299318924594,0.17539055424230765,0.5029287910853064,0.5932051821316908,0.3427223542669743,0.28371495321972395,0.21296664356465617,117,-26.808855505937494,-20.23752482076844,-20.03870628449942,-15.476020547746092,-19.38049559019199,-15.156626967336416,-23.706579865593497,-14.318579018753189,-13.178990536089023,-25.82273561618353,-19.41251147530991,4.623019995759056,107,-17.485233614455563,-13.5292709912778,-12.332219880305788,-12.001539732703774,-14.385286220816461,-10.230332660539057,-15.499737096556387,-10.33062159406189,-8.669856674908212,-18.250343527559203,-13.271444199318413,3.0063943870143093,95,19.41251147530991,4.623019995759056,13.271444199318413,3.0063943870143093,0.28371495321972395,0.21296664356465617
GTB,10,20000,63.946522482236226,0.8450367689132691,0.16416931404539045,0.004097867012023926,0.0004669631871258551,0.03,squared_error,2,1,300,1.0,"{'learning_rate': 0.03, 'loss': 'squared_error', 'max_depth': 2, 'min_samples_leaf': 1, 'n_estimators': 300, 'subsample': 1.0}",0.056780382385826056,0.0434672551834242,0.3202460690656258,0.5633048771427278,0.07624996640784276,0.3949690532870195,0.12567971507332998,0.4749083950305971,0.4328662967742114,0.3859965127011732,0.28744685230517775,0.1839132779447594,107,-26.98079424307811,-21.227592957067092,-17.315220559916053,-14.877557674158721,-18.297409442854587,-15.79395390565186,-24.410688437791602,-14.716622627732837,-15.560988032055537,-24.95819862601527,-19.413902650632167,4.387451149576823,108,-17.22097271426606,-14.697632316835053,-10.510317865308355,-10.989442828160533,-14.033021112322244,-10.625931123629073,-15.80506447104246,-10.817409675557386,-10.319081827905801,-17.808605804484458,-13.282747973951142,2.824630845451186,100,19.413902650632167,4.387451149576823,13.282747973951142,2.824630845451186,0.28744685230517775,0.1839132779447594
GTB,10,20000,63.946522482236226,1.0603199481964112,0.1958615635422505,0.004897713661193848,0.0008370761023753983,0.05,squared_error,3,5,300,0.7,"{'learning_rate': 0.05, 'loss': 'squared_error', 'max_depth': 3, 'min_samples_leaf': 5, 'n_estimators': 300, 'subsample': 0.7}",0.08895276158172438,-0.0075503142849804306,0.20765140532903992,0.5634406977350983,-0.024194533728179257,0.32655306645441295,0.20960137960843972,0.5267328260255335,0.5901797852644612,0.33416948924780343,0.2815536563233354,0.2155025356339043,122,-26.516656672186826,-21.786336232882363,-18.694347445712907,-14.875243890774739,-19.26653428495582,-16.66302176567434,-23.209609696674846,-13.971524846887961,-13.227906864848904,-25.990202536239998,-19.42013842368387,4.586115406738788,109,-17.257077935894284,-14.889372271529405,-10.649167024700015,-11.033946768501503,-14.63566348344727,-11.565107910106926,-14.941447365517329,-10.37868739976217,-8.569419820958654,-18.70302588179578,-13.262291586221334,3.1293067163643054,91,19.42013842368387,4.586115406738788,13.262291586221334,3.1293067163643054,0.2815536563233354,0.2155025356339043
GTB,10,20000,63.946522482236226,3.3328161954879763,0.4819809423262016,0.005442070960998535,0.001034102031307844,0.05,huber,3,5,500,1.0,"{'learning_rate': 0.05, 'loss': 'huber', 'max_depth': 3, 'min_samples_leaf': 5, 'n_estimators': 500, 'subsample': 1.0}",0.013645589185430018,-0.023963094828360454,0.24307999166268612,0.4808603359751834,0.06262665388104915,0.41565083558827065,0.157814903850391,0.5986080508260601,0.4593432165614545,0.42306421775765235,0.2830730700459817,0.20968445995515755,119,-27.590833033282514,-21.963066808535892,-18.27162430330498,-16.221259708460913,-18.431839202187504,-15.521664266287788,-23.957887776122337,-12.866930194856277,-15.193410376062824,-24.193101940917956,-19.421161761001898,4.529189646387671,110,-18.092047101291655,-14.797432117747553,-10.802713063684632,-12.164339996480392,-13.235684316393161,-10.67323546616483,-14.988934580965756,-9.741316114034172,-9.334940933908243,-16.989598809735163,-13.082024250040556,2.8984934361703134,64,19.421161761001898,4.529189646387671,13.082024250040556,2.8984934361703134,0.2830730700459817,0.20968445995515755
GTB,10,20000,63.946522482236226,1.283456516265869,0.19080106222696838,0.004767680168151855,0.0007504103820953108,0.03,squared_error,2,1,500,0.7,"{'learning_rate': 0.03, 'loss': 'squared_error', 'max_depth': 2, 'min_samples_leaf': 1, 'n_estimators': 500, 'subsample': 0.7}",0.0548397204963571,-0.009072267135185497,0.2591947023740301,0.5313587393737176,0.07690866262808282,0.45620110202525566,0.08488557731699786,0.46071673989197537,0.5306582232479818,0.40036894565516556,0.28460601458743784,0.2044507704324912,113,-27.008536294356063,-21.802784674167352,-18.07607787823734,-15.412132463065463,-18.290884634563206,-14.973427816480468,-24.973674705228742,-14.914169889347539,-14.155950871328875,-24.664361436889372,-19.427200066366446,4.5666005941695476,111,-17.5384684656974,-15.181376723809327,-11.309895322353277,-11.311652072868814,-13.435932363784563,-9.655560977475778,-16.411866390928306,-10.581739481195775,-9.823389866005371,-17.844559855687535,-13.309444151980614,3.0418785952775282,109,19.427200066366446,4.5666005941695476,13.309444151980614,3.0418785952775282,0.28460601458743784,0.2044507704324912
GTB,10,20000,63.946522482236226,1.5110376358032227,0.25755646812091637,0.004746723175048828,0.0009295001891261812,0.05,huber,5,1,100,1.0,"{'learning_rate': 0.05, 'loss': 'huber', 'max_depth': 5, 'min_samples_leaf': 1, 'n_estimators': 100, 'subsample': 1.0}",0.062082848354648945,0.08693184218230465,0.10251213990607355,0.550412347169692,0.008001412440297284,0.34648271566523314,0.15867347436021395,0.50000303369279,0.5508156074440838,0.42673781271975764,0.2792653233935095,0.2063444454598573,131,-26.90484884641316,-20.73969805317152,-19.896031298589055,-15.095574974447812,-18.961290839087717,-16.41461159744838,-23.945672657899774,-14.360656716483886,-13.84862862569906,-24.115955064586156,-19.428296867382652,4.302380136556764,112,-17.65151300817473,-14.325117464301924,-12.094331472001333,-11.392412838731635,-14.482527127068096,-11.250028884808032,-15.635989425396167,-10.607160266499134,-9.477216508455568,-16.20340490988999,-13.311970190532662,2.5774026052949934,111,19.428296867382652,4.302380136556764,13.311970190532662,2.5774026052949934,0.2792653233935095,0.2063444454598573
GTB,10,20000,63.946522482236226,0.2611777067184448,0.01191694328772676,0.003502202033996582,7.344995415707049e-05,0.03,squared_error,2,5,100,1.0,"{'learning_rate': 0.03, 'loss': 'squared_error', 'max_depth': 2, 'min_samples_leaf': 5, 'n_estimators': 100, 'subsample': 1.0}",-0.009966774456393601,0.13709179312176867,0.31291237415364126,0.5627106055272977,0.15157027251232758,0.3928614992647278,0.1638513779725087,0.4484663663277303,0.5113989928049014,0.27231839495385757,0.2943214902182367,0.175547366468349,76,-27.919128714844074,-20.16197770752936,-17.408374768563167,-14.88767721055347,-17.535587120122905,-15.82143818074805,-23.871872688079833,-15.082614015057521,-14.44347250875826,-27.170555402659378,-19.4302698316916,4.87178542916112,113,-18.313548354086155,-13.771453737672632,-10.979752688630327,-11.235048618235185,-13.495624296396796,-10.866613033351614,-15.75474557040871,-11.527338709390634,-10.503155291905738,-18.85018053668285,-13.529746083676065,2.9703916250770743,159,19.4302698316916,4.87178542916112,13.529746083676065,2.9703916250770743,0.2943214902182367,0.175547366468349
GTB,10,20000,63.946522482236226,1.7197986602783204,0.24483784144819212,0.0050325155258178714,0.0006904404088898347,0.03,squared_error,3,1,500,0.7,"{'learning_rate': 0.03, 'loss': 'squared_error', 'max_depth': 3, 'min_samples_leaf': 1, 'n_estimators': 500, 'subsample': 0.7}",0.11922073668100641,0.09399037652485853,0.246560979252737,0.5164331833384648,0.04542721942312267,0.3772318661154268,0.10678085832291484,0.5487919685738567,0.4766341213817782,0.34306369158911043,0.2874135001203276,0.18063587558067165,108,-26.07245089534335,-20.659377711459108,-18.22956134325966,-15.655636071785313,-18.600169249580105,-16.02379067119368,-24.67310239914136,-13.642030834562364,-14.948483715582062,-25.816029615960186,-19.43206325078672,4.421168513786812,114,-16.843648509004158,-13.90943685316215,-11.571781506271034,-11.567006003250372,-13.597858010047434,-10.866333631735328,-15.828812529349705,-9.894707528175648,-9.271999784509724,-18.450432274783285,-13.180201663028882,2.9245418160685763,75,19.43206325078672,4.421168513786812,13.180201663028882,2.9245418160685763,0.2874135001203276,0.18063587558067165
GTB,10,20000,63.946522482236226,0.763603687286377,0.01845949416138598,0.00423119068145752,0.0008295012006106757,0.03,squared_error,2,5,300,1.0,"{'learning_rate': 0.03, 'loss': 'squared_error', 'max_depth': 2, 'min_samples_leaf': 5, 'n_estimators': 300, 'subsample': 1.0}",0.0445978216438504,0.050706223192762634,0.36052298747629075,0.5825984337547876,0.13354262524815652,0.41982971634615607,0.058502283055198445,0.4975394547614579,0.4396566430531964,0.3156411799934471,0.29031373685253037,0.1921257807183445,93,-27.15447628214112,-21.147115991978946,-16.794405413240003,-14.545193690784991,-17.720908130561373,-15.46606431910837,-25.331119637678174,-14.395992069970895,-15.467550905059472,-26.349340651010632,-19.437216709153397,4.855921124272953,115,-17.45719818172026,-14.70576244739288,-10.253793877865455,-10.938328088661313,-13.293867975586805,-10.014433243275306,-17.015638625514608,-10.264823907921732,-10.481454541968139,-18.393275196573107,-13.28185760864796,3.1907826754461186,99,19.437216709153397,4.855921124272953,13.28185760864796,3.1907826754461186,0.29031373685253037,0.1921257807183445
GTB,10,20000,63.946522482236226,1.0046695709228515,0.14687700518648927,0.004711627960205078,0.0007391707476438755,0.1,squared_error,3,1,300,0.7,"{'learning_rate': 0.1, 'loss': 'squared_error', 'max_depth': 3, 'min_samples_leaf': 1, 'n_estimators': 300, 'subsample': 0.7}",0.06770153271634849,0.032112211003577085,0.2546878783920963,0.46345957122965653,0.16042968350412834,0.3121779042734093,0.13623641813633613,0.5748410678203059,0.5335673193007013,0.35004898352873537,0.2885262569905295,0.1822704278545187,99,-26.824139727632943,-21.353218097401115,-18.130979060875216,-16.490874921724785,-17.443792444208384,-16.83992423665629,-24.262871331179166,-13.242386823710447,-14.112011642063825,-25.67841015278195,-19.437860843823415,4.564183481297708,116,-16.866033664431317,-14.118063620783841,-10.86112567177536,-12.529645095569354,-13.477263449168586,-11.724826347306058,-15.829712894330454,-9.761216294990424,-9.54246163191295,-18.35675259746353,-13.306710126773186,2.846959813869589,107,19.437860843823415,4.564183481297708,13.306710126773186,2.846959813869589,0.2885262569905295,0.1822704278545187
GTB,10,20000,63.946522482236226,3.3569536447525024,0.46439235810518337,0.0051970243453979496,0.0006786567532845428,0.05,huber,3,1,500,1.0,"{'learning_rate': 0.05, 'loss': 'huber', 'max_depth': 3, 'min_samples_leaf': 1, 'n_estimators': 500, 'subsample': 1.0}",0.020913964521945605,-0.15221057761942047,0.2783592141071004,0.49601358591182465,0.14604627327531605,0.3999809303194326,0.13980265096152233,0.5721064456973745,0.4541918579363905,0.44545787313355545,0.28006622182450414,0.2226287678629402,129,-27.488987622623625,-23.297899065316223,-17.840733235708388,-15.982763986955861,-17.592580296459992,-15.72840191519268,-24.212732296493947,-13.28490607636218,-15.265619918490886,-23.718929795676043,-19.441355420927984,4.558151681955213,117,-17.944935368030862,-15.358306592164208,-10.86047972040785,-11.67465631270612,-13.1586162696897,-10.921249369368574,-15.574453284099022,-9.449952900168933,-9.576530585824068,-16.905009514004735,-13.142418991646409,2.9443419734080027,71,19.441355420927984,4.558151681955213,13.142418991646409,2.9443419734080027,0.28006622182450414,0.2226287678629402
GTB,10,20000,63.946522482236226,3.221710205078125,0.4751782878666567,0.005203747749328613,0.0008084947781198687,0.03,huber,3,5,500,1.0,"{'learning_rate': 0.03, 'loss': 'huber', 'max_depth': 3, 'min_samples_leaf': 5, 'n_estimators': 500, 'subsample': 1.0}",0.025992755582554983,0.02524538330702575,0.20938749491929787,0.47238193259929306,0.10439519148202059,0.40670319589817916,0.14193317549743245,0.6006423999842478,0.4514963201201083,0.4048653412310351,0.2843043190621195,0.19621374665355765,115,-27.417598418473222,-21.4288310555166,-18.673855922455463,-16.353183165033865,-18.016506435694613,-15.640047805700837,-24.1827288317828,-12.834282455784045,-15.303269023381368,-24.571713292552094,-19.44220164063749,4.513921444642362,118,-17.81914590179061,-14.556007068385206,-10.942916674162728,-12.03282967753719,-12.813327994583034,-10.83969687280583,-15.36183782786099,-9.541425774906283,-9.676947357168284,-17.239830326670525,-13.08239654758707,2.863652444898172,65,19.44220164063749,4.513921444642362,13.08239654758707,2.863652444898172,0.2843043190621195,0.19621374665355765
GTB,10,20000,63.946522482236226,1.064715075492859,0.19176710795673338,0.0049465417861938475,0.0009451776375655513,0.03,squared_error,3,5,300,0.7,"{'learning_rate': 0.03, 'loss': 'squared_error', 'max_depth': 3, 'min_samples_leaf': 5, 'n_estimators': 300, 'subsample': 0.7}",-0.001761457588934201,0.017163496404636103,0.17565590904962403,0.6082718901477839,0.10235112269494118,0.38786376726200633,0.13621808772398591,0.48063130458002346,0.5861321773453212,0.3418865088530978,0.28344128064724855,0.21648809902914887,118,-27.805485130110753,-21.51748305462434,-19.068056436311398,-14.090773703250752,-18.03705455535155,-15.886422737763697,-24.263128777826665,-14.636205573297532,-13.293069375791243,-25.83914949981656,-19.44368288441445,4.926649525357781,119,-17.9616204659984,-14.468756335136954,-11.60026287331323,-10.42829952387612,-13.234923173620306,-10.359711553671051,-15.844545713410714,-10.53807284274897,-9.078359734153974,-18.47858887855168,-13.199314109448142,3.1862769047369315,77,19.44368288441445,4.926649525357781,13.199314109448142,3.1862769047369315,0.28344128064724855,0.21648809902914887
GTB,10,20000,63.946522482236226,0.26601009368896483,0.005554641419509924,0.003623294830322266,0.00010461538836461981,0.05,squared_error,2,1,100,1.0,"{'learning_rate': 0.05, 'loss': 'squared_error', 'max_depth': 2, 'min_samples_leaf': 1, 'n_estimators': 100, 'subsample': 1.0}",0.013560517952585394,0.1477369358255316,0.3034185038179722,0.5190663284736394,0.0982023906168199,0.397100221043576,0.13649511282837912,0.4836962670999496,0.49684189388059274,0.31731266185896934,0.2913430833398015,0.1738272970991976,87,-27.59202283663701,-20.037229112033273,-17.52823273177665,-15.61295341443401,-18.078688118889602,-15.766112967497397,-24.259237729235963,-14.592955180653908,-14.657053635113803,-26.31714308954944,-19.44416288158211,4.662127304587716,120,-17.95495572850957,-13.680127800028195,-10.692833972953592,-11.375293507906084,-13.713485908471148,-10.735781003483924,-15.876767343750158,-11.059268910056566,-10.318682793303893,-18.445764921432094,-13.385296188989523,2.932850314743461,129,19.44416288158211,4.662127304587716,13.385296188989523,2.932850314743461,0.2913430833398015,0.1738272970991976
GTB,10,20000,63.946522482236226,0.4662903070449829,0.012444210931734883,0.004158282279968261,0.00048585024920273675,0.1,squared_error,5,5,100,0.7,"{'learning_rate': 0.1, 'loss': 'squared_error', 'max_depth': 5, 'min_samples_leaf': 5, 'n_estimators': 100, 'subsample': 0.7}",0.032154807611532665,0.06082827348223696,-0.10733957102960345,0.5412821608020348,0.08747718282495298,0.39588728905630055,0.21062195689493157,0.517135569844235,0.6744593851439452,0.34867637155079845,0.2761183426181365,0.2448406142941007,140,-27.33073216014635,-21.034070992813046,-22.100015280240658,-15.248084381208606,-18.185876569186288,-15.781964370080413,-23.19462051833394,-14.11247622904349,-11.789544604592452,-25.705510582721566,-19.44828956883668,4.946429951647515,121,-19.077204101922895,-13.811291018557068,-13.222181087500477,-12.197537694438218,-14.097053637668196,-11.578219629196383,-15.312402421180147,-10.535742140416913,-8.583278129695616,-18.610425155027812,-13.702533501560373,3.1460680246154515,193,19.44828956883668,4.946429951647515,13.702533501560373,3.1460680246154515,0.2761183426181365,0.2448406142941007
GTB,10,20000,63.946522482236226,4.024993300437927,0.5613762782614748,0.005624318122863769,0.0012023873648346669,0.05,huber,5,1,300,1.0,"{'learning_rate': 0.05, 'loss': 'huber', 'max_depth': 5, 'min_samples_leaf': 1, 'n_estimators': 300, 'subsample': 1.0}",0.06416593921252867,0.09080976674743169,0.12614349777581024,0.5442116520765651,-0.01719564533043272,0.3842127750421612,0.1422213182964157,0.4912985758968985,0.5297328180375969,0.4252209394163875,0.27808216371713634,0.205448615134577,138,-26.874954735857784,-20.695609032119147,-19.632347160104977,-15.19931728286412,-19.20059198796288,-15.933728365874988,-24.17866815489251,-14.485119847206384,-14.169899703885427,-24.147839848391094,-19.45180761191593,4.291490212672758,122,-17.67925546791445,-14.267878689575724,-12.169293364172592,-11.581936661387026,-14.949968280593051,-11.180587789617402,-15.95495598843811,-10.602253032432248,-9.556330895364544,-16.528935901422404,-13.447139607091756,2.6478373244890885,143,19.45180761191593,4.291490212672758,13.447139607091756,2.6478373244890885,0.27808216371713634,0.205448615134577
GTB,10,20000,63.946522482236226,1.7731046438217164,0.25572215168708956,0.005258917808532715,0.0007417826505915224,0.1,squared_error,3,1,500,0.7,"{'learning_rate': 0.1, 'loss': 'squared_error', 'max_depth': 3, 'min_samples_leaf': 1, 'n_estimators': 500, 'subsample': 0.7}",0.07650946142955317,0.03139687883822595,0.2558605517900283,0.45834916827643146,0.160055274367356,0.31710351123785285,0.12821471417790264,0.5654759266784712,0.5340854173246491,0.34953149375799486,0.28765823978784655,0.18019691366305807,105,-26.697127938152597,-21.361107350016727,-18.11670981307706,-16.56922436868446,-17.44768156889634,-16.77951916845524,-24.375274646102202,-13.387439991317635,-14.10417188608872,-25.688630669610124,-19.45268874004011,4.537639863931666,123,-16.80082384994746,-14.201707786595904,-10.859444216916273,-12.694289122141983,-13.377781015065644,-11.76476947753819,-15.95486351136955,-9.97520448117689,-9.51433073485452,-18.40793027093856,-13.355114446654497,2.8328335341773183,118,19.45268874004011,4.537639863931666,13.355114446654497,2.8328335341773183,0.28765823978784655,0.18019691366305807
GTB,10,20000,63.946522482236226,2.1819705724716187,0.26969010976128294,0.004795479774475098,0.0006359589536058077,0.05,huber,2,1,500,1.0,"{'learning_rate': 0.05, 'loss': 'huber', 'max_depth': 2, 'min_samples_leaf': 1, 'n_estimators': 500, 'subsample': 1.0}",0.030744650160742792,-0.10233890645367172,0.34637537312421385,0.4971986170758811,0.15984928325645387,0.45245422185388307,0.059910120278339085,0.541859179794022,0.4109629953151066,0.42939968555220787,0.28264152199571785,0.2145880780930543,120,-27.350635450267387,-22.78811478869764,-16.979166516352745,-15.963962666608738,-17.449820904301895,-15.024924178698015,-25.312173529793395,-13.74643587866934,-15.858632303232653,-24.05990017439567,-19.453376639101744,4.652389143303627,124,-17.99325428002976,-15.13872371537901,-9.515974382009576,-11.70358785356473,-12.457897574678688,-11.01496209458893,-16.186802403641764,-10.175636656387788,-10.069126896436776,-17.231975607653222,-13.148794146437023,3.0326732842638493,72,19.453376639101744,4.652389143303627,13.148794146437023,3.0326732842638493,0.28264152199571785,0.2145880780930543
GTB,10,20000,63.946522482236226,6.548184061050415,0.6731467440260629,0.005734395980834961,0.0008259962506092178,0.05,huber,5,1,500,1.0,"{'learning_rate': 0.05, 'loss': 'huber', 'max_depth': 5, 'min_samples_leaf': 1, 'n_estimators': 500, 'subsample': 1.0}",0.06004018206885087,0.1044514581839644,0.12372912689490201,0.5423892539226942,-0.016789354745030405,0.39806804608607416,0.1363640625617103,0.4796780172760222,0.5294066881040242,0.4239961547277439,0.2781333635080956,0.20442569345027503,137,-26.934130610477286,-20.539761481267142,-19.659449477379862,-15.22967301196913,-19.196757033042694,-15.753453344707577,-24.261078517289118,-14.649631596640646,-14.174812259661667,-24.173554220775582,-19.45723015532107,4.302469871524201,125,-17.66969034947747,-14.278388532830864,-12.286249010442033,-11.649038609779415,-14.975705936111382,-11.004102455628086,-16.042832017858757,-10.864645546407727,-9.57348063560649,-16.547353701489385,-13.489148679563161,2.634625164414984,150,19.45723015532107,4.302469871524201,13.489148679563161,2.634625164414984,0.2781333635080956,0.20442569345027503
GTB,10,20000,63.946522482236226,0.4312941312789917,0.012597968848898041,0.003894662857055664,0.0006599868569408775,0.03,huber,2,5,100,1.0,"{'learning_rate': 0.03, 'loss': 'huber', 'max_depth': 2, 'min_samples_leaf': 5, 'n_estimators': 100, 'subsample': 1.0}",0.01622555739268805,0.12044996455638846,0.25136827897343095,0.5107651875149362,0.14544286325304456,0.40102834035177837,0.1796198859661272,0.4782023411400954,0.4556899975798162,0.339797350127626,0.28985897668559313,0.1626929744224767,97,-27.554725281250875,-20.355468649553032,-18.171311638451044,-15.747120397985388,-17.598794722572283,-15.71466795032434,-23.64570748471702,-14.670390671284427,-15.244654909301353,-25.880129750302686,-19.458297145574242,4.457711377794181,126,-17.481326139420165,-14.00715977371186,-10.998625786023666,-11.318730428415405,-13.264780088217508,-10.499966689846493,-14.989803500341873,-11.175266166132147,-9.964081039102206,-17.51792602401648,-13.12176656352278,2.664925064827723,68,19.458297145574242,4.457711377794181,13.12176656352278,2.664925064827723,0.28985897668559313,0.1626929744224767
GTB,10,20000,63.946522482236226,4.061823391914368,0.4995276166749728,0.005903220176696778,0.0017914416479017322,0.1,huber,5,1,300,1.0,"{'learning_rate': 0.1, 'loss': 'huber', 'max_depth': 5, 'min_samples_leaf': 1, 'n_estimators': 300, 'subsample': 1.0}",0.05353994474946422,0.09368020331256088,0.04446550583956743,0.5483847591051072,-0.08753719710244146,0.34633299190352396,0.09728875220374811,0.5910158344307962,0.5138830241308997,0.48534686313146247,0.2686400681704689,0.2405581279422111,155,-27.027100859781935,-20.662913787142944,-20.529357081415245,-15.129576326423331,-19.853378979586196,-16.416491820592658,-24.803854629071022,-12.988047345530722,-14.406710657458332,-22.849943464387934,-19.466737495139032,4.421444890671791,127,-17.34957927770032,-14.342250842866429,-13.264835034514318,-11.382878011707106,-15.069390816741743,-11.394412331377612,-17.385943107359466,-9.834960885408814,-10.060626637006541,-16.0897176198933,-13.617459456457564,2.718338958347572,171,19.466737495139032,4.421444890671791,13.617459456457564,2.718338958347572,0.2686400681704689,0.2405581279422111
GTB,10,20000,63.946522482236226,6.700630307197571,0.6608577418282371,0.0061381816864013675,0.0010983925474303293,0.1,huber,5,1,500,1.0,"{'learning_rate': 0.1, 'loss': 'huber', 'max_depth': 5, 'min_samples_leaf': 1, 'n_estimators': 500, 'subsample': 1.0}",0.05667242677870654,0.0893320984885646,0.044250319620933176,0.5490611985325199,-0.09104931732922483,0.34473913447494564,0.09735631908993514,0.5899301482587431,0.5106477083336551,0.4879240868451743,0.26788641230939525,0.240925062532725,157,-26.982338233804043,-20.712420051383567,-20.5316685552886,-15.118241371175916,-19.88541064245002,-16.436494066733584,-24.80292634187612,-13.005274904600387,-14.454572556038148,-22.792658934186733,-19.472200565753713,4.40279230940612,128,-17.29725109763917,-14.383589049482975,-13.263170498606067,-11.385198864350837,-15.10004976554822,-11.421450720871059,-17.406040290858225,-9.884887465695375,-10.084483019195272,-16.134157800178485,-13.636027857242567,2.7084043474599713,178,19.472200565753713,4.40279230940612,13.636027857242567,2.7084043474599713,0.26788641230939525,0.240925062532725
GTB,10,20000,63.946522482236226,2.1726967334747314,0.3718016283524997,0.005562257766723633,0.000930190175279014,0.03,squared_error,3,1,500,1.0,"{'learning_rate': 0.03, 'loss': 'squared_error', 'max_depth': 3, 'min_samples_leaf': 1, 'n_estimators': 500, 'subsample': 1.0}",0.10815998388769799,-0.03873709456166119,0.3107303043479287,0.5005811519645275,0.017256886636059954,0.44826301610020647,0.11067588924619343,0.5652184187810937,0.41994411329070835,0.36795609887922387,0.2810048768571979,0.20381360167958915,125,-26.23564797582434,-22.12094373037893,-17.435995828722668,-15.910174245735062,-18.87262790620733,-15.082318924369758,-24.619248037361483,-13.391406239841636,-15.737268678878344,-25.322200329409313,-19.472783189672885,4.481798054407178,129,-17.15176644079683,-15.312684591414037,-11.10930106593105,-11.965591002108598,-13.362098664957703,-10.646540493906894,-15.679130078217305,-9.64411122341271,-10.45815864558262,-18.311835959085833,-13.364121816541356,2.9101674407801026,121,19.472783189672885,4.481798054407178,13.364121816541356,2.9101674407801026,0.2810048768571979,0.20381360167958915
GTB,10,20000,63.946522482236226,2.286081552505493,0.37622265926986537,0.005262613296508789,0.0009892042586950377,0.1,huber,2,1,500,0.7,"{'learning_rate': 0.1, 'loss': 'huber', 'max_depth': 2, 'min_samples_leaf': 1, 'n_estimators': 500, 'subsample': 0.7}",-0.0011269296318385802,-0.08067993334301327,0.38764278356575355,0.48641735577673506,0.0023964180044372396,0.5041476320635776,0.050143559742092614,0.5644783992875722,0.5340062558720967,0.3546505369745402,0.28020760783119536,0.24381894115686603,127,-27.796677568037566,-22.56313148126382,-16.43442766348048,-16.134207616768762,-19.014782966296668,-14.298097936807883,-25.443317435644843,-13.402797808495432,-14.10537002342326,-25.587349090456193,-19.47801595906749,5.146756854169484,130,-17.75781051321625,-15.41461282848265,-9.91102162177659,-12.065636356708284,-14.2077639759238,-10.645016160786271,-16.300692358465525,-9.564040023191973,-8.235723362876888,-18.856551420822072,-13.295886862225029,3.5314162684330204,103,19.47801595906749,5.146756854169484,13.295886862225029,3.5314162684330204,0.28020760783119536,0.24381894115686603
GTB,10,20000,63.946522482236226,1.5685937404632568,0.24341394148232107,0.005246996879577637,0.0008410566830878478,0.1,squared_error,5,5,300,0.7,"{'learning_rate': 0.1, 'loss': 'squared_error', 'max_depth': 5, 'min_samples_leaf': 5, 'n_estimators': 300, 'subsample': 0.7}",0.042261094304309244,0.04002157945529372,-0.08754238004920145,0.5224849774966092,0.080591788328228,0.38617273629108384,0.23399255720376433,0.4930732107350655,0.6890126052654966,0.33939733387131266,0.2739465502901962,0.2402086321918398,145,-27.18766327802382,-21.265792198168064,-21.901570549381944,-15.557363213269067,-18.25435793455441,-15.908350785568985,-22.848686830288955,-14.459831676842864,-11.523007200049818,-25.887968937977707,-19.479459260412565,4.889100379519372,131,-19.056562683967062,-14.022316961764265,-13.09466991982904,-12.312651951307272,-14.285665942440005,-11.712952161256572,-15.152222822382427,-10.727663010347412,-8.304138490431603,-18.663304417532235,-13.733214836125788,3.163251382026462,199,19.479459260412565,4.889100379519372,13.733214836125788,3.163251382026462,0.2739465502901962,0.2402086321918398
GTB,10,20000,63.946522482236226,2.698198175430298,0.40072761228190673,0.006582212448120117,0.0016895646645846032,0.1,squared_error,5,5,500,0.7,"{'learning_rate': 0.1, 'loss': 'squared_error', 'max_depth': 5, 'min_samples_leaf': 5, 'n_estimators': 500, 'subsample': 0.7}",0.04180472137175173,0.04066545132114907,-0.08722358870819624,0.5226040736537446,0.0802780021144085,0.3859010938494162,0.23405743357463638,0.49293771484199944,0.6889402759188121,0.3393963537876268,0.2739361531725349,0.24014108337961712,146,-27.19414011414036,-21.258659359704918,-21.89836030998833,-15.555423025392033,-18.257472697478068,-15.91187042824085,-22.847719234423927,-14.461764023825044,-11.524347130769504,-25.887988141931846,-19.47977444658949,4.889043144950304,132,-19.054941638032272,-14.019287798141832,-13.087870467555472,-12.309819966301015,-14.294674599427598,-11.72002470913762,-15.153076956486412,-10.72767140533212,-8.301187311101362,-18.66173506927497,-13.733028992079067,3.1632237019763654,198,19.47977444658949,4.889043144950304,13.733028992079067,3.1632237019763654,0.2739361531725349,0.24014108337961712
GTB,10,20000,63.946522482236226,1.7299119710922242,0.25193389033214497,0.0050841569900512695,0.0007348728818699222,0.05,squared_error,3,1,500,0.7,"{'learning_rate': 0.05, 'loss': 'squared_error', 'max_depth': 3, 'min_samples_leaf': 1, 'n_estimators': 500, 'subsample': 0.7}",0.1054672898450234,0.059689693966544666,0.16483408185007553,0.5389836668495693,0.09630624419175715,0.4017833728406397,0.0433123728125272,0.5228760054636072,0.49476671228233526,0.3842940625313075,0.2812313502633387,0.1949115771120002,123,-26.27522420505546,-21.046817175228274,-19.192809187416934,-15.286238376075408,-18.097684531697194,-15.70476028094753,-25.534645277527726,-14.028338766201408,-14.687247674321084,-24.992775528277228,-19.484654100274824,4.4967057507434,133,-16.892801976073176,-14.620625773252687,-11.601813066991728,-11.269355005257962,-13.205336199560898,-10.65674626994001,-16.61862416749075,-9.807541924995864,-9.710067540924626,-18.164708006630757,-13.254761993111845,2.97318771676964,88,19.484654100274824,4.4967057507434,13.254761993111845,2.97318771676964,0.2812313502633387,0.1949115771120002
GTB,10,20000,63.946522482236226,6.64037549495697,0.5873990795230192,0.006193017959594727,0.0011176632127903668,0.03,huber,5,1,500,1.0,"{'learning_rate': 0.03, 'loss': 'huber', 'max_depth': 5, 'min_samples_leaf': 1, 'n_estimators': 500, 'subsample': 1.0}",0.07001073549048398,0.08450712324537801,0.13841552678255087,0.6105111927417477,-0.12113485921538314,0.35996747732668033,0.11589143087449938,0.5030194699479316,0.5415621806504449,0.4089461133960848,0.27116963912404185,0.23234288639282027,149,-26.790898880537693,-20.767217683891896,-19.49400602641917,-14.050441227305589,-20.157715014240747,-16.244378237620854,-24.546950703040707,-14.317272916471286,-13.990545854111634,-24.487325631913393,-19.4846752175553,4.5061065329736785,134,-17.371748086276796,-14.611052658068806,-12.579899011132833,-10.553542335639415,-14.730568821471715,-11.798280501245594,-15.962632151293331,-10.66150281905073,-10.069885041673768,-16.281336322786586,-13.462044774863958,2.525310999906096,145,19.4846752175553,4.5061065329736785,13.462044774863958,2.525310999906096,0.27116963912404185,0.23234288639282027
GTB,10,20000,63.946522482236226,1.6999818086624146,0.27630314118375743,0.005329155921936035,0.0012316954324875502,0.03,squared_error,3,5,500,0.7,"{'learning_rate': 0.03, 'loss': 'squared_error', 'max_depth': 3, 'min_samples_leaf': 5, 'n_estimators': 500, 'subsample': 0.7}",0.02012947113863417,-0.004601521770237538,0.1806524026635603,0.5907024779112955,0.10055909106250005,0.39091949459353215,0.12601898185226257,0.4783496828416557,0.5644116711766675,0.35240203548413107,0.27995437869540013,0.2118073771582282,130,-27.499998202962676,-21.75443189103162,-19.010181193642932,-14.40330075964272,-18.05504981894213,-15.846721354516713,-24.405951878811372,-14.668319262089112,-13.63743072737426,-25.631885554220144,-19.491327064323364,4.79703570149606,135,-17.59201532125013,-14.55647241394639,-11.434146105472013,-10.58984130441175,-13.210513916471323,-10.476851207743097,-15.94290384857063,-10.535398747766521,-9.257375163874846,-18.298082218650727,-13.189360024815741,3.076261634578893,76,19.491327064323364,4.79703570149606,13.189360024815741,3.076261634578893,0.27995437869540013,0.2118073771582282
GTB,10,20000,63.946522482236226,1.5758461713790894,0.2548722044598718,0.004423069953918457,0.0007270790100968524,0.03,huber,5,1,100,1.0,"{'learning_rate': 0.03, 'loss': 'huber', 'max_depth': 5, 'min_samples_leaf': 1, 'n_estimators': 100, 'subsample': 1.0}",0.061595850709403877,0.11437419245108471,0.12035858631736052,0.5462902100590944,-0.0034750462643546864,0.34067034869605894,0.13118633087185405,0.5246162459970783,0.5723583911980463,0.3670251258081244,0.2775000235843751,0.20749314424459772,139,-26.911832884196567,-20.42565359453344,-19.697222828644975,-15.164620517099573,-19.070657278203832,-16.4874455898768,-24.333695713021985,-14.002732230859465,-13.512459881744658,-25.340842714835087,-19.49471632330164,4.554521938891264,136,-17.334120164470775,-13.93970871349632,-12.452022790785696,-11.222467191050036,-13.846670136759935,-11.57000653775188,-15.85631899334237,-10.23204394629126,-9.801174828985888,-16.54453031738896,-13.279906362032312,2.5243241557908314,98,19.49471632330164,4.554521938891264,13.279906362032312,2.5243241557908314,0.2775000235843751,0.20749314424459772
GTB,10,20000,63.946522482236226,0.9528316020965576,0.05093940491200936,0.004251742362976074,0.00020335873396600855,0.05,squared_error,3,1,300,0.7,"{'learning_rate': 0.05, 'loss': 'squared_error', 'max_depth': 3, 'min_samples_leaf': 1, 'n_estimators': 300, 'subsample': 0.7}",0.07134103934913683,0.044696885866323366,0.15842458802100812,0.5458218757560583,0.1244227816440524,0.37315469382263144,0.07885014941524227,0.5325349633393894,0.5111820690823325,0.3678398777319305,0.28082689240281056,0.19560658512319712,126,-26.77173049227163,-21.213944446978182,-19.266316180649667,-15.172445210686185,-17.81392417481659,-16.076157813175353,-25.05589344449669,-13.885617030789742,-14.446678380319184,-25.324528363816306,-19.502723553799957,4.593625142270407,137,-16.846983716125017,-14.816340749986425,-11.734862194129128,-11.004065861693777,-13.060548094301932,-10.799995230023226,-16.16558669281254,-9.584643955929717,-9.777988342961326,-18.321713071201106,-13.21127279091642,2.9743505924837668,80,19.502723553799957,4.593625142270407,13.21127279091642,2.9743505924837668,0.28082689240281056,0.19560658512319712
GTB,10,20000,63.946522482236226,1.5157735824584961,0.2532394762127838,0.004970121383666992,0.0007521852165564407,0.03,squared_error,5,5,300,0.7,"{'learning_rate': 0.03, 'loss': 'squared_error', 'max_depth': 5, 'min_samples_leaf': 5, 'n_estimators': 300, 'subsample': 0.7}",0.0005945645025166035,0.03938458159728753,0.12949370783950465,0.5069500876844606,0.01846566255673099,0.45635572257263457,0.15261580737292368,0.5409950054434296,0.6492161096795596,0.29605456402179675,0.27901258132708445,0.23033386071064138,133,-27.772768309056417,-21.27284653260091,-19.59467756103902,-15.808399939066954,-18.861017650627684,-14.971298937395137,-24.031724112524767,-13.759394471498094,-12.238107403987415,-26.723744846796354,-19.503397976459276,5.14338915912728,138,-18.216869330865975,-14.409774676099724,-11.787403960428378,-11.941296354697453,-14.48843127220247,-10.163446804117623,-15.351924890818252,-10.438233792938448,-8.706507339867416,-19.296333473074117,-13.480022189510986,3.315475421351126,149,19.503397976459276,5.14338915912728,13.480022189510986,3.315475421351126,0.27901258132708445,0.23033386071064138
GTB,10,20000,63.946522482236226,0.26488935947418213,0.013799113838979188,0.003881406784057617,0.0006096237358107027,0.1,squared_error,2,1,100,1.0,"{'learning_rate': 0.1, 'loss': 'squared_error', 'max_depth': 2, 'min_samples_leaf': 1, 'n_estimators': 100, 'subsample': 1.0}",0.0282639996518792,0.008804222421941121,0.2872112543644202,0.5955252205701839,0.05669251830846678,0.43303607653213017,0.09369051755766511,0.4797039251735835,0.4617230390683268,0.35613490268066716,0.2800785676329264,0.20572438074665136,128,-27.385612823444674,-21.608795135698244,-17.730973512005235,-14.318192439726808,-18.490089457192973,-15.289024771177289,-24.85323992681675,-14.649266874514762,-15.15993489044513,-25.557905470520048,-19.50430353015419,4.723173834666067,139,-17.868661431577994,-14.883744382922481,-10.38872960475012,-10.80388561915186,-14.230895519610991,-10.11234223443031,-16.302261216075014,-10.575917824915692,-10.143749234037191,-18.61615248425076,-13.39263395517224,3.220038914443252,131,19.50430353015419,4.723173834666067,13.39263395517224,3.220038914443252,0.2800785676329264,0.20572438074665136
GTB,10,20000,63.946522482236226,0.2640555381774902,0.007630242953810013,0.0036571741104125975,0.0001052340312106568,0.1,squared_error,2,5,100,1.0,"{'learning_rate': 0.1, 'loss': 'squared_error', 'max_depth': 2, 'min_samples_leaf': 5, 'n_estimators': 100, 'subsample': 1.0}",0.005609969837630291,0.048326981067652985,0.3863122188641679,0.5654000765830907,0.1273349100439265,0.40560082605641556,0.06568568665426511,0.4501470551374648,0.5003230038051084,0.3060156156742374,0.28607563437239597,0.19609449644385507,111,-27.70299338076221,-21.173600218434483,-16.452272806100577,-14.841824587320975,-17.784275367185913,-15.654570988415815,-25.234299396917415,-15.059615851235828,-14.606263067035773,-26.533996463699356,-19.504371212710833,4.948061134686428,140,-17.847592618567898,-14.579272075400203,-10.253490524575012,-11.055535908119197,-13.08686875011363,-10.128377613377083,-16.916244574083766,-10.924844286227602,-10.263240845869115,-18.342944307559048,-13.339841150389256,3.163803059055775,113,19.504371212710833,4.948061134686428,13.339841150389256,3.163803059055775,0.28607563437239597,0.19609449644385507
GTB,10,20000,63.946522482236226,2.5652019739151,0.3944876163394679,0.006035614013671875,0.0012279938036813354,0.03,squared_error,5,5,500,0.7,"{'learning_rate': 0.03, 'loss': 'squared_error', 'max_depth': 5, 'min_samples_leaf': 5, 'n_estimators': 500, 'subsample': 0.7}",0.008290739003395498,0.03992918560218839,0.1357527775711006,0.5098127881343617,0.01656663783109058,0.45227625595253307,0.15941457102218826,0.5292690392093311,0.6489511883071875,0.29085174525736524,0.2791114927890742,0.22739131178257735,132,-27.66562602558477,-21.26681554471636,-19.524106154239753,-15.762440501388603,-18.879254522093195,-15.027365716048264,-23.93512385952283,-13.934038234310044,-12.242727804741559,-26.822319844379365,-19.50598182070247,5.109726645149606,141,-18.14551319268529,-14.393953211125291,-11.792994865986955,-11.905010424849285,-14.531053607126477,-10.253261690865047,-15.347391851868604,-10.659158974372014,-8.7895732245453,-19.394484011775894,-13.521239505520015,3.2841128181222716,157,19.50598182070247,5.109726645149606,13.521239505520015,3.2841128181222716,0.2791114927890742,0.22739131178257735
GTB,10,20000,63.946522482236226,0.26595001220703124,0.005336510847809104,0.0037777900695800783,0.0006327952554192406,0.03,squared_error,2,1,100,1.0,"{'learning_rate': 0.03, 'loss': 'squared_error', 'max_depth': 2, 'min_samples_leaf': 1, 'n_estimators': 100, 'subsample': 1.0}",0.010726921781512244,0.18157600809722474,0.26893238524530416,0.5050496671939166,0.15148244249443055,0.4035103311390681,0.17304088166396248,0.4624773135295761,0.4886279037075698,0.2603707311525051,0.290579458600507,0.1588290168789587,90,-27.631624142578385,-19.635411469624827,-17.95688233627177,-15.838836729422619,-17.536494744539752,-15.682075297759917,-23.74033104139141,-14.889805179978683,-14.776206555098566,-27.392701324407202,-19.508036882107312,4.73499202123078,142,-18.13762832601054,-13.483084737061558,-11.467735040275048,-11.845089672922322,-13.182244427899969,-11.191436849908024,-15.833325057669589,-11.435454160868778,-10.567260101439624,-18.99053738496457,-13.613379575902002,2.8658735884141877,169,19.508036882107312,4.73499202123078,13.613379575902002,2.8658735884141877,0.290579458600507,0.1588290168789587
GTB,10,20000,63.946522482236226,0.49379258155822753,0.0733383238399134,0.004879307746887207,0.0007634767268518279,0.1,squared_error,3,1,100,1.0,"{'learning_rate': 0.1, 'loss': 'squared_error', 'max_depth': 3, 'min_samples_leaf': 1, 'n_estimators': 100, 'subsample': 1.0}",0.06290023155315227,-0.06224763483749074,0.2281782969831786,0.576610065267521,0.090875821308112,0.42785098858407955,0.1219279888920407,0.5715629487906803,0.41160826491889824,0.3528447423682963,0.2782111713828468,0.21098517699946395,136,-26.893122669532126,-22.369883218579208,-18.450606950794928,-14.649160469364793,-18.151978854209826,-15.358777456907559,-24.463005755268238,-13.293340433446442,-15.849943632285544,-25.6231229014743,-19.510294234186297,4.695335797608447,143,-17.459784218973027,-15.074926137762368,-11.34730316428281,-11.35820786406227,-12.874715066053929,-10.78130912610051,-16.03541758436856,-9.286663393300325,-10.583010619466327,-18.083750687729673,-13.288508786209979,2.9734959509563197,101,19.510294234186297,4.695335797608447,13.288508786209979,2.9734959509563197,0.2782111713828468,0.21098517699946395
GTB,10,20000,63.946522482236226,1.7134258031845093,0.2819032982619622,0.005212163925170899,0.0011646939845143104,0.05,squared_error,3,5,500,0.7,"{'learning_rate': 0.05, 'loss': 'squared_error', 'max_depth': 3, 'min_samples_leaf': 5, 'n_estimators': 500, 'subsample': 0.7}",0.08501953274990359,-0.017803624676250962,0.22663007582853167,0.5605864960132705,-0.05991480808974492,0.3309569242617071,0.20802700892438453,0.5119295374780843,0.5604193180362345,0.335691322302195,0.2741541782828315,0.2160524009842768,143,-26.573834691142064,-21.89690968388815,-18.46910300310144,-14.923791450194704,-19.599629090201745,-16.608450325554262,-23.23271345107373,-14.188349531664105,-13.699784617878521,-25.960483730073918,-19.515304957477262,4.513142126602743,144,-17.350775151841884,-15.03043201309487,-10.676205671792772,-10.988582140701473,-14.72323886259473,-11.562851564573677,-15.023191983211698,-10.555722333613598,-8.81944022668325,-18.682250583576543,-13.34126905316845,3.101626564028239,114,19.515304957477262,4.513142126602743,13.34126905316845,3.101626564028239,0.2741541782828315,0.2160524009842768
GTB,10,20000,63.946522482236226,1.4405928373336792,0.24095419088443398,0.004991483688354492,0.0012043272630218945,0.03,squared_error,2,1,500,1.0,"{'learning_rate': 0.03, 'loss': 'squared_error', 'max_depth': 2, 'min_samples_leaf': 1, 'n_estimators': 500, 'subsample': 1.0}",0.034176680060682085,-0.025810881474155112,0.31974114349410876,0.5737408359465213,0.12104366803804933,0.404576039411481,0.09277253388553508,0.4691602986736151,0.3934971984880138,0.40097946186427036,0.2783876978388121,0.19517329065370545,135,-27.30216966649552,-21.982874538801322,-17.32165029446557,-14.698713880168038,-17.84826569616782,-15.66805997636633,-24.865823428717245,-14.796953675893485,-16.092030455211514,-24.65180219139739,-19.522834380368426,4.486745789796572,145,-17.57393692637527,-15.245883782156815,-10.415644442611987,-10.942504163957251,-13.510186489177746,-10.911308575968135,-16.200793519788437,-10.783789950493178,-10.433638975955894,-18.125220910002238,-13.414290773648696,2.963011876805775,138,19.522834380368426,4.486745789796572,13.414290773648696,2.963011876805775,0.2783876978388121,0.19517329065370545
GTB,10,20000,63.946522482236226,0.3658753395080566,0.012330902266391565,0.0037462711334228516,0.0002152204922931396,0.05,squared_error,3,5,100,1.0,"{'learning_rate': 0.05, 'loss': 'squared_error', 'max_depth': 3, 'min_samples_leaf': 5, 'n_estimators': 100, 'subsample': 1.0}",0.043211471653622824,0.0077255507803887236,0.2640236702900396,0.5690686906503968,0.08800550524302053,0.42094544291132197,0.18185798018314436,0.4819410870155263,0.47041016585508755,0.2952869934809027,0.2822476558063452,0.18910232688077427,121,-27.17417058582327,-21.620549855114298,-18.01706674887635,-14.779049242899033,-18.180611277628635,-15.45118575370652,-23.61343130962397,-14.617738589581188,-15.037105964620398,-26.738310443574303,-19.522921977144797,4.680511478943207,146,-17.833428685201717,-14.845849524928731,-10.768451689240635,-11.405803652640863,-13.49246842598504,-10.323291335631378,-15.047554471969127,-10.81660738370648,-10.882134541588135,-18.82068965934362,-13.423627937023573,2.9534491049942955,140,19.522921977144797,4.680511478943207,13.423627937023573,2.9534491049942955,0.2822476558063452,0.18910232688077427
GTB,10,20000,63.946522482236226,0.23382091522216797,0.011183469761603003,0.0037008285522460937,0.00027326214574774967,0.05,squared_error,2,5,100,0.7,"{'learning_rate': 0.05, 'loss': 'squared_error', 'max_depth': 2, 'min_samples_leaf': 5, 'n_estimators': 100, 'subsample': 0.7}",-0.06703897217156896,0.10709027135974147,0.2083471711632383,0.5928390636774126,0.009300217434867641,0.3432350442829252,0.14237678930961406,0.48810712910986753,0.5498890275025421,0.3660967070360792,0.2740242448704719,0.21742990414283309,144,-28.697129558384923,-20.50947804249354,-18.686137836367383,-14.365658028127548,-18.948873943661532,-16.455347473317165,-24.176476883144126,-14.530486547094432,-13.862904779460694,-25.35942030322277,-19.559191339527413,4.846068909347205,147,-19.369708490911588,-14.354076083791957,-11.644925048323088,-10.91137396741846,-14.877859175584266,-10.852709793197294,-15.901971490725188,-10.678427638032153,-9.912995401463109,-18.37709619007434,-13.688114327952144,3.22895323215263,192,19.559191339527413,4.846068909347205,13.688114327952144,3.22895323215263,0.2740242448704719,0.21742990414283309
GTB,10,20000,63.946522482236226,0.5519207715988159,0.0928904260302933,0.004801058769226074,0.0011211817682592736,0.03,huber,2,1,100,1.0,"{'learning_rate': 0.03, 'loss': 'huber', 'max_depth': 2, 'min_samples_leaf': 1, 'n_estimators': 100, 'subsample': 1.0}",0.020222214238211023,0.1063243193149167,0.24881268071936224,0.5002059314898457,0.14255642175984806,0.38465356804335515,0.16788371242066846,0.478457477055219,0.4305236257303512,0.33162393740483753,0.2811263888176615,0.15944255552574665,124,-27.49869675784925,-20.518272833651615,-18.20230084632701,-15.916149893504494,-17.628491431170914,-15.928024501781495,-23.81424195973,-14.666803647530275,-15.593093960349828,-26.03983701047861,-19.58059128423735,4.424324709987713,148,-17.43444499865437,-14.162554069063582,-10.960868121370785,-11.687461663070422,-13.063467238775681,-10.696883185194778,-15.107793505887898,-11.154326702331874,-10.128351766832761,-17.699857222397185,-13.209600847357933,2.644806703447407,79,19.58059128423735,4.424324709987713,13.209600847357933,2.644806703447407,0.2811263888176615,0.15944255552574665
GTB,10,20000,63.946522482236226,1.9669638395309448,0.28469039345984315,0.006102371215820313,0.003573331600557252,0.1,huber,3,5,300,1.0,"{'learning_rate': 0.1, 'loss': 'huber', 'max_depth': 3, 'min_samples_leaf': 5, 'n_estimators': 300, 'subsample': 1.0}",0.011438223988497032,0.055506380170733505,0.18469702224225037,0.5087764121471904,0.028453836300315616,0.41144078757500446,0.11587055148531322,0.5930895868855006,0.4581283037616918,0.36027958478736866,0.27276806893438654,0.20666672002633654,147,-27.621688579841834,-21.09358244608279,-18.963202307820854,-15.779094535883528,-18.764806632388453,-15.577478218740954,-24.547240555627262,-12.95507758001692,-15.21047139452574,-25.47551211145957,-19.59881543623879,4.699799022349848,149,-17.593626215154806,-14.395228910931783,-11.210004060202625,-11.90217786078542,-13.498264766084066,-10.956562526267376,-15.923031163095226,-9.842297375598912,-9.604114079326326,-18.15284213605682,-13.307814909350336,2.958594075641635,108,19.59881543623879,4.699799022349848,13.307814909350336,2.958594075641635,0.27276806893438654,0.20666672002633654
GTB,10,20000,63.946522482236226,0.911253023147583,0.15737539240631984,0.004635167121887207,0.0008631644877915424,0.05,squared_error,2,1,300,1.0,"{'learning_rate': 0.05, 'loss': 'squared_error', 'max_depth': 2, 'min_samples_leaf': 1, 'n_estimators': 300, 'subsample': 1.0}",0.02004760127770533,-0.034789484539160975,0.2788249610028495,0.5746320700739461,0.10697664627715475,0.4285255737519903,0.0697128618881041,0.47217261491443707,0.3839711558377461,0.41124208493285774,0.271131608541763,0.20343869602757655,150,-27.501147014941683,-22.0788695689391,-17.83497510270261,-14.68333960652412,-17.990522676653228,-15.349720498834879,-25.179856964047623,-14.754910364394096,-16.21791291054959,-24.439718375139062,-19.6030973082726,4.5385907759035415,150,-17.767725414072395,-15.282603759236517,-10.326613151101084,-10.81522018037534,-13.563949598532945,-10.540098017952584,-16.580091659080296,-10.581094041618977,-10.503716990195711,-17.699367969561603,-13.366048078172744,3.0310829930355023,123,19.6030973082726,4.5385907759035415,13.366048078172744,3.0310829930355023,0.271131608541763,0.20343869602757655
GTB,10,20000,63.946522482236226,1.4364764451980592,0.22915591348997985,0.005270242691040039,0.000961295864143211,0.1,huber,2,5,300,1.0,"{'learning_rate': 0.1, 'loss': 'huber', 'max_depth': 2, 'min_samples_leaf': 5, 'n_estimators': 300, 'subsample': 1.0}",0.035626710706021636,-0.12532199269269895,0.3692658027031903,0.49307119785957465,0.15199951654538368,0.46224093815239153,0.03334589821662648,0.6010716207905,0.40339305877185994,0.3253285484638935,0.27500212995167433,0.22537164712667346,142,-27.28166702786914,-23.024448359594423,-16.67920525714952,-16.029351605990744,-17.53115068999228,-14.890042607135284,-25.6673066687161,-12.82738359868497,-15.96020962322396,-26.162183324820255,-19.605294876317664,5.074148693505952,151,-17.335802248832223,-15.644844164614982,-9.602581500217095,-11.754291572216943,-12.967024157680926,-11.046108411856242,-16.6157073268931,-9.745280373254635,-9.889166935472966,-17.999580548183655,-13.260038723922278,3.1681355628570986,90,19.605294876317664,5.074148693505952,13.260038723922278,3.1681355628570986,0.27500212995167433,0.22537164712667346
GTB,10,20000,63.946522482236226,0.7419573783874511,0.09319584821147729,0.004961395263671875,0.0008947343021690892,0.05,squared_error,2,1,300,0.7,"{'learning_rate': 0.05, 'loss': 'squared_error', 'max_depth': 2, 'min_samples_leaf': 1, 'n_estimators': 300, 'subsample': 0.7}",0.03029639912853599,0.03396257284840665,0.31393007435444975,0.5340550875693588,-0.019098975984370936,0.40764786024976585,0.03241516076254847,0.4441716605469016,0.5281182613509965,0.3846537631989496,0.2690151864025542,0.21304805143233907,154,-27.35695913650678,-21.33279729942631,-17.395477525892648,-15.367731312455726,-19.218547233875,-15.62759157693099,-25.679660506511468,-15.141223114563982,-14.194203444524703,-24.985473965244463,-19.629966511593206,4.657579881237454,152,-18.15236753195537,-14.736214976060232,-10.39811971990397,-11.218927242483522,-14.159270718108461,-10.75832956959925,-17.528352033315503,-10.842435313633677,-9.22967096355364,-18.51725177144048,-13.55409398400541,3.355869990602614,163,19.629966511593206,4.657579881237454,13.55409398400541,3.355869990602614,0.2690151864025542,0.21304805143233907
GTB,10,20000,63.946522482236226,1.2573073625564575,0.24036006549654837,0.0051143884658813475,0.0012294626416830732,0.05,squared_error,3,1,300,1.0,"{'learning_rate': 0.05, 'loss': 'squared_error', 'max_depth': 3, 'min_samples_leaf': 1, 'n_estimators': 300, 'subsample': 1.0}",0.0837570070639283,-0.03999345851288161,0.28533093587920466,0.5329025967055814,0.02319320381648171,0.40679083191437504,0.10581445108207987,0.5628143348153786,0.382749899071515,0.35150470484153973,0.26948645066772026,0.20293116677727463,153,-26.59216217713778,-22.134317450170172,-17.754345036160874,-15.386725222538413,-18.81554096073826,-15.638892665397414,-24.68644616758853,-13.428378463951615,-16.23398068844702,-25.64963755132843,-19.632042638345848,4.523889376936115,153,-17.47667479700693,-15.204815777559649,-11.262129699358415,-11.37783750139575,-13.07347831010452,-11.081652543887891,-16.198417251475213,-9.583275820250089,-10.369930548363524,-18.368505726670843,-13.399671797607283,3.004721465693872,134,19.632042638345848,4.523889376936115,13.399671797607283,3.004721465693872,0.26948645066772026,0.20293116677727463
GTB,10,20000,63.946522482236226,3.368043851852417,0.539241728840535,0.0058391809463500975,0.0016837833407862826,0.1,huber,3,5,500,1.0,"{'learning_rate': 0.1, 'loss': 'huber', 'max_depth': 3, 'min_samples_leaf': 5, 'n_estimators': 500, 'subsample': 1.0}",0.006637633294293455,0.05057951430834251,0.18495654477806478,0.5159825217771562,0.007442871841857768,0.39270519366236256,0.11375450777393026,0.5891247519324742,0.4545854129010317,0.3617258269398045,0.2677494779209318,0.20926674383584673,158,-27.68867469676003,-21.148527271676365,-18.960183939077645,-15.662929531648631,-18.966628125112884,-15.823474635591323,-24.57659824277648,-13.018040123229994,-15.260115288359211,-25.44669905053904,-19.65518709047716,4.684811054070384,154,-17.67956655578383,-14.411362184921114,-11.181497193122677,-11.998458161633424,-13.641258890483332,-11.126276378749457,-15.975783827126742,-9.928898060440211,-9.561095821092696,-18.183849360996522,-13.368804643435002,2.962220823319665,124,19.65518709047716,4.684811054070384,13.368804643435002,2.962220823319665,0.2677494779209318,0.20926674383584673
GTB,10,20000,63.946522482236226,0.3666947364807129,0.005087703668470312,0.0038985967636108398,0.0006485736804262785,0.03,squared_error,3,5,100,1.0,"{'learning_rate': 0.03, 'loss': 'squared_error', 'max_depth': 3, 'min_samples_leaf': 5, 'n_estimators': 100, 'subsample': 1.0}",0.01572365584985702,0.05677771362502271,0.19812676252980632,0.5640711381662562,0.05729141390324244,0.45370623540425026,0.18206831938501178,0.46257769348480926,0.4565025332650654,0.2784119087873441,0.2725257374400666,0.18983282982801997,148,-27.5617533128133,-21.079381181626136,-18.806372051737522,-14.864499252790656,-18.484218947561615,-15.007736415381894,-23.610395681670017,-14.88841481283626,-15.23327219336138,-27.056554845111044,-19.659259869488984,4.731621946044257,155,-18.090892732010705,-14.463658240601754,-11.148758703020867,-11.563961578863895,-14.198684249746538,-10.207125605637868,-15.14064088528242,-11.334678907836144,-11.039068710820331,-18.763207739154023,-13.595067735297453,2.892406832784277,166,19.659259869488984,4.731621946044257,13.595067735297453,2.892406832784277,0.2725257374400666,0.18983282982801997
GTB,10,20000,63.946522482236226,0.8544283151626587,0.16455924798383925,0.005147242546081543,0.0010846009086924327,0.05,squared_error,2,5,300,0.7,"{'learning_rate': 0.05, 'loss': 'squared_error', 'max_depth': 2, 'min_samples_leaf': 5, 'n_estimators': 300, 'subsample': 0.7}",-0.02058076962767208,-0.03744447643190685,0.19671275058689508,0.5797108187069411,0.014934633618998272,0.38247626801603474,0.11298657183592542,0.5168237275154096,0.545070037528937,0.35629294735376515,0.2646982509103327,0.2294263358627253,161,-28.06544986538807,-22.107175648797504,-18.82294619375015,-14.595419339635482,-18.894913056766374,-15.956178938956988,-24.587243806855238,-14.117032536019048,-13.936916907728415,-25.554768525579323,-19.663804481947658,4.89692344301776,156,-18.608573529852578,-15.086683130581978,-11.191271652191064,-10.703716138123164,-14.090683101624235,-10.435442238149308,-15.864977278497637,-9.874159757219923,-9.365194350201294,-18.573105390116513,-13.37938065665577,3.3605401126030197,127,19.663804481947658,4.89692344301776,13.37938065665577,3.3605401126030197,0.2646982509103327,0.2294263358627253
GTB,10,20000,63.946522482236226,0.6195066928863525,0.08974235192415513,0.004337716102600098,0.0007970655956370473,0.05,squared_error,5,5,100,1.0,"{'learning_rate': 0.05, 'loss': 'squared_error', 'max_depth': 5, 'min_samples_leaf': 5, 'n_estimators': 100, 'subsample': 1.0}",0.018313140210660994,0.05110188022122897,0.1437068259727845,0.5526636143664817,0.0042519899383680615,0.476384904378905,0.13856270191935638,0.5373134014168388,0.6087348839621346,0.1757805912786311,0.270681393366539,0.23079737304837847,151,-27.525474003210988,-21.142708569701917,-19.434053997425718,-15.057732717752772,-18.997090708315724,-14.692921254263647,-24.23017698106982,-13.814465190623288,-12.924983723226074,-28.916733753790645,-19.67363408993806,5.44527172623509,157,-18.30395468426906,-14.531491660363072,-11.26689112122475,-11.346354793080852,-14.409829892756434,-10.098968697258483,-15.037319826578177,-10.275893906374082,-9.021487231463857,-19.67599007841365,-13.396818189178243,3.420722153428241,133,19.67363408993806,5.44527172623509,13.396818189178243,3.420722153428241,0.270681393366539,0.23079737304837847
GTB,10,20000,63.946522482236226,0.7776484012603759,0.01965551087769084,0.004217314720153809,0.0002541991575631371,0.05,squared_error,2,5,300,1.0,"{'learning_rate': 0.05, 'loss': 'squared_error', 'max_depth': 2, 'min_samples_leaf': 5, 'n_estimators': 300, 'subsample': 1.0}",0.030967713404201347,-0.004540374871609298,0.32232518701534685,0.5799807897842968,0.10287053243328104,0.3980781872569187,0.012452090870295418,0.46806850405648015,0.4594341002014517,0.3295711734439979,0.26992079035946603,0.20510171763315682,152,-27.34748804823847,-21.753769819426683,-17.288719826044886,-14.590730931953471,-18.03183537797283,-15.753320639396271,-25.943217542509423,-14.812162538494038,-15.192133327004049,-26.079794051285873,-19.679317210232604,4.866899158821207,158,-17.33208452243939,-15.053528786018665,-10.46459216680941,-10.83499228714807,-13.401409251708419,-10.224907377101284,-17.298816625432334,-10.967884680238685,-10.475303311714129,-18.19611589589607,-13.424963490450645,3.100626511788712,141,19.679317210232604,4.866899158821207,13.424963490450645,3.100626511788712,0.26992079035946603,0.20510171763315682
GTB,10,20000,63.946522482236226,1.1877605199813843,0.18997506614686224,0.004949641227722168,0.0008319249324736464,0.05,squared_error,3,5,300,1.0,"{'learning_rate': 0.05, 'loss': 'squared_error', 'max_depth': 3, 'min_samples_leaf': 5, 'n_estimators': 300, 'subsample': 1.0}",0.06369141727871475,-0.04573589668717837,0.18022159529391135,0.5330557783057692,0.029938295868403797,0.4102396116568643,0.16606914894088864,0.5186253243935187,0.4963104005583767,0.3111694496710784,0.2663585125280347,0.20547568057798507,159,-26.881767449692685,-22.19534186104344,-19.01517824858067,-15.384202026686701,-18.750465448040643,-15.593365961370338,-23.84019321325488,-14.09068919571429,-14.664792822771977,-26.435286277907924,-19.685128250506356,4.625866568449864,159,-18.158821080685307,-15.33845933755262,-10.96023286879142,-12.104277419955842,-13.668339985580975,-10.494824231312336,-15.193119060384845,-10.329367970931765,-9.60714937923605,-18.560062293049373,-13.441465362748053,3.1013906218706104,142,19.685128250506356,4.625866568449864,13.441465362748053,3.1013906218706104,0.2663585125280347,0.20547568057798507
GTB,10,20000,63.946522482236226,3.5141091346740723,0.4818527215240592,0.005528163909912109,0.0013164454156065185,0.1,huber,3,1,500,1.0,"{'learning_rate': 0.1, 'loss': 'huber', 'max_depth': 3, 'min_samples_leaf': 1, 'n_estimators': 500, 'subsample': 1.0}",-0.016724204237785978,-0.11552388821609094,0.2676977071659786,0.5235554417956009,0.11201773612055665,0.4099256462769536,0.15285024005012293,0.44454079591122064,0.44725939848136587,0.4130087641962201,0.26386076375441425,0.2086520397570435,163,-28.0123728870067,-22.923993039334505,-17.972039358325734,-15.539915651562689,-17.939672835233058,-15.597516058391259,-24.028399639883016,-15.13619450340196,-15.362260442618341,-24.403022832259367,-19.691538724801667,4.474460933606958,160,-18.02500935779865,-15.783107394699092,-11.598300842840231,-11.143616177920936,-12.404697207397355,-11.065809892932027,-15.187257167252422,-10.768155513067319,-10.13851584252685,-17.972273835657845,-13.408674323209272,2.8898006749409704,136,19.691538724801667,4.474460933606958,13.408674323209272,2.8898006749409704,0.26386076375441425,0.2086520397570435
GTB,10,20000,63.946522482236226,2.4429014921188354,0.41586804887744555,0.005273222923278809,0.0009539049063501707,0.1,huber,2,5,500,1.0,"{'learning_rate': 0.1, 'loss': 'huber', 'max_depth': 2, 'min_samples_leaf': 5, 'n_estimators': 500, 'subsample': 1.0}",0.04834786015000048,-0.1369763427084989,0.3754848098497384,0.4827467805582907,0.14350251053002594,0.4463906489756926,0.0030213199445013883,0.5924272012294867,0.4132293212276852,0.3172318797848588,0.26854059895417814,0.2272056412965532,156,-27.101132018414027,-23.143367125203554,-16.596773502268245,-16.191760558994073,-17.618763257020547,-15.107888825511317,-26.066797975774165,-12.965617698791,-15.828094776401644,-26.318700091120743,-19.693889582949932,5.086028032086485,161,-17.345321683194868,-15.574125092071144,-9.746204343386411,-11.987541073675345,-12.900642227306117,-11.306897524883121,-16.873407768676014,-9.58859956042289,-9.584632969448009,-18.316827817668234,-13.322420006073216,3.2485604785095754,112,19.693889582949932,5.086028032086485,13.322420006073216,3.2485604785095754,0.26854059895417814,0.2272056412965532
GTB,10,20000,63.946522482236226,0.6501525163650512,0.020642730317139635,0.004755759239196777,0.0007596006160695079,0.1,squared_error,5,1,100,1.0,"{'learning_rate': 0.1, 'loss': 'squared_error', 'max_depth': 5, 'min_samples_leaf': 1, 'n_estimators': 100, 'subsample': 1.0}",0.07966137920003302,0.0843957590997263,0.10305097700218246,0.5194240769993952,0.05813973306588016,0.33915656731325516,0.11863719024048835,0.5708571054028089,0.46109917644113774,0.3110724189401868,0.26454943837050937,0.19020092677114833,162,-26.651529704703645,-20.76848074840378,-19.89005777525498,-15.607145388819427,-18.475900339572707,-16.50636183216587,-24.508803560077762,-13.304286213004822,-15.168717523466874,-26.437148089077873,-19.731843117454776,4.55951788938891,162,-17.899168985739546,-14.223029515409026,-12.904478158355515,-12.205642796320307,-14.202458746548169,-11.517133886735342,-15.856882949742534,-9.627607377663052,-9.96118109290304,-17.749749190454683,-13.614733269987122,2.7808805199157383,170,19.731843117454776,4.55951788938891,13.614733269987122,2.7808805199157383,0.26454943837050937,0.19020092677114833
GTB,10,20000,63.946522482236226,6.293885135650635,0.7050451719002069,0.006068825721740723,0.0009560152127865459,0.1,huber,5,1,500,0.7,"{'learning_rate': 0.1, 'loss': 'huber', 'max_depth': 5, 'min_samples_leaf': 1, 'n_estimators': 500, 'subsample': 0.7}",0.0646507788914964,0.1576446528104043,0.002335000019468958,0.4576385568828246,-0.0008619391191317938,0.3437326944342778,0.0642133788647008,0.4373550229852654,0.6975576656451661,0.3524005434630316,0.25766663548775043,0.22335568776219547,174,-26.867992105905124,-19.920420377088035,-20.977055747201412,-16.580089689741058,-19.045810543980295,-16.44911194115292,-25.254173881400806,-15.23378560356974,-11.363594578758072,-25.631915081252448,-19.73239495500499,4.78809294814873,163,-18.096755993058572,-13.969793127545973,-13.127662527060924,-12.59834933654733,-14.550703680504261,-11.482337968337992,-16.14031850449938,-11.070507610438685,-7.761786037260186,-18.935541188079288,-13.77337559733326,3.1949334742175437,203,19.73239495500499,4.78809294814873,13.77337559733326,3.1949334742175437,0.25766663548775043,0.22335568776219547
GTB,10,20000,63.946522482236226,2.1404840469360353,0.3501412757047158,0.006290459632873535,0.0015971768254354278,0.05,squared_error,3,1,500,1.0,"{'learning_rate': 0.05, 'loss': 'squared_error', 'max_depth': 3, 'min_samples_leaf': 1, 'n_estimators': 500, 'subsample': 1.0}",0.07666823842842874,-0.05248440165293755,0.2724119322191606,0.5065222274633472,0.0028826166461646263,0.40089062607045645,0.0958182136847181,0.5652134372204027,0.37554891298048854,0.36427508501181993,0.26077468880720495,0.20554161684310207,168,-26.694832802528154,-22.26684389960849,-17.914098099909086,-15.81525758023742,-19.010148816763863,-15.71647438789877,-24.82404944837449,-13.391482956421545,-16.328400839723813,-25.395831329389225,-19.73574201608549,4.472047454064036,164,-17.632199928510715,-15.320406435381159,-11.53196672240006,-11.703722926662898,-13.187154309002581,-11.250264465711789,-16.419295042904707,-9.73806536520126,-10.314414052969733,-18.40973792766176,-13.550722717640667,2.9924922170847488,162,19.73574201608549,4.472047454064036,13.550722717640667,2.9924922170847488,0.26077468880720495,0.20554161684310207
GTB,10,20000,63.946522482236226,1.4364336252212524,0.21467230302598533,0.005398607254028321,0.0012905196081974535,0.03,squared_error,2,5,500,1.0,"{'learning_rate': 0.03, 'loss': 'squared_error', 'max_depth': 2, 'min_samples_leaf': 5, 'n_estimators': 500, 'subsample': 1.0}",0.029757838988442198,-0.04216391375972739,0.34041254036599655,0.5616773262848711,0.11595641194081296,0.3789289091124488,0.013255732317625113,0.48612682610398716,0.4453688364231835,0.3287097724941529,0.2658030280271793,0.20674730279745532,160,-27.364554922797513,-22.15740245403515,-17.056438752196755,-14.905256017031105,-17.899842601646668,-16.001943364933968,-25.932659427792043,-14.558565655133574,-15.388510110644443,-26.096542993914902,-19.736171630012613,4.862616770731985,165,-17.38445550240406,-15.371075376909339,-10.314922017325333,-11.108110599778387,-13.410117044765597,-10.396546314568141,-17.48551116238368,-10.606265052903504,-10.448242393752388,-18.17146840724134,-13.469671387203178,3.154043793089152,146,19.736171630012613,4.862616770731985,13.469671387203178,3.154043793089152,0.2658030280271793,0.20674730279745532
GTB,10,20000,63.946522482236226,3.9445229291915895,0.6210005197016221,0.005035805702209473,0.0006371125110734732,0.1,huber,5,1,300,0.7,"{'learning_rate': 0.1, 'loss': 'huber', 'max_depth': 5, 'min_samples_leaf': 1, 'n_estimators': 300, 'subsample': 0.7}",0.05943324001223349,0.15672033500272875,0.000626572468440556,0.45760709183984805,-0.0009550469604888701,0.34862501733020357,0.060525152634229085,0.4386126639665042,0.6995105465748503,0.3514545062278456,0.25721600790963944,0.22501498214582508,176,-26.942825034554833,-19.931346734369164,-20.995008893154136,-16.58057062885923,-19.046696416945103,-16.38768505957548,-25.3038922190867,-15.216750570975696,-11.326847595993176,-25.650630273511833,-19.738225342702535,4.8200245100440515,166,-18.04702016390498,-13.976614648370875,-13.116089826642211,-12.59389508694945,-14.52903165304583,-11.436116030770455,-16.133120257484176,-11.04985271935327,-7.740734742517057,-18.965784249582303,-13.758825937862062,3.201563044908524,201,19.738225342702535,4.8200245100440515,13.758825937862062,3.201563044908524,0.25721600790963944,0.22501498214582508
GTB,10,20000,63.946522482236226,1.4435521602630614,0.24053402402309496,0.005129122734069824,0.0015961844299024726,0.1,huber,2,1,300,1.0,"{'learning_rate': 0.1, 'loss': 'huber', 'max_depth': 2, 'min_samples_leaf': 1, 'n_estimators': 300, 'subsample': 1.0}",-0.07338508619087114,-0.17582705683858113,0.3606613615801474,0.497183423760039,0.17174498371357094,0.4436684700715853,0.05492262497121059,0.5837916261823306,0.37770023903120653,0.37848270495306113,0.2618943291233699,0.24161041780812145,165,-28.78233979195517,-23.53545264211289,-16.79258827479515,-15.964203858959118,-17.325844419634763,-15.144987136775274,-25.379229536807614,-13.102254257626468,-16.300249698592584,-25.110446024035852,-19.743759564129487,5.12434914917761,167,-19.47726481392731,-15.504798533321855,-9.33175822108108,-11.55118095492351,-12.136372326661945,-11.496061642129396,-16.48962380721611,-9.604840122781972,-10.378692466732431,-17.66087547119863,-13.363146835997423,3.4318009103600704,120,19.743759564129487,5.12434914917761,13.363146835997423,3.4318009103600704,0.2618943291233699,0.24161041780812145
GTB,10,20000,63.946522482236226,1.3189674615859985,0.2649594754954315,0.00537714958190918,0.0013814141521334654,0.05,squared_error,2,1,500,0.7,"{'learning_rate': 0.05, 'loss': 'squared_error', 'max_depth': 2, 'min_samples_leaf': 1, 'n_estimators': 500, 'subsample': 0.7}",0.07442893233668402,-0.005409305844775059,0.32061561627698754,0.5013940773510143,-0.025285373779890596,0.4130689382548014,-0.019332258686932002,0.43766991519907805,0.5006790793367388,0.3913299326663261,0.2589159553110033,0.21363455878586546,172,-26.72718395953531,-21.763176329573685,-17.31051322312061,-15.897220137069569,-19.276791669402694,-15.555917052264181,-26.357404079836098,-15.229522105240765,-14.601057844644444,-24.849564974995396,-19.756835137568274,4.56018038432848,168,-17.91536488251478,-15.191764158943364,-10.363989602187296,-11.572386739464894,-14.0881637467858,-10.848573706615468,-17.835946828755734,-10.801504173248102,-9.304779010073725,-18.519921408530244,-13.644239425711941,3.346005375167974,179,19.756835137568274,4.56018038432848,13.644239425711941,3.346005375167974,0.2589159553110033,0.21363455878586546
GTB,10,20000,63.946522482236226,2.1818764925003054,0.3466812446875734,0.005555343627929687,0.001742680019145111,0.1,huber,3,1,300,1.0,"{'learning_rate': 0.1, 'loss': 'huber', 'max_depth': 3, 'min_samples_leaf': 1, 'n_estimators': 300, 'subsample': 1.0}",-0.05682865813747395,-0.16850078769026422,0.26378199505442035,0.5377116330349176,0.1145446778597129,0.4086879702197751,0.15430278943045872,0.4794864786234987,0.4357680923115723,0.4056123147726528,0.2574566505479271,0.22710694360797612,175,-28.559500559409578,-23.462016465204186,-18.020024671079145,-15.307312702862632,-17.91412907906557,-15.613865319980235,-24.00779088054675,-14.65232772769627,-15.52112731370422,-24.556288058648384,-19.7614382778197,4.687133346390852,169,-18.17407045585845,-16.06518973542826,-11.415520779960719,-10.976320296216853,-12.417012343452907,-11.065377575400552,-15.176321268431693,-10.328383343080862,-10.146181694067778,-18.02989866484469,-13.379427615674274,3.0121969033169957,128,19.7614382778197,4.687133346390852,13.379427615674274,3.0121969033169957,0.2574566505479271,0.22710694360797612
GTB,10,20000,63.946522482236226,1.9234583139419557,0.26180173519063604,0.005199790000915527,0.0008520352806057089,0.05,squared_error,3,5,500,1.0,"{'learning_rate': 0.05, 'loss': 'squared_error', 'max_depth': 3, 'min_samples_leaf': 5, 'n_estimators': 500, 'subsample': 1.0}",0.08224510328608348,-0.032471090599411,0.16227413198983454,0.5066341431324698,-0.01727700533304999,0.4046038635375928,0.15904715233763622,0.5145022436061077,0.4842924872560729,0.3240658960563163,0.25879169252696527,0.20363387028558838,173,-26.614093159875033,-22.054122400022386,-19.222201572450437,-15.813464109895538,-19.201359848593043,-15.667693888336064,-23.940354292174618,-14.150905467208807,-14.838710751704385,-26.186653237109997,-19.76895587273703,4.46791307599181,170,-17.977612890787643,-15.193479645971264,-11.072956806970005,-12.399389470545303,-14.037887797440199,-10.866869013886195,-15.180485497581584,-10.249426937178244,-9.369403424029612,-18.58180752910976,-13.49293190134998,3.058068471806808,152,19.76895587273703,4.46791307599181,13.49293190134998,3.058068471806808,0.25879169252696527,0.20363387028558838
GTB,10,20000,63.946522482236226,0.7619108200073242,0.13398992349339592,0.004628038406372071,0.0008429516452856149,0.03,squared_error,5,1,100,1.0,"{'learning_rate': 0.03, 'loss': 'squared_error', 'max_depth': 5, 'min_samples_leaf': 1, 'n_estimators': 100, 'subsample': 1.0}",0.03615069077287314,0.09975449238483203,0.14996782447748924,0.55157823828955,0.007323544553058836,0.37989004993150965,0.0843974070533755,0.49799433929346537,0.5157840468898517,0.2952691861466281,0.26181098197926334,0.2013070474720602,166,-27.274254445958043,-20.593554428325735,-19.362875211550882,-15.075989003094094,-18.96776819465093,-15.989556638054143,-24.980334954270447,-14.38947414835084,-14.37851341867325,-26.738648265510157,-19.775096870843857,4.77341041186478,171,-17.901264512590433,-14.288047879341875,-12.606549683438772,-11.452021895307507,-14.644918058683155,-11.529604041916388,-15.991237492429144,-10.529443814212062,-9.708141744321944,-18.379905276232503,-13.70311343984738,2.8807550448869184,194,19.775096870843857,4.77341041186478,13.70311343984738,2.8807550448869184,0.26181098197926334,0.2013070474720602
GTB,10,20000,63.946522482236226,0.6517990827560425,0.12673399135966312,0.004760146141052246,0.0012211976793416036,0.1,huber,3,5,100,0.7,"{'learning_rate': 0.1, 'loss': 'huber', 'max_depth': 3, 'min_samples_leaf': 5, 'n_estimators': 100, 'subsample': 0.7}",0.0014114851553547192,-0.007192345643324494,0.15445707369788053,0.41424188822135255,0.16181203437686276,0.32015277122700103,0.16472447437290394,0.465458953424125,0.5635638794867859,0.3759600298061614,0.2614590244125103,0.18528792423656462,167,-27.761415165743006,-21.78246569763264,-19.311677240866626,-17.230648676550118,-17.42942594321474,-16.74201541745041,-23.859406070742775,-14.848450855918871,-13.650695637692447,-25.16135478434811,-19.777755549015975,4.434805021319579,172,-17.96408066673366,-15.083452499715527,-11.574678539438755,-12.194119974825231,-12.968584060952095,-11.048360970312892,-14.402260710522814,-10.726622453147831,-8.708464341601022,-17.900505738077886,-13.257112995532774,2.9048146476338146,89,19.777755549015975,4.434805021319579,13.257112995532774,2.9048146476338146,0.2614590244125103,0.18528792423656462
GTB,10,20000,63.946522482236226,0.6336382865905762,0.08388630577832791,0.004323601722717285,0.000848440800552096,0.1,huber,3,1,100,0.7,"{'learning_rate': 0.1, 'loss': 'huber', 'max_depth': 3, 'min_samples_leaf': 1, 'n_estimators': 100, 'subsample': 0.7}",0.01705794826132101,-0.020486974088374854,0.2803967043611538,0.4698299113256612,0.18585974054383703,0.3636701624948713,-0.003675028829050797,0.4337249653989875,0.5827400220617016,0.32506967243580276,0.2634187123965911,0.20158518636883702,164,-27.54306551734278,-21.92575531890054,-17.81552955051992,-16.392684587058888,-17.177580341534078,-16.197321986698714,-26.154192146239385,-15.282849056410782,-13.347434723100333,-26.16720214733436,-19.800361537513975,4.927833857908884,173,-18.099922162486315,-15.07475164233364,-10.831225010420946,-11.610600368557106,-12.929138858279439,-11.627457811420378,-16.87444344380518,-10.87196789974603,-9.172547471687203,-19.37022643920797,-13.64622811079442,3.3080147028590825,180,19.800361537513975,4.927833857908884,13.64622811079442,3.3080147028590825,0.2634187123965911,0.20158518636883702
GTB,10,20000,63.946522482236226,3.3622127771377563,0.4646345589887435,0.00650491714477539,0.0011749611277089328,0.1,squared_error,5,1,500,1.0,"{'learning_rate': 0.1, 'loss': 'squared_error', 'max_depth': 5, 'min_samples_leaf': 1, 'n_estimators': 500, 'subsample': 1.0}",0.08483994856604793,0.08231887960757533,0.10126475809340951,0.5086156885407893,0.0567992905333885,0.3314819140193951,0.09780020178313753,0.5651427036020582,0.4561107206246675,0.31155241816445045,0.25959265235349194,0.1887312124366977,169,-26.576442400511574,-20.792022141809625,-19.909852839421553,-15.781675708318598,-18.489042988307087,-16.601932824832303,-24.79682706714318,-13.39257221446627,-15.238762111575646,-26.427936655213706,-19.800706695159953,4.536158740520845,174,-17.879377833528423,-14.230818072810454,-12.998983804423963,-12.35199788506761,-14.198306950568767,-11.574096962075316,-16.173896860247538,-9.573292636163297,-9.936732358281931,-17.79083708579319,-13.670834044896049,2.8082695396274593,186,19.800706695159953,4.536158740520845,13.670834044896049,2.8082695396274593,0.25959265235349194,0.1887312124366977
GTB,10,20000,63.946522482236226,1.2625411987304687,0.1500318018480982,0.004591751098632813,0.000860506344359612,0.1,huber,5,1,100,0.7,"{'learning_rate': 0.1, 'loss': 'huber', 'max_depth': 5, 'min_samples_leaf': 1, 'n_estimators': 100, 'subsample': 0.7}",0.049985221512259925,0.15268931882551073,-0.02746901201899221,0.46490599926903065,0.017259489371650893,0.3563835840183075,0.060066768492970324,0.4256372245697029,0.6824414571633756,0.3496542225841044,0.25315542737879204,0.22403004519285638,186,-27.0778076081352,-19.978927507005736,-21.288081801975366,-16.468631526639975,-18.87260291468503,-16.28979534143179,-25.310064544222598,-15.39159966393071,-11.644111097359787,-25.686207120904193,-19.80078291262904,4.800554768198899,175,-18.13490671512033,-13.950353154471236,-13.242344761428734,-12.465972858141605,-14.091558794203065,-11.413450637467204,-16.071533810615794,-10.979279272460486,-7.881521071858781,-18.926941554111398,-13.715786262987862,3.1787511499504104,197,19.80078291262904,4.800554768198899,13.715786262987862,3.1787511499504104,0.25315542737879204,0.22403004519285638
GTB,10,20000,63.946522482236226,2.1347726583480835,0.30658324921603347,0.0059616327285766605,0.0013936965529871624,0.1,squared_error,5,1,300,1.0,"{'learning_rate': 0.1, 'loss': 'squared_error', 'max_depth': 5, 'min_samples_leaf': 1, 'n_estimators': 300, 'subsample': 1.0}",0.08470414234084334,0.0821380848474097,0.10096463218829388,0.5085810445622022,0.0568286707882375,0.3315750671184352,0.09786436428637935,0.5651151792220024,0.4559599602507728,0.31125574478919127,0.2594986890393768,0.18874799150720808,170,-26.578414248182643,-20.794070186301454,-19.913176935074855,-15.782232024816928,-18.48875502360364,-16.600776105662703,-24.795945303043464,-13.39299605053593,-15.240873977334857,-26.433630349899143,-19.802087020445562,4.53700945472978,176,-17.881716363460214,-14.231740836203608,-12.999611792437305,-12.352656538811447,-14.199362187566193,-11.573179369246615,-16.172680936458917,-9.576325313014905,-9.938127602860494,-17.793556304978175,-13.671895724503788,2.8083436271897178,188,19.802087020445562,4.53700945472978,13.671895724503788,2.8083436271897178,0.2594986890393768,0.18874799150720808
GTB,10,20000,63.946522482236226,1.282425594329834,0.19988508040156416,0.005598258972167969,0.0013175130744163357,0.05,squared_error,2,5,500,0.7,"{'learning_rate': 0.05, 'loss': 'squared_error', 'max_depth': 2, 'min_samples_leaf': 5, 'n_estimators': 500, 'subsample': 0.7}",-0.003540010388168646,-0.07522319179478942,0.22638125726891523,0.565206639518349,-0.0261280506540158,0.37813363543723477,0.06662380664769407,0.4971937691221632,0.533121530676306,0.36461678727214153,0.25263861731058296,0.23464599605938044,188,-27.830157467142946,-22.506094708574885,-18.47207382333581,-14.845127210537838,-19.284711791251745,-16.012185230363666,-25.221627672992327,-14.400943336419006,-14.11875374237187,-25.38900527997824,-19.80806802629683,4.845516897984474,177,-18.273647641040036,-15.350225249059076,-11.189030288948446,-10.805837953963335,-14.24862754780496,-10.728108862828048,-16.377862978694445,-10.400303371557223,-9.057446114584634,-18.5041327090473,-13.493522271752749,3.3124218207814846,153,19.80806802629683,4.845516897984474,13.493522271752749,3.3124218207814846,0.25263861731058296,0.23464599605938044
GTB,10,20000,63.946522482236226,1.3057097673416138,0.22122666972716842,0.005328726768493652,0.0011522951665830727,0.1,squared_error,3,1,300,1.0,"{'learning_rate': 0.1, 'loss': 'squared_error', 'max_depth': 3, 'min_samples_leaf': 1, 'n_estimators': 300, 'subsample': 1.0}",0.07983010319255579,-0.06641573380560883,0.17678566160248976,0.5507846389971556,0.03142819619044357,0.41405715911631746,0.05346072277692204,0.5580658362040545,0.3916130208798644,0.35149045526200495,0.25411000604161993,0.2152474667176304,183,-26.649086604679795,-22.413728268599442,-19.054985698281648,-15.089323553756115,-18.736060663602505,-15.542815719769061,-25.398851006719127,-13.501107775991795,-16.117007035260222,-25.6499193533286,-19.815288567998834,4.631948819229209,178,-17.609579207620172,-15.077501727905815,-12.106057606324706,-11.660572528694196,-13.029314251347158,-11.55523254032812,-16.605055902540133,-9.574644786863136,-10.494227303198002,-18.525593088198836,-13.623777894302028,2.964712781358878,173,19.815288567998834,4.631948819229209,13.623777894302028,2.964712781358878,0.25411000604161993,0.2152474667176304
GTB,10,20000,63.946522482236226,4.877741813659668,0.5754940361544206,0.0065440177917480465,0.0014603118553927223,0.1,huber,5,5,500,0.7,"{'learning_rate': 0.1, 'loss': 'huber', 'max_depth': 5, 'min_samples_leaf': 5, 'n_estimators': 500, 'subsample': 0.7}",0.021075252791738275,0.10333270661263283,0.06080269440373731,0.4257801149903364,0.10896603918880243,0.4177237285986569,0.24890628720621177,0.3494017957020399,0.5096728882081224,0.3450292236315632,0.2590690731333841,0.165575942056151,171,-27.48672335079301,-20.55258698280252,-20.35310078022018,-17.060100515936206,-17.970472712176594,-15.494109393403145,-22.62516805677598,-16.38125029983777,-14.468962595803761,-25.77738032497675,-19.81698550127259,4.161352076552085,179,-18.36285078430039,-13.771740522393566,-12.224422633616438,-13.144983537344018,-13.918845145282111,-10.88086240231315,-14.181659022206007,-12.265013118136013,-9.735579894293346,-18.09428884501578,-13.658024590490081,2.6368179802980714,183,19.81698550127259,4.161352076552085,13.658024590490081,2.6368179802980714,0.2590690731333841,0.165575942056151
GTB,10,20000,63.946522482236226,1.4887237548828125,0.24022437215624415,0.005536890029907227,0.0012154457997840193,0.05,squared_error,2,1,500,1.0,"{'learning_rate': 0.05, 'loss': 'squared_error', 'max_depth': 2, 'min_samples_leaf': 1, 'n_estimators': 500, 'subsample': 1.0}",-0.004241483102887411,-0.058670158536271444,0.25336114109212726,0.5467415562154379,0.09569799906457443,0.3988546281753865,0.03681295368320081,0.4803974284608761,0.3619178639565741,0.42821786598588707,0.25390897949949054,0.2089535262584074,184,-27.839882383748904,-22.332182395237904,-18.147109450996716,-15.157075830616211,-18.103773971141994,-15.743156969044765,-25.62123542500346,-14.639500606014506,-16.505653859493936,-24.084803554249547,-19.81743744455479,4.521087919644754,180,-18.279213640006116,-15.59111776919252,-10.491785991853522,-11.153467466532183,-13.567036017208142,-11.498785900893898,-17.145089484552745,-10.588860736860697,-10.706980164111467,-17.778173267410942,-13.680051043862225,3.0548244855381608,190,19.81743744455479,4.521087919644754,13.680051043862225,3.0548244855381608,0.25390897949949054,0.2089535262584074
GTB,10,20000,63.946522482236226,1.964427900314331,0.2887167219103493,0.005172181129455567,0.0009257865145221536,0.03,squared_error,5,1,300,1.0,"{'learning_rate': 0.03, 'loss': 'squared_error', 'max_depth': 5, 'min_samples_leaf': 1, 'n_estimators': 300, 'subsample': 1.0}",0.05642867274834007,0.07309187935199701,0.14502579344664013,0.5463800785342496,-0.03516609146304739,0.3627893768371998,0.07497730881023479,0.5243708265689553,0.5030490420717144,0.309941957230252,0.25608888441365363,0.20852736602798802,178,-26.985824100781898,-20.896289384295002,-19.41908087594053,-15.163118578146284,-19.369454576149852,-16.208527995531416,-25.108510128046913,-14.006346257515158,-14.566365605542504,-26.458829565070324,-19.818234706701986,4.701510887101991,181,-17.772975073489906,-14.205626697883154,-12.547089215664142,-11.555509142615687,-14.893764376561453,-11.801618197749628,-15.936437271356034,-10.072138467108362,-9.427057425965957,-18.403215777494395,-13.661543164588869,2.938167354901682,184,19.818234706701986,4.701510887101991,13.661543164588869,2.938167354901682,0.25608888441365363,0.20852736602798802
GTB,10,20000,63.946522482236226,2.2340344429016112,0.32780384257108824,0.005800008773803711,0.0011111902461929243,0.1,squared_error,3,1,500,1.0,"{'learning_rate': 0.1, 'loss': 'squared_error', 'max_depth': 3, 'min_samples_leaf': 1, 'n_estimators': 500, 'subsample': 1.0}",0.08452014560110421,-0.05605038047906885,0.17122211795528175,0.5368349627143345,0.034836762334225946,0.40805171920963024,0.049051239615730546,0.5528385961427942,0.3921984182673881,0.35589464591522424,0.25293982272766447,0.21077131995465032,187,-26.581085567944154,-22.304533745640878,-19.11926709173606,-15.321820001386545,-18.70306394249695,-15.622263311383195,-25.45794294165115,-13.580719259672387,-16.109251178533743,-25.56267346229945,-19.836262050274453,4.570981414315843,182,-17.6590152096179,-15.047041005513261,-12.062078603638197,-11.894356045240395,-13.012395482699255,-11.660268329606001,-16.479989584047843,-9.692876014845293,-10.40166518971852,-18.571602765029454,-13.648128822995611,2.939979035685391,181,19.836262050274453,4.570981414315843,13.648128822995611,2.939979035685391,0.25293982272766447,0.21077131995465032
GTB,10,20000,63.946522482236226,3.3093119621276856,0.43502308522666494,0.006455445289611816,0.0018845429179511863,0.03,squared_error,5,1,500,1.0,"{'learning_rate': 0.03, 'loss': 'squared_error', 'max_depth': 5, 'min_samples_leaf': 1, 'n_estimators': 500, 'subsample': 1.0}",0.06101781424257191,0.06462964325718468,0.1368156801081114,0.5421430171990229,-0.039645643884844484,0.36837551788168166,0.06823344311068946,0.5248690485214942,0.4949740916818284,0.3161636013554936,0.2537576213473233,0.2095191724667811,185,-26.9201201589296,-20.99145932077358,-19.51209650819709,-15.233769944217162,-19.41131878645857,-16.137325136856536,-25.199870545514383,-13.999008505792073,-14.684233081566349,-26.33928153722482,-19.842848352553016,4.672689916635757,183,-17.852934696908818,-14.32872102657706,-12.606521680374822,-11.653567961831126,-14.937824195286383,-11.727805775944221,-16.050239081515866,-10.061501246148506,-9.519708010479759,-18.370137834087274,-13.710896150915385,2.9409799831392105,196,19.842848352553016,4.672689916635757,13.710896150915385,2.9409799831392105,0.2537576213473233,0.2095191724667811
GTB,10,20000,63.946522482236226,1.8377363204956054,0.2389025437543321,0.00496985912322998,0.000833491755406281,0.05,squared_error,5,5,300,1.0,"{'learning_rate': 0.05, 'loss': 'squared_error', 'max_depth': 5, 'min_samples_leaf': 5, 'n_estimators': 300, 'subsample': 1.0}",0.023396454314227877,0.002644480995267151,0.11395379091505575,0.5244734429942954,-0.07733254698853531,0.4999340643790863,0.121388878313761,0.5376711532123349,0.6178653410336745,0.17923213110555802,0.25432271902747255,0.24807931168997702,181,-27.454116099452587,-21.67583458468237,-19.768801923981048,-15.524937477023915,-19.760014686235177,-14.358719364911266,-24.47051438857571,-13.80912344803265,-12.77328654337322,-28.856123699050737,-19.845147221531867,5.468660874255534,184,-18.1081674678425,-14.6625229290665,-11.32365080622076,-11.86391252218293,-14.73110594785839,-9.889955190918077,-15.32043877402194,-10.33854372620011,-8.669698782207158,-19.831287053686957,-13.473928320020534,3.4823411921577856,148,19.845147221531867,5.468660874255534,13.473928320020534,3.4823411921577856,0.25432271902747255,0.24807931168997702
GTB,10,20000,63.946522482236226,1.2060592889785766,0.21102875708831628,0.004675745964050293,0.00081070591875865,0.03,squared_error,3,5,300,1.0,"{'learning_rate': 0.03, 'loss': 'squared_error', 'max_depth': 3, 'min_samples_leaf': 5, 'n_estimators': 300, 'subsample': 1.0}",0.05833999388351174,-0.06136631345114618,0.21162594050496053,0.5368362380910152,0.008033427531207837,0.40955051080869587,0.16857753261971165,0.5216633623856244,0.4054446557097928,0.2892195940151687,0.2547924942098543,0.20182578153089564,179,-26.958478673543247,-22.36060141515668,-18.647401724465663,-15.321798906200366,-18.960984864686367,-15.602473274195765,-23.804311708414104,-14.046154441918832,-15.932744207410552,-26.853168768968516,-19.84881179849601,4.59702864311082,185,-17.778353342995743,-15.548066625403857,-10.8057786861007,-11.961998536773201,-13.69645357917414,-10.53842996401654,-15.356497072255545,-10.265827562333754,-10.71973545965779,-18.810338789705,-13.548147961841625,3.012399239059569,161,19.84881179849601,4.59702864311082,13.548147961841625,3.012399239059569,0.2547924942098543,0.20182578153089564
GTB,10,20000,63.946522482236226,2.983986258506775,0.4632902990912909,0.0062369823455810545,0.0021804794006987783,0.1,huber,5,5,300,0.7,"{'learning_rate': 0.1, 'loss': 'huber', 'max_depth': 5, 'min_samples_leaf': 5, 'n_estimators': 300, 'subsample': 0.7}",0.022030006871706864,0.10314933692060202,0.04855374443300242,0.42968911322710246,0.11327855535803699,0.3944138441496091,0.24527292987576266,0.3550467966604701,0.5116528445957997,0.3429113826113266,0.25659985547034186,0.16542933475573368,177,-27.473316057109553,-20.55468839149434,-20.48539274778517,-17.00193309008893,-17.92693231093023,-15.801198937314451,-22.67982577996523,-16.31002843453449,-14.439719980965677,-25.819022132244157,-19.849205786243225,4.15520617185231,186,-18.339041292767575,-13.807565026578828,-12.244499898368767,-13.146876471024221,-13.872102877777083,-11.06422235915295,-14.262270965541596,-12.213063246650274,-9.69072130666027,-18.07366863627396,-13.67140320807955,2.6202268693854633,187,19.849205786243225,4.15520617185231,13.67140320807955,2.6202268693854633,0.25659985547034186,0.16542933475573368
GTB,10,20000,63.946522482236226,3.106068181991577,0.4532580543409708,0.005578303337097168,0.0008649692477195917,0.05,squared_error,5,5,500,1.0,"{'learning_rate': 0.05, 'loss': 'squared_error', 'max_depth': 5, 'min_samples_leaf': 5, 'n_estimators': 500, 'subsample': 1.0}",0.026646831572406215,-0.0006448349080430127,0.11356732782328893,0.5220188396823734,-0.07186985403198887,0.49982937531276095,0.11886223077816571,0.5370446843939225,0.6169708278980615,0.17947451011994275,0.25418999386408897,0.24706075206644448,182,-27.40839098977471,-21.711549019695894,-19.773112692058476,-15.564954708857522,-19.70985372412801,-14.360222288977,-24.50567441372352,-13.818476159539378,-12.788227865276179,-28.851862667694224,-19.849232452972494,5.4596355150462,187,-18.063660918606995,-14.668955405319434,-11.35249570587794,-11.925588855888194,-14.684696543034253,-9.868097117606872,-15.34633885747927,-10.380497429757574,-8.735327296345357,-19.868047864123778,-13.489370599403966,3.468018173299774,151,19.849232452972494,5.4596355150462,13.489370599403966,3.468018173299774,0.25418999386408897,0.24706075206644448
GTB,10,20000,63.946522482236226,1.072763991355896,0.21641207900942483,0.005504512786865234,0.0021149360068001243,0.1,huber,5,5,100,0.7,"{'learning_rate': 0.1, 'loss': 'huber', 'max_depth': 5, 'min_samples_leaf': 5, 'n_estimators': 100, 'subsample': 0.7}",0.03254846945139711,0.09058471493461273,0.041069281385919254,0.42869339796968986,0.11271907103741008,0.39652252422965384,0.20333319763631463,0.37629459366495344,0.5078697913094823,0.3548986735593286,0.25445337151787617,0.16853101527908956,180,-27.325173336973396,-20.69817026516615,-20.565808126302286,-17.016768596324937,-17.932586993131686,-15.773664680708313,-23.301458770324217,-16.03911385943511,-14.495541792132112,-25.582429455273772,-19.873071587577197,4.164027388823613,188,-18.07625085615097,-13.741686766446888,-12.277142168476239,-13.233222394272849,-13.717503402080569,-10.890134016502575,-14.51320948730995,-12.039218788808785,-9.768127115469431,-17.938048648077686,-13.619454364359594,2.570343886132077,172,19.873071587577197,4.164027388823613,13.619454364359594,2.570343886132077,0.25445337151787617,0.16853101527908956
GTB,10,20000,63.946522482236226,1.9467986583709718,0.2908153770211303,0.004927611351013184,0.0006404512702944044,0.03,squared_error,3,5,500,1.0,"{'learning_rate': 0.03, 'loss': 'squared_error', 'max_depth': 3, 'min_samples_leaf': 5, 'n_estimators': 500, 'subsample': 1.0}",0.08323901164621161,-0.08544638189167175,0.19843282254753825,0.5222908017485793,-0.011074869980916224,0.3779834400712465,0.1571451801594984,0.5207211671104394,0.41289308899150157,0.29890330321110603,0.24750875636135333,0.20308874956112075,191,-26.599678017341073,-22.61283522662932,-18.80278268896341,-15.560525999212972,-19.142736924997998,-16.014118773454392,-23.967411796734567,-14.059981220751059,-15.83262904653389,-26.66961696158823,-19.926231665620687,4.482940982755812,189,-17.72425531500379,-15.689901040647843,-10.852516264557831,-11.891235054944023,-13.753999438142285,-10.951170616034519,-15.458493900198553,-10.362640578239967,-10.139899650634954,-18.761233992307126,-13.55853458507109,3.0234691706171,164,19.926231665620687,4.482940982755812,13.55853458507109,3.0234691706171,0.24750875636135333,0.20308874956112075
GTB,10,20000,63.946522482236226,0.7751725435256958,0.12127180299703519,0.005281376838684082,0.0015334423860056154,0.05,squared_error,5,1,100,1.0,"{'learning_rate': 0.05, 'loss': 'squared_error', 'max_depth': 5, 'min_samples_leaf': 1, 'n_estimators': 100, 'subsample': 1.0}",0.06682927100074831,0.06585507057735007,0.09397684405180273,0.5314341087843821,0.05133560336176801,0.35823464754857937,0.05465492560437524,0.5105242145542462,0.4867506995786074,0.28710499531470957,0.25067003803765686,0.1963790428160214,190,-26.83668517352946,-20.97770437431732,-19.99041512104041,-15.410893082172223,-18.542516483235143,-16.26635346118303,-25.382823698943895,-14.208761420970887,-14.803302819095693,-26.89308370233805,-19.931253933682616,4.709636699485435,190,-17.188847127032602,-14.532660651389829,-12.95890838316906,-11.866154813290386,-14.193744229223293,-11.509803946913594,-16.179751440915815,-9.928406089241115,-9.841988205079252,-18.640804018298322,-13.684106890455325,2.8545697817437623,191,19.931253933682616,4.709636699485435,13.684106890455325,2.8545697817437623,0.25067003803765686,0.1963790428160214
GTB,10,20000,63.946522482236226,0.8324635982513428,0.1362938204241438,0.005398774147033691,0.001148073788440419,0.1,squared_error,2,5,300,0.7,"{'learning_rate': 0.1, 'loss': 'squared_error', 'max_depth': 2, 'min_samples_leaf': 5, 'n_estimators': 300, 'subsample': 0.7}",0.007842415028340821,-0.11199192659807244,0.23393524873463856,0.5260652345951817,-0.022815860854789927,0.32468113636324214,0.15400715056529612,0.3985928911397205,0.6372346647691032,0.28786947779987715,0.2435420431542538,0.2298731198401764,201,-27.67187874624394,-22.88767339838294,-18.381667410864768,-15.498931378930617,-19.253562533877417,-16.686164172928134,-24.011986836127964,-15.749794615688465,-12.445356180690808,-26.87866025565765,-19.94656755293927,4.900347141790505,191,-18.390336141714158,-15.900615645307498,-11.250940673852305,-11.469889221896084,-14.116196657524196,-11.169245960980147,-15.972984299380803,-11.540760884444794,-8.312899716753998,-20.136064752739777,-13.825993395459374,3.528526469499527,207,19.94656755293927,4.900347141790505,13.825993395459374,3.528526469499527,0.2435420431542538,0.2298731198401764
GTB,10,20000,63.946522482236226,2.425838589668274,0.4182561991285637,0.005265879631042481,0.0010438458232062298,0.1,huber,2,1,500,1.0,"{'learning_rate': 0.1, 'loss': 'huber', 'max_depth': 2, 'min_samples_leaf': 1, 'n_estimators': 500, 'subsample': 1.0}",-0.09648616168545265,-0.21166778720036783,0.3655731206959033,0.48080792441276365,0.1767203539756339,0.4285745644599982,0.010342423607982099,0.5560676991413736,0.36447563926477833,0.3864299845932211,0.24608377612658333,0.2489489238252223,194,-29.09041353828508,-23.89145567468979,-16.72795885020136,-16.222078524829097,-17.273727417397463,-15.349062543065008,-25.970913595066005,-13.53159494085253,-16.472538885450717,-24.949387122570194,-19.947913109240723,5.159710539142639,192,-19.99050499408898,-15.81942466468779,-9.48818372692127,-11.905651626025238,-11.899391541936437,-11.79081145656861,-16.765536713883147,-9.64726958641451,-10.399675849649155,-17.405120924635025,-13.511157108481015,3.492767834326709,155,19.947913109240723,5.159710539142639,13.511157108481015,3.492767834326709,0.24608377612658333,0.2489489238252223
GTB,10,20000,63.946522482236226,0.8380659818649292,0.14361655775895008,0.0045680046081542965,0.0009478121004820328,0.1,squared_error,2,1,300,1.0,"{'learning_rate': 0.1, 'loss': 'squared_error', 'max_depth': 2, 'min_samples_leaf': 1, 'n_estimators': 300, 'subsample': 1.0}",-0.011960986655740635,-0.09360142602885024,0.22864936008422965,0.5922480298891705,0.08379077554298908,0.44807342063675404,-0.02052166983882886,0.4720550858207372,0.36269861042319207,0.37435773909679326,0.2435788938970446,0.22833694435282678,200,-27.94667873517113,-22.697622277500287,-18.444975645893194,-14.376080823553899,-18.222573173048573,-15.084910098890834,-26.37277720781327,-14.756552979735375,-16.495552749768656,-25.19363633784914,-19.95913600292244,4.890144452364961,193,-18.96887013491301,-15.875715850421017,-11.055539502484768,-11.00424771053347,-13.529606943946238,-10.98527587409204,-17.194323510513353,-10.713465044918586,-10.283933936192598,-19.183969626952532,-13.879494813496763,3.416206649746671,209,19.95913600292244,4.890144452364961,13.879494813496763,3.416206649746671,0.2435788938970446,0.22833694435282678
GTB,10,20000,63.946522482236226,2.9519402742385865,0.40269316455979515,0.006583905220031739,0.0009800086196558695,0.1,squared_error,5,1,500,0.7,"{'learning_rate': 0.1, 'loss': 'squared_error', 'max_depth': 5, 'min_samples_leaf': 1, 'n_estimators': 500, 'subsample': 0.7}",0.040254536496255544,0.05115200155599042,0.24182404746828068,0.4741681185934322,-0.11787199764072387,0.32777652866602036,0.04216328619655918,0.5419215466027036,0.6298548591839948,0.2207704518059167,0.24520133789284296,0.23421335797244494,196,-27.216128799156408,-21.142150177422614,-18.286776914373785,-16.325478853868493,-20.12836093732008,-16.647878890991816,-25.54997562830843,-13.745500194183798,-12.571307987734675,-28.116452493187143,-19.973001087654726,5.21577824776257,194,-19.315879648356688,-14.658786756539683,-11.629387691090923,-12.575220299866706,-16.01156499247476,-11.627763640508187,-16.426688536522654,-10.329603880701587,-9.040368516442173,-19.839349466617236,-14.145461342912057,3.5193928020715095,214,19.973001087654726,5.21577824776257,14.145461342912057,3.5193928020715095,0.24520133789284296,0.23421335797244494
GTB,10,20000,63.946522482236226,1.273186993598938,0.2307640207776782,0.005118060111999512,0.0010629010284222652,0.1,squared_error,2,5,500,0.7,"{'learning_rate': 0.1, 'loss': 'squared_error', 'max_depth': 2, 'min_samples_leaf': 5, 'n_estimators': 500, 'subsample': 0.7}",0.014845437484080737,-0.1553334230293475,0.22965199204826425,0.5260064189843576,-0.040546764570987825,0.3337475886048966,0.159438736606064,0.38214525827095047,0.6438259143036291,0.2983317145574549,0.23921128732593627,0.23865290104108053,208,-27.57404652763868,-23.32944994136712,-18.432983994650346,-15.499893062797867,-19.419729417682085,-16.573776143606462,-23.934779807401295,-15.963709206680335,-12.331775201000559,-26.68048632151658,-19.974062962434132,4.882946041548676,195,-18.592338642223524,-16.123670367572533,-11.414483968617231,-11.784720943896621,-14.16671402503809,-11.194192548918727,-15.889716774738863,-11.823268131699121,-7.934295092045075,-20.037792117423912,-13.89611926121737,3.557263586220746,211,19.974062962434132,4.882946041548676,13.89611926121737,3.557263586220746,0.23921128732593627,0.23865290104108053
GTB,10,20000,63.946522482236226,1.8708695650100708,0.28911740329302454,0.006430864334106445,0.0013259893448291206,0.1,squared_error,5,1,300,0.7,"{'learning_rate': 0.1, 'loss': 'squared_error', 'max_depth': 5, 'min_samples_leaf': 1, 'n_estimators': 300, 'subsample': 0.7}",0.04028047399426893,0.051016284318635696,0.2415920517073903,0.47396132733116236,-0.11801681456621171,0.32748260865155965,0.04211755341320089,0.5420259310733886,0.6298333504032781,0.22064517598076228,0.24509379423074348,0.23422952975985756,198,-27.215761033387775,-21.143662143312977,-18.28957450391793,-16.328688657849224,-20.12966467914084,-16.651518015677038,-25.550585574417344,-13.743933979378955,-12.571673235780713,-28.118712526983703,-19.97437743498465,5.215771524834533,196,-19.316385650128456,-14.659646810399257,-11.63193090677676,-12.577342811593798,-16.01275115816539,-11.63299579069098,-16.42562560308385,-10.327784035242386,-9.041643147059682,-19.840135110540302,-14.146624102368088,3.5189628490169844,215,19.97437743498465,5.215771524834533,14.146624102368088,3.5189628490169844,0.24509379423074348,0.23422952975985756
GTB,10,20000,63.946522482236226,0.5701286554336548,0.012381312129347056,0.003837394714355469,0.0001423604423270202,0.03,squared_error,5,5,100,1.0,"{'learning_rate': 0.03, 'loss': 'squared_error', 'max_depth': 5, 'min_samples_leaf': 5, 'n_estimators': 100, 'subsample': 1.0}",-0.05252469128057635,0.04986326822514486,0.13428729065083722,0.48773314361145725,0.04895880418392118,0.41850339264843395,0.13967017266760762,0.519502145915414,0.59851765768003,0.1649601374796874,0.2509471321781957,0.21995108034657532,189,-28.5012865119465,-21.156503028618697,-19.540652463208005,-16.113526613452215,-18.565730313141977,-15.483732663998795,-24.214596716313665,-14.077850287216748,-13.092653213180508,-29.105926062603082,-19.985245787368022,5.429923408916892,197,-19.73308296322014,-14.29084460799013,-11.453681079592583,-11.778384779762106,-14.16842971159553,-10.24533573411209,-15.230886240978784,-10.577310246064966,-9.463009004399439,-19.84345556607779,-13.678441993379357,3.54152747014976,189,19.985245787368022,5.429923408916892,13.678441993379357,3.54152747014976,0.2509471321781957,0.21995108034657532
GTB,10,20000,63.946522482236226,0.7103653907775879,0.11721942515714145,0.006454253196716308,0.0018453332662830726,0.1,squared_error,5,1,100,0.7,"{'learning_rate': 0.1, 'loss': 'squared_error', 'max_depth': 5, 'min_samples_leaf': 1, 'n_estimators': 100, 'subsample': 0.7}",0.029200617819234442,0.055617392632545726,0.24128062204892997,0.4766446479119538,-0.12148187181211734,0.3206994445255864,0.04593012661069029,0.5449963060903296,0.6287277368833923,0.20879852026845447,0.24304135429789997,0.23543435362909668,202,-27.37241168332552,-21.092342776868517,-18.293329297981504,-16.286989133901535,-20.160834371286693,-16.735282836190176,-25.499686529865535,-13.699290567667676,-12.590433770656208,-28.33161706613856,-20.006221803388193,5.264899866237362,198,-19.393149193281708,-14.635604852321904,-11.67425532593501,-12.51913589637845,-16.034052358854836,-11.794297561437643,-16.335170737471753,-10.284998219348239,-9.156926657654406,-19.992693406082026,-14.1820284208766,3.52682919319364,216,20.006221803388193,5.264899866237362,14.1820284208766,3.52682919319364,0.24304135429789997,0.23543435362909668
GTB,10,20000,63.946522482236226,1.4439868450164794,0.27209843461636085,0.0057725667953491214,0.0021976488190548413,0.05,squared_error,2,5,500,1.0,"{'learning_rate': 0.05, 'loss': 'squared_error', 'max_depth': 2, 'min_samples_leaf': 5, 'n_estimators': 500, 'subsample': 1.0}",0.013986368706012997,-0.09264105306704162,0.3092966780169818,0.5628198054947448,0.05355827289000026,0.3583012970075963,-0.025418175992321324,0.4491102265632383,0.4743813787598473,0.3226269872584855,0.24260217856375438,0.22256923282474644,206,-27.586066388044163,-22.687653851175746,-17.45411915446404,-14.885818218093785,-18.520781686762373,-16.265508781890464,-26.435970348160104,-15.073807724147134,-14.980620819213476,-26.21451111089841,-20.01048580828497,4.929960074577319,199,-17.33037590723195,-15.832490156955506,-10.52299369207118,-10.936822107395225,-13.392067292498128,-10.924203273250283,-17.399080134642283,-11.282360062672359,-9.847147668855792,-18.274262210470066,-13.574180250604277,3.136777823438091,165,20.01048580828497,4.929960074577319,13.574180250604277,3.136777823438091,0.24260217856375438,0.22256923282474644
GTB,10,20000,63.946522482236226,0.769382905960083,0.01800549739668582,0.004074883460998535,0.0001168507455400355,0.1,squared_error,2,5,300,1.0,"{'learning_rate': 0.1, 'loss': 'squared_error', 'max_depth': 2, 'min_samples_leaf': 5, 'n_estimators': 300, 'subsample': 1.0}",-0.003482681199191706,-0.04502153703628653,0.3187608633735607,0.5096490570121902,0.08518620546923672,0.3890292507829495,0.0007992317490147505,0.41570582275135115,0.4898218110295477,0.3026307497483548,0.2463078773680727,0.20485048384691104,193,-27.82936252965811,-22.187759561621295,-17.33412639561505,-15.765072747331264,-18.208690965374444,-15.87129196747959,-26.095830936201803,-15.524098701702993,-14.75894737115126,-26.598626715630747,-20.01738078917666,4.8947119630544975,200,-17.809127311437198,-15.27203056864549,-10.626804029857666,-11.494089193620507,-13.045299752398918,-10.91934816434344,-17.25562197112459,-11.460059571484589,-9.521455776612237,-18.71896775526708,-13.612280409479173,3.194691581150725,168,20.01738078917666,4.8947119630544975,13.612280409479173,3.194691581150725,0.2463078773680727,0.20485048384691104
GTB,10,20000,63.946522482236226,1.9375642776489257,0.29013313518271533,0.004990267753601074,0.0008069607735925071,0.05,squared_error,5,1,300,1.0,"{'learning_rate': 0.05, 'loss': 'squared_error', 'max_depth': 5, 'min_samples_leaf': 1, 'n_estimators': 300, 'subsample': 1.0}",0.08510131521433384,0.060720184800932886,0.08677440159146754,0.514991465911216,0.029736716567348886,0.36728716096384384,0.040531420876837476,0.4997314117493754,0.4506484871486507,0.2912044336969074,0.2426726998520914,0.19230633919709653,205,-26.57264705799958,-21.035281356967133,-20.069714862506302,-15.67895674246105,-18.752413524831837,-16.1512223262855,-25.57173109826623,-14.36455688002064,-15.315091739085927,-26.81564909636462,-20.032726468478877,4.588141974894332,201,-17.25107857514683,-14.459158149567752,-13.006623756631132,-12.163300289217863,-14.370844409402453,-11.551870356247877,-16.298819178649644,-10.207039978814944,-10.143252448160965,-18.531121159556253,-13.798310830139574,2.7557459134037283,205,20.032726468478877,4.588141974894332,13.798310830139574,2.7557459134037283,0.2426726998520914,0.19230633919709653
GTB,10,20000,63.946522482236226,3.2985316038131716,0.423304145005521,0.005929398536682129,0.001316712597103659,0.05,squared_error,5,1,500,1.0,"{'learning_rate': 0.05, 'loss': 'squared_error', 'max_depth': 5, 'min_samples_leaf': 1, 'n_estimators': 500, 'subsample': 1.0}",0.08617596299572705,0.061120249701199336,0.08588510199586019,0.5141566232319674,0.03213602397853765,0.3672207900090029,0.0359489867630427,0.4994989634982955,0.4479172550905214,0.29238537272222764,0.24224453299863818,0.19205873534664414,207,-26.55703624381344,-21.030801129729074,-20.079484434428693,-15.692444994184228,-18.729213299191702,-16.152069427743523,-25.632723815686788,-14.367893715899324,-15.353115851696057,-26.79330072855286,-20.038808364092567,4.5849285345284,202,-17.293559301171626,-14.480419130586265,-13.018479371214443,-12.142914514075454,-14.35177711719702,-11.56346310362188,-16.40361050409128,-10.214455370110612,-10.150581240357951,-18.509257490494655,-13.812851714292119,2.765136859908033,206,20.038808364092567,4.5849285345284,13.812851714292119,2.765136859908033,0.24224453299863818,0.19205873534664414
GTB,10,20000,63.946522482236226,0.7479511260986328,0.11082089273165784,0.00501251220703125,0.000857592059865233,0.1,squared_error,5,5,100,1.0,"{'learning_rate': 0.1, 'loss': 'squared_error', 'max_depth': 5, 'min_samples_leaf': 5, 'n_estimators': 100, 'subsample': 1.0}",0.0431805757383521,0.04970311370415614,0.09041356037020642,0.49256797486871284,0.07157834862558599,0.3819853180510969,0.07801084937438507,0.5450480092120116,0.5494533066392924,0.16756569546003097,0.24695067520438307,0.20723486439196678,192,-27.17460932650081,-21.158286017700256,-20.029686535124107,-16.037305718454853,-18.34361821226322,-15.962520500179348,-25.06730560743322,-13.698512204525647,-13.869613009322107,-29.060481268819796,-20.040193840032334,5.221201573108117,203,-18.39541704768566,-14.260377694088598,-11.514448303809157,-11.877997365537764,-13.478635822425657,-10.975272344493082,-15.440073543895569,-10.449667983461628,-9.91465112403173,-19.675080855846556,-13.59816220852754,3.185116940853422,167,20.040193840032334,5.221201573108117,13.59816220852754,3.185116940853422,0.24695067520438307,0.20723486439196678
GTB,10,20000,63.946522482236226,1.8632226705551147,0.2982924934247967,0.00536959171295166,0.0009972623788757015,0.03,squared_error,5,5,300,1.0,"{'learning_rate': 0.03, 'loss': 'squared_error', 'max_depth': 5, 'min_samples_leaf': 5, 'n_estimators': 300, 'subsample': 1.0}",-0.046612552032632815,0.01087274197332988,0.10190255355180844,0.5048938488086109,-0.0025119448992125815,0.45138984874931976,0.14570202366653695,0.5278777102781986,0.5875510685565455,0.1588450173158774,0.2439910315968382,0.23374509627615297,199,-28.42112646041106,-21.586235737900545,-19.902786983532373,-15.841329694464887,-19.061503395781095,-15.039520548181365,-24.129562033039292,-13.954615302702686,-13.270263044860368,-29.21230515668375,-20.041924835755744,5.476869029079686,204,-19.321217892125567,-14.732580384515257,-11.427404251767719,-11.798215426608802,-14.193428883796441,-10.529263773900924,-15.207168226660366,-10.044994480214179,-9.038356907224637,-19.977560735380838,-13.627019096219474,3.58411597914103,175,20.041924835755744,5.476869029079686,13.627019096219474,3.58411597914103,0.2439910315968382,0.23374509627615297
GTB,10,20000,63.946522482236226,1.9255706071853638,0.30034175806758845,0.004888391494750977,0.0007097106823081235,0.1,huber,3,1,300,0.7,"{'learning_rate': 0.1, 'loss': 'huber', 'max_depth': 3, 'min_samples_leaf': 1, 'n_estimators': 300, 'subsample': 0.7}",-0.009250100382955706,-0.023238143838510084,0.282844626440073,0.44004467653111434,0.0942395374007442,0.36377168717903685,-0.021777407360266787,0.43393057309953953,0.5196702675576726,0.3496301061992526,0.24298658228257003,0.20152431881306349,203,-27.9092212272619,-21.955290665887954,-17.78520160438227,-16.84686751765462,-18.11836700691761,-16.196029815957747,-26.388997884716844,-15.280074294552625,-14.32069763997346,-25.686683369643845,-20.048743102694885,4.7634370684886,205,-18.470658769983068,-14.904543888605454,-10.735762133472454,-12.279830320182505,-13.731256161342236,-12.032782447357894,-17.0312200975033,-10.915214600388305,-10.108316000895098,-18.69698988664635,-13.890657430637669,3.0684352171991587,210,20.048743102694885,4.7634370684886,13.890657430637669,3.0684352171991587,0.24298658228257003,0.20152431881306349
GTB,10,20000,63.946522482236226,3.197329044342041,0.4103373251644037,0.005968475341796875,0.0016235327208046287,0.1,squared_error,5,5,500,1.0,"{'learning_rate': 0.1, 'loss': 'squared_error', 'max_depth': 5, 'min_samples_leaf': 5, 'n_estimators': 500, 'subsample': 1.0}",0.05315134231898255,0.05119006661248404,0.08092157464882077,0.48853617336898725,0.06948190851600178,0.38965620797861134,0.061643725289457385,0.5466877039203506,0.5349301392679413,0.1763582963926248,0.2452557138314262,0.20633403100080847,195,-27.032648753310507,-21.141726091998123,-20.13392515311404,-16.10089187412306,-18.36431711138494,-15.863146590001929,-25.288823868923437,-13.673804484510535,-14.091380369128407,-28.906597937366975,-20.059726223386196,5.176559570677715,206,-18.379838892387237,-14.213229473374664,-11.685958390848706,-11.95898706443081,-13.432945914598077,-10.942919406816317,-15.503714890738275,-10.57607901208682,-10.096203933903793,-19.510004980827798,-13.62998819600125,3.1085584224870333,176,20.059726223386196,5.176559570677715,13.62998819600125,3.1085584224870333,0.2452557138314262,0.20633403100080847
GTB,10,20000,63.946522482236226,3.167128872871399,0.42561758239456005,0.005488276481628418,0.0007476662360260173,0.03,squared_error,5,5,500,1.0,"{'learning_rate': 0.03, 'loss': 'squared_error', 'max_depth': 5, 'min_samples_leaf': 5, 'n_estimators': 500, 'subsample': 1.0}",-0.040885410938949374,-0.004709928333846536,0.11293279341645068,0.4913945734729641,-0.0031532241551937013,0.453746902979447,0.1377072844099133,0.5328078092669534,0.5838511169758049,0.1630725152748832,0.24267644323684273,0.23306996943248995,204,-28.343258539217146,-21.75560561988591,-19.780188511916638,-16.05583759031038,-19.067598980279726,-15.007177796880457,-24.242204423303157,-13.881564121211444,-13.329651861778078,-29.138804719698985,-20.060189216448194,5.45436630697538,207,-19.302437541101355,-14.814223684349527,-11.427651507884327,-12.040022310715727,-14.205854651555606,-10.516948023292183,-15.315123971517783,-9.928265081338502,-9.115989374062465,-19.952050428803517,-13.661856657462101,3.5757090459292935,185,20.060189216448194,5.45436630697538,13.661856657462101,3.5757090459292935,0.24267644323684273,0.23306996943248995
GTB,10,20000,63.946522482236226,1.9450364589691163,0.29367829440124643,0.005509424209594727,0.0010485216054174848,0.1,squared_error,5,5,300,1.0,"{'learning_rate': 0.1, 'loss': 'squared_error', 'max_depth': 5, 'min_samples_leaf': 5, 'n_estimators': 300, 'subsample': 1.0}",0.0529674766632634,0.05085912947950544,0.0814117518183467,0.48891797433247997,0.06937933187198375,0.38943359513833153,0.061607772498773694,0.5466654559567077,0.5348536844598517,0.1757762891972504,0.24518724614164947,0.20639026856805892,197,-27.035273319748047,-21.145412800996233,-20.128555368327877,-16.094881201065565,-18.36532928843167,-15.866039236919548,-25.28930833047973,-13.674140026448342,-14.0925385924393,-28.916809220334034,-20.060828738519035,5.178794966301814,208,-18.381530818658565,-14.21582592757362,-11.682004795704753,-11.946000084517502,-13.428580753668852,-10.951761843941245,-15.502836503503417,-10.574820651753654,-10.099497687030025,-19.52038860727491,-13.630324767362655,3.110740561239581,177,20.060828738519035,5.178794966301814,13.630324767362655,3.110740561239581,0.24518724614164947,0.20639026856805892
GTB,10,20000,63.946522482236226,0.37000973224639894,0.007795405860831889,0.0040531158447265625,0.0007018736921381318,0.1,squared_error,3,5,100,1.0,"{'learning_rate': 0.1, 'loss': 'squared_error', 'max_depth': 3, 'min_samples_leaf': 5, 'n_estimators': 100, 'subsample': 1.0}",0.08126626253200486,-0.049378145409805896,0.12439645639417773,0.5302138990812773,-0.08028411383152667,0.35395857765956573,0.11826372551849706,0.48922542879234077,0.4391740423589373,0.304429345825015,0.23112654789204834,0.21025222021940118,211,-26.628282142458747,-22.233960926721938,-19.651962163977757,-15.430946072746787,-19.7870644175773,-16.320454688133363,-24.513995635339377,-14.514605955762262,-15.474210254327469,-26.564304101158218,-20.11197863582032,4.443193203025134,209,-17.247094255715776,-15.352855400426307,-11.426796296742147,-12.299671911820717,-14.478362007292557,-11.37747125515909,-15.637463190091921,-10.894905271974112,-10.33215949488656,-18.00700657407962,-13.70537856581888,2.6449358348211978,195,20.11197863582032,4.443193203025134,13.70537856581888,2.6449358348211978,0.23112654789204834,0.21025222021940118
GTB,10,20000,63.946522482236226,3.2939735889434814,0.41779966561497744,0.005345535278320312,0.0007329933661329107,0.1,huber,3,1,500,0.7,"{'learning_rate': 0.1, 'loss': 'huber', 'max_depth': 3, 'min_samples_leaf': 1, 'n_estimators': 500, 'subsample': 0.7}",-0.009631782441990477,-0.04559019246869389,0.28469392247360736,0.45397780956344036,0.06780375811840722,0.35800259768877296,0.0026013917988956248,0.40356296745756537,0.5050725450735629,0.34715341568341485,0.23676464329469823,0.1999973925140519,209,-27.914498136357306,-22.193795549204037,-17.762255856200046,-16.6359504497043,-18.38086929026107,-16.2692939937948,-26.072287074970827,-15.684580823696642,-14.536679426523085,-25.73554595878889,-20.1185756559501,4.673493016066269,210,-18.593564921461386,-15.210999813690533,-10.74580882090575,-12.145929613017302,-14.01285143096743,-12.081281513792414,-16.802345378562745,-11.266875246147636,-10.264466499045078,-18.784512482616645,-13.990863572020691,3.040466876744327,212,20.1185756559501,4.673493016066269,13.990863572020691,3.040466876744327,0.23676464329469823,0.1999973925140519
GTB,10,20000,63.946522482236226,1.7650047063827514,0.2644018855215618,0.004657125473022461,0.0005914186994931368,0.1,huber,3,5,300,0.7,"{'learning_rate': 0.1, 'loss': 'huber', 'max_depth': 3, 'min_samples_leaf': 5, 'n_estimators': 300, 'subsample': 0.7}",-0.013827484867053208,-0.06906105221137437,0.145696335846503,0.374786824191784,0.10536719168789888,0.3029770125411726,0.22538914511570718,0.43490680962345407,0.5424810225067388,0.29999918395108327,0.23487149883859143,0.18496856209285084,210,-27.972439805083376,-22.441510456373774,-19.41146434722103,-17.801497294754792,-18.006727121293803,-16.95218262268124,-22.976641059539578,-15.266892692736375,-13.976518273514188,-26.6487652376575,-20.145463891085562,4.466569111593346,211,-18.14154510772737,-15.328135586868093,-11.899257594718655,-12.733952178298427,-13.4315754450579,-11.461158216697578,-14.135890126823412,-11.24477804346407,-8.896204435128833,-18.97536851437192,-13.624786524915626,2.978355980926906,174,20.145463891085562,4.466569111593346,13.624786524915626,2.978355980926906,0.23487149883859143,0.18496856209285084
GTB,10,20000,63.946522482236226,1.4501842498779296,0.24103076940039342,0.005193233489990234,0.0012127023676153795,0.1,squared_error,2,1,500,1.0,"{'learning_rate': 0.1, 'loss': 'squared_error', 'max_depth': 2, 'min_samples_leaf': 1, 'n_estimators': 500, 'subsample': 1.0}",0.012151303529405078,-0.10836479555017853,0.22110596345138744,0.5612002762817101,0.07298501818841541,0.43348144138682243,-0.08336973050635454,0.43428556084390746,0.3714284911494462,0.35056517184585234,0.22654687006204136,0.22630329955466655,214,-27.611724602534235,-22.85031503453614,-18.5349472100709,-14.913364904854873,-18.329716559606094,-15.283018628864873,-27.172719086548334,-15.275282400206228,-16.38218349720274,-25.66821128565358,-20.202148321007797,4.875469977329925,212,-19.07142459066254,-16.055010903622694,-11.065369586713256,-11.526629365066082,-13.73108354603884,-11.313217826730753,-17.492841939615378,-11.243017374331268,-9.995478554688262,-19.496856860090816,-14.099093054755992,3.4339114823126993,213,20.202148321007797,4.875469977329925,14.099093054755992,3.4339114823126993,0.22654687006204136,0.22630329955466655
GTB,10,20000,63.946522482236226,1.4540969610214234,0.2531027214647386,0.005504631996154785,0.0015903564138913077,0.1,squared_error,2,5,500,1.0,"{'learning_rate': 0.1, 'loss': 'squared_error', 'max_depth': 2, 'min_samples_leaf': 5, 'n_estimators': 500, 'subsample': 1.0}",-0.006817757540556801,-0.08781867997754422,0.32957999487951795,0.49233469819524944,0.04102155669302654,0.3710872556191287,-0.01956338523134593,0.4061101365846155,0.49394515732556477,0.28397519193735155,0.23038541684850075,0.21385065911384737,212,-27.875569635225375,-22.637532488499627,-17.19592912970258,-16.04099163033548,-18.643042742177112,-16.102646886939112,-26.360392090069322,-15.651053373528006,-14.699184219427215,-26.952053034079007,-20.215839522998284,4.948536918544679,213,-17.900264877895665,-15.731756087352204,-10.79523119328493,-11.8638647813216,-13.281249623786847,-11.20112146796914,-17.37993284071601,-11.608363584705645,-9.094271605685671,-18.93514757850422,-13.779120364122193,3.263017476153403,204,20.215839522998284,4.948536918544679,13.779120364122193,3.263017476153403,0.23038541684850075,0.21385065911384737
GTB,10,20000,63.946522482236226,2.9947447299957277,0.4766184580151981,0.005187702178955078,0.0006373810501961417,0.1,huber,3,5,500,0.7,"{'learning_rate': 0.1, 'loss': 'huber', 'max_depth': 3, 'min_samples_leaf': 5, 'n_estimators': 500, 'subsample': 0.7}",-0.02184792783324463,-0.08008681064076706,0.14013802172643375,0.36760308996691404,0.08828976198111682,0.29943614950927544,0.24422001248388525,0.43173694497611803,0.5394780782876174,0.28203966360164423,0.22910069840589928,0.18731547950746708,213,-28.082867562292897,-22.556938832610577,-19.474509896176382,-17.90347529605959,-18.177777727619663,-16.99518645393629,-22.69564054336482,-15.309652283509052,-14.022310975895348,-26.988456281413,-20.22068158528776,4.497129769632954,214,-18.31022747584038,-15.58801967598531,-11.96829300402897,-12.713804560180007,-13.492986363524206,-11.659849177010404,-14.128467591921268,-11.313163459734199,-9.020967154872544,-19.217225434692427,-13.741300389778974,3.0197999446298507,200,20.22068158528776,4.497129769632954,13.741300389778974,3.0197999446298507,0.22910069840589928,0.18731547950746708
GTB,10,20000,63.946522482236226,1.273423719406128,0.21343852551000056,0.005204629898071289,0.0013866568725969903,0.1,squared_error,3,5,300,1.0,"{'learning_rate': 0.1, 'loss': 'squared_error', 'max_depth': 3, 'min_samples_leaf': 5, 'n_estimators': 300, 'subsample': 1.0}",0.08489312531605686,-0.13695873657307844,0.12626609504341213,0.5244854998500822,-0.15076155213691655,0.3711265257050933,0.09248826922539688,0.4861600613106478,0.43794716865456584,0.3270819851458623,0.21627284415411224,0.23524524432113217,215,-26.57567025723359,-23.143187936412282,-19.63096995656185,-15.524740660341434,-20.42231847536635,-16.10214414454386,-24.86971877001777,-14.558094853400254,-15.491126848330856,-26.128164117037834,-20.24461360192461,4.463958995718539,215,-17.341919246130512,-15.992949350266136,-11.527018412375059,-12.286965187566372,-14.50681919025062,-11.662608445513449,-15.91186898242397,-11.058479921822558,-9.56427542781268,-17.788253750375656,-13.7641157914537,2.7511552349462027,202,20.24461360192461,4.463958995718539,13.7641157914537,2.7511552349462027,0.21627284415411224,0.23524524432113217
GTB,10,20000,63.946522482236226,2.1710732221603393,0.30400806184887874,0.00590662956237793,0.0013820335466969984,0.1,squared_error,3,5,500,1.0,"{'learning_rate': 0.1, 'loss': 'squared_error', 'max_depth': 3, 'min_samples_leaf': 5, 'n_estimators': 500, 'subsample': 1.0}",0.09786412370171194,-0.13177576313908124,0.1518747647366684,0.5077804367688235,-0.1641708360777061,0.37096223606807,0.07081852284334833,0.4792714179333357,0.43714842281267574,0.3232837701850261,0.2143057095832872,0.2331249282794653,216,-26.38665232047948,-23.090377073815894,-19.3411439294298,-15.795082806915962,-20.5409597019308,-16.104247304219484,-25.164889186537557,-14.655354367891153,-15.502130333708521,-26.201799194052985,-20.278263621898166,4.43942406508866,216,-17.217351505746343,-16.014859193901994,-11.506608065402846,-12.574815708914171,-14.64797438587489,-11.580674641587237,-16.15151991230908,-11.298013305617351,-9.67465964108945,-17.870317033198,-13.853679339364135,2.7264585768123784,208,20.278263621898166,4.43942406508866,13.853679339364135,2.7264585768123784,0.2143057095832872,0.2331249282794653
