algorithm,fixed_spatial_folds,fixed_block_size_m,search_runtime_minutes,mean_fit_time,std_fit_time,mean_score_time,std_score_time,param_criterion,param_max_depth,param_max_leaf_nodes,param_min_samples_leaf,params,split0_test_R2,split1_test_R2,split2_test_R2,split3_test_R2,split4_test_R2,split5_test_R2,split6_test_R2,split7_test_R2,split8_test_R2,split9_test_R2,mean_test_R2,std_test_R2,rank_test_R2,split0_test_RMSE,split1_test_RMSE,split2_test_RMSE,split3_test_RMSE,split4_test_RMSE,split5_test_RMSE,split6_test_RMSE,split7_test_RMSE,split8_test_RMSE,split9_test_RMSE,mean_test_RMSE,std_test_RMSE,rank_test_RMSE,split0_test_MAE,split1_test_MAE,split2_test_MAE,split3_test_MAE,split4_test_MAE,split5_test_MAE,split6_test_MAE,split7_test_MAE,split8_test_MAE,split9_test_MAE,mean_test_MAE,std_test_MAE,rank_test_MAE,mean_CV_RMSE,std_CV_RMSE,mean_CV_MAE,std_CV_MAE,mean_CV_R2,std_CV_R2
CART,10,20000,0.2924752990404765,0.010025596618652344,0.0029958302317347244,0.003723621368408203,0.0008397375226393524,squared_error,,32,10,"{'criterion': 'squared_error', 'max_depth': None, 'max_leaf_nodes': 32, 'min_samples_leaf': 10}",-0.11205152702411914,0.04200837992224671,0.06098297533064123,0.19972797336840897,-0.689502582172351,0.015206590937748454,-0.2316538800829797,0.44637314251144844,0.2474921449535269,-0.0005280440175203793,-0.002194482627294958,0.2911515880371698,1,-29.296164999138686,-21.24377463582243,-20.351147275908364,-20.140084573981078,-24.74524754696273,-20.14998088047935,-28.972708047202488,-15.111208271323123,-17.924620065603023,-31.85975639663682,-22.97946926930581,5.208136733407037,1,-20.79655238149165,-14.734536071645806,-13.294192806446025,-15.465607445673236,-18.79025345982508,-14.198486749477055,-19.244027803337012,-11.22274782879659,-11.48757416227699,-21.450320176039988,-16.068429888500944,3.5582755823155443,1,22.97946926930581,5.208136733407037,16.068429888500944,3.5582755823155443,-0.002194482627294958,0.2911515880371698
CART,10,20000,0.2924752990404765,0.010269093513488769,0.00232894361948438,0.0044184446334838865,0.0012942675444733002,squared_error,,64,10,"{'criterion': 'squared_error', 'max_depth': None, 'max_leaf_nodes': 64, 'min_samples_leaf': 10}",-0.11205152702411914,0.04200837992224671,0.06098297533064123,0.19972797336840897,-0.689502582172351,0.015206590937748454,-0.2316538800829797,0.44637314251144844,0.2474921449535269,-0.0005280440175203793,-0.002194482627294958,0.2911515880371698,1,-29.296164999138686,-21.24377463582243,-20.351147275908364,-20.140084573981078,-24.74524754696273,-20.14998088047935,-28.972708047202488,-15.111208271323123,-17.924620065603023,-31.85975639663682,-22.97946926930581,5.208136733407037,1,-20.79655238149165,-14.734536071645806,-13.294192806446025,-15.465607445673236,-18.79025345982508,-14.198486749477055,-19.244027803337012,-11.22274782879659,-11.48757416227699,-21.450320176039988,-16.068429888500944,3.5582755823155443,1,22.97946926930581,5.208136733407037,16.068429888500944,3.5582755823155443,-0.002194482627294958,0.2911515880371698
CART,10,20000,0.2924752990404765,0.00909423828125,0.0015074091807794373,0.003795289993286133,0.0005419645031035701,squared_error,,128,10,"{'criterion': 'squared_error', 'max_depth': None, 'max_leaf_nodes': 128, 'min_samples_leaf': 10}",-0.11205152702411914,0.04200837992224671,0.06098297533064123,0.19972797336840897,-0.689502582172351,0.015206590937748454,-0.2316538800829797,0.44637314251144844,0.2474921449535269,-0.0005280440175203793,-0.002194482627294958,0.2911515880371698,1,-29.296164999138686,-21.24377463582243,-20.351147275908364,-20.140084573981078,-24.74524754696273,-20.14998088047935,-28.972708047202488,-15.111208271323123,-17.924620065603023,-31.85975639663682,-22.97946926930581,5.208136733407037,1,-20.79655238149165,-14.734536071645806,-13.294192806446025,-15.465607445673236,-18.79025345982508,-14.198486749477055,-19.244027803337012,-11.22274782879659,-11.48757416227699,-21.450320176039988,-16.068429888500944,3.5582755823155443,1,22.97946926930581,5.208136733407037,16.068429888500944,3.5582755823155443,-0.002194482627294958,0.2911515880371698
CART,10,20000,0.2924752990404765,0.008723926544189454,0.0013691299317196957,0.004027152061462402,0.0013441211319117961,squared_error,20,32,10,"{'criterion': 'squared_error', 'max_depth': 20, 'max_leaf_nodes': 32, 'min_samples_leaf': 10}",-0.11205152702411914,0.04200837992224671,0.06098297533064123,0.19972797336840897,-0.689502582172351,0.015206590937748454,-0.2316538800829797,0.44637314251144844,0.2474921449535269,-0.0005280440175203793,-0.002194482627294958,0.2911515880371698,1,-29.296164999138686,-21.24377463582243,-20.351147275908364,-20.140084573981078,-24.74524754696273,-20.14998088047935,-28.972708047202488,-15.111208271323123,-17.924620065603023,-31.85975639663682,-22.97946926930581,5.208136733407037,1,-20.79655238149165,-14.734536071645806,-13.294192806446025,-15.465607445673236,-18.79025345982508,-14.198486749477055,-19.244027803337012,-11.22274782879659,-11.48757416227699,-21.450320176039988,-16.068429888500944,3.5582755823155443,1,22.97946926930581,5.208136733407037,16.068429888500944,3.5582755823155443,-0.002194482627294958,0.2911515880371698
CART,10,20000,0.2924752990404765,0.008613824844360352,0.001191971849017974,0.0035651206970214845,0.0006178748166952266,squared_error,20,64,10,"{'criterion': 'squared_error', 'max_depth': 20, 'max_leaf_nodes': 64, 'min_samples_leaf': 10}",-0.11205152702411914,0.04200837992224671,0.06098297533064123,0.19972797336840897,-0.689502582172351,0.015206590937748454,-0.2316538800829797,0.44637314251144844,0.2474921449535269,-0.0005280440175203793,-0.002194482627294958,0.2911515880371698,1,-29.296164999138686,-21.24377463582243,-20.351147275908364,-20.140084573981078,-24.74524754696273,-20.14998088047935,-28.972708047202488,-15.111208271323123,-17.924620065603023,-31.85975639663682,-22.97946926930581,5.208136733407037,1,-20.79655238149165,-14.734536071645806,-13.294192806446025,-15.465607445673236,-18.79025345982508,-14.198486749477055,-19.244027803337012,-11.22274782879659,-11.48757416227699,-21.450320176039988,-16.068429888500944,3.5582755823155443,1,22.97946926930581,5.208136733407037,16.068429888500944,3.5582755823155443,-0.002194482627294958,0.2911515880371698
CART,10,20000,0.2924752990404765,0.008614754676818848,0.000771033715504355,0.0036574602127075195,0.0006738352749043129,squared_error,20,128,10,"{'criterion': 'squared_error', 'max_depth': 20, 'max_leaf_nodes': 128, 'min_samples_leaf': 10}",-0.11205152702411914,0.04200837992224671,0.06098297533064123,0.19972797336840897,-0.689502582172351,0.015206590937748454,-0.2316538800829797,0.44637314251144844,0.2474921449535269,-0.0005280440175203793,-0.002194482627294958,0.2911515880371698,1,-29.296164999138686,-21.24377463582243,-20.351147275908364,-20.140084573981078,-24.74524754696273,-20.14998088047935,-28.972708047202488,-15.111208271323123,-17.924620065603023,-31.85975639663682,-22.97946926930581,5.208136733407037,1,-20.79655238149165,-14.734536071645806,-13.294192806446025,-15.465607445673236,-18.79025345982508,-14.198486749477055,-19.244027803337012,-11.22274782879659,-11.48757416227699,-21.450320176039988,-16.068429888500944,3.5582755823155443,1,22.97946926930581,5.208136733407037,16.068429888500944,3.5582755823155443,-0.002194482627294958,0.2911515880371698
CART,10,20000,0.2924752990404765,0.014366912841796874,0.003987642379528736,0.005546450614929199,0.0008565780742540765,squared_error,30,32,10,"{'criterion': 'squared_error', 'max_depth': 30, 'max_leaf_nodes': 32, 'min_samples_leaf': 10}",-0.11205152702411914,0.04200837992224671,0.06098297533064123,0.19972797336840897,-0.689502582172351,0.015206590937748454,-0.2316538800829797,0.44637314251144844,0.2474921449535269,-0.0005280440175203793,-0.002194482627294958,0.2911515880371698,1,-29.296164999138686,-21.24377463582243,-20.351147275908364,-20.140084573981078,-24.74524754696273,-20.14998088047935,-28.972708047202488,-15.111208271323123,-17.924620065603023,-31.85975639663682,-22.97946926930581,5.208136733407037,1,-20.79655238149165,-14.734536071645806,-13.294192806446025,-15.465607445673236,-18.79025345982508,-14.198486749477055,-19.244027803337012,-11.22274782879659,-11.48757416227699,-21.450320176039988,-16.068429888500944,3.5582755823155443,1,22.97946926930581,5.208136733407037,16.068429888500944,3.5582755823155443,-0.002194482627294958,0.2911515880371698
CART,10,20000,0.2924752990404765,0.012705326080322266,0.002260655759193456,0.0054557561874389645,0.0008204594570364733,squared_error,30,64,10,"{'criterion': 'squared_error', 'max_depth': 30, 'max_leaf_nodes': 64, 'min_samples_leaf': 10}",-0.11205152702411914,0.04200837992224671,0.06098297533064123,0.19972797336840897,-0.689502582172351,0.015206590937748454,-0.2316538800829797,0.44637314251144844,0.2474921449535269,-0.0005280440175203793,-0.002194482627294958,0.2911515880371698,1,-29.296164999138686,-21.24377463582243,-20.351147275908364,-20.140084573981078,-24.74524754696273,-20.14998088047935,-28.972708047202488,-15.111208271323123,-17.924620065603023,-31.85975639663682,-22.97946926930581,5.208136733407037,1,-20.79655238149165,-14.734536071645806,-13.294192806446025,-15.465607445673236,-18.79025345982508,-14.198486749477055,-19.244027803337012,-11.22274782879659,-11.48757416227699,-21.450320176039988,-16.068429888500944,3.5582755823155443,1,22.97946926930581,5.208136733407037,16.068429888500944,3.5582755823155443,-0.002194482627294958,0.2911515880371698
CART,10,20000,0.2924752990404765,0.011820435523986816,0.000615440793687468,0.0047652959823608395,0.00023979754894268613,squared_error,30,128,10,"{'criterion': 'squared_error', 'max_depth': 30, 'max_leaf_nodes': 128, 'min_samples_leaf': 10}",-0.11205152702411914,0.04200837992224671,0.06098297533064123,0.19972797336840897,-0.689502582172351,0.015206590937748454,-0.2316538800829797,0.44637314251144844,0.2474921449535269,-0.0005280440175203793,-0.002194482627294958,0.2911515880371698,1,-29.296164999138686,-21.24377463582243,-20.351147275908364,-20.140084573981078,-24.74524754696273,-20.14998088047935,-28.972708047202488,-15.111208271323123,-17.924620065603023,-31.85975639663682,-22.97946926930581,5.208136733407037,1,-20.79655238149165,-14.734536071645806,-13.294192806446025,-15.465607445673236,-18.79025345982508,-14.198486749477055,-19.244027803337012,-11.22274782879659,-11.48757416227699,-21.450320176039988,-16.068429888500944,3.5582755823155443,1,22.97946926930581,5.208136733407037,16.068429888500944,3.5582755823155443,-0.002194482627294958,0.2911515880371698
CART,10,20000,0.2924752990404765,0.012753748893737793,0.002449635513284489,0.005657696723937988,0.0015687981979775549,friedman_mse,,32,10,"{'criterion': 'friedman_mse', 'max_depth': None, 'max_leaf_nodes': 32, 'min_samples_leaf': 10}",-0.11205152702411914,0.04200837992224671,0.06098297533064123,0.19972797336840897,-0.689502582172351,0.015206590937748454,-0.2316538800829797,0.44637314251144844,0.2474921449535269,-0.0005280440175203793,-0.002194482627294958,0.2911515880371698,1,-29.296164999138686,-21.24377463582243,-20.351147275908364,-20.140084573981078,-24.74524754696273,-20.14998088047935,-28.972708047202488,-15.111208271323123,-17.924620065603023,-31.85975639663682,-22.97946926930581,5.208136733407037,1,-20.79655238149165,-14.734536071645806,-13.294192806446025,-15.465607445673236,-18.79025345982508,-14.198486749477055,-19.244027803337012,-11.22274782879659,-11.48757416227699,-21.450320176039988,-16.068429888500944,3.5582755823155443,1,22.97946926930581,5.208136733407037,16.068429888500944,3.5582755823155443,-0.002194482627294958,0.2911515880371698
CART,10,20000,0.2924752990404765,0.011792254447937012,0.000411014131168694,0.004788994789123535,0.0002499148593246211,friedman_mse,,64,10,"{'criterion': 'friedman_mse', 'max_depth': None, 'max_leaf_nodes': 64, 'min_samples_leaf': 10}",-0.11205152702411914,0.04200837992224671,0.06098297533064123,0.19972797336840897,-0.689502582172351,0.015206590937748454,-0.2316538800829797,0.44637314251144844,0.2474921449535269,-0.0005280440175203793,-0.002194482627294958,0.2911515880371698,1,-29.296164999138686,-21.24377463582243,-20.351147275908364,-20.140084573981078,-24.74524754696273,-20.14998088047935,-28.972708047202488,-15.111208271323123,-17.924620065603023,-31.85975639663682,-22.97946926930581,5.208136733407037,1,-20.79655238149165,-14.734536071645806,-13.294192806446025,-15.465607445673236,-18.79025345982508,-14.198486749477055,-19.244027803337012,-11.22274782879659,-11.48757416227699,-21.450320176039988,-16.068429888500944,3.5582755823155443,1,22.97946926930581,5.208136733407037,16.068429888500944,3.5582755823155443,-0.002194482627294958,0.2911515880371698
CART,10,20000,0.2924752990404765,0.01217949390411377,0.000873116175925614,0.0049518108367919925,0.0006361504989984564,friedman_mse,,128,10,"{'criterion': 'friedman_mse', 'max_depth': None, 'max_leaf_nodes': 128, 'min_samples_leaf': 10}",-0.11205152702411914,0.04200837992224671,0.06098297533064123,0.19972797336840897,-0.689502582172351,0.015206590937748454,-0.2316538800829797,0.44637314251144844,0.2474921449535269,-0.0005280440175203793,-0.002194482627294958,0.2911515880371698,1,-29.296164999138686,-21.24377463582243,-20.351147275908364,-20.140084573981078,-24.74524754696273,-20.14998088047935,-28.972708047202488,-15.111208271323123,-17.924620065603023,-31.85975639663682,-22.97946926930581,5.208136733407037,1,-20.79655238149165,-14.734536071645806,-13.294192806446025,-15.465607445673236,-18.79025345982508,-14.198486749477055,-19.244027803337012,-11.22274782879659,-11.48757416227699,-21.450320176039988,-16.068429888500944,3.5582755823155443,1,22.97946926930581,5.208136733407037,16.068429888500944,3.5582755823155443,-0.002194482627294958,0.2911515880371698
CART,10,20000,0.2924752990404765,0.008355522155761718,0.0006512225507545273,0.0035117387771606444,0.0006426874391445122,friedman_mse,20,32,10,"{'criterion': 'friedman_mse', 'max_depth': 20, 'max_leaf_nodes': 32, 'min_samples_leaf': 10}",-0.11205152702411914,0.04200837992224671,0.06098297533064123,0.19972797336840897,-0.689502582172351,0.015206590937748454,-0.2316538800829797,0.44637314251144844,0.2474921449535269,-0.0005280440175203793,-0.002194482627294958,0.2911515880371698,1,-29.296164999138686,-21.24377463582243,-20.351147275908364,-20.140084573981078,-24.74524754696273,-20.14998088047935,-28.972708047202488,-15.111208271323123,-17.924620065603023,-31.85975639663682,-22.97946926930581,5.208136733407037,1,-20.79655238149165,-14.734536071645806,-13.294192806446025,-15.465607445673236,-18.79025345982508,-14.198486749477055,-19.244027803337012,-11.22274782879659,-11.48757416227699,-21.450320176039988,-16.068429888500944,3.5582755823155443,1,22.97946926930581,5.208136733407037,16.068429888500944,3.5582755823155443,-0.002194482627294958,0.2911515880371698
CART,10,20000,0.2924752990404765,0.008331012725830079,0.000947555077646177,0.003393864631652832,0.0005361761224659593,friedman_mse,20,64,10,"{'criterion': 'friedman_mse', 'max_depth': 20, 'max_leaf_nodes': 64, 'min_samples_leaf': 10}",-0.11205152702411914,0.04200837992224671,0.06098297533064123,0.19972797336840897,-0.689502582172351,0.015206590937748454,-0.2316538800829797,0.44637314251144844,0.2474921449535269,-0.0005280440175203793,-0.002194482627294958,0.2911515880371698,1,-29.296164999138686,-21.24377463582243,-20.351147275908364,-20.140084573981078,-24.74524754696273,-20.14998088047935,-28.972708047202488,-15.111208271323123,-17.924620065603023,-31.85975639663682,-22.97946926930581,5.208136733407037,1,-20.79655238149165,-14.734536071645806,-13.294192806446025,-15.465607445673236,-18.79025345982508,-14.198486749477055,-19.244027803337012,-11.22274782879659,-11.48757416227699,-21.450320176039988,-16.068429888500944,3.5582755823155443,1,22.97946926930581,5.208136733407037,16.068429888500944,3.5582755823155443,-0.002194482627294958,0.2911515880371698
CART,10,20000,0.2924752990404765,0.011789798736572266,0.0032786514962005286,0.005384707450866699,0.00280377871609116,friedman_mse,20,128,10,"{'criterion': 'friedman_mse', 'max_depth': 20, 'max_leaf_nodes': 128, 'min_samples_leaf': 10}",-0.11205152702411914,0.04200837992224671,0.06098297533064123,0.19972797336840897,-0.689502582172351,0.015206590937748454,-0.2316538800829797,0.44637314251144844,0.2474921449535269,-0.0005280440175203793,-0.002194482627294958,0.2911515880371698,1,-29.296164999138686,-21.24377463582243,-20.351147275908364,-20.140084573981078,-24.74524754696273,-20.14998088047935,-28.972708047202488,-15.111208271323123,-17.924620065603023,-31.85975639663682,-22.97946926930581,5.208136733407037,1,-20.79655238149165,-14.734536071645806,-13.294192806446025,-15.465607445673236,-18.79025345982508,-14.198486749477055,-19.244027803337012,-11.22274782879659,-11.48757416227699,-21.450320176039988,-16.068429888500944,3.5582755823155443,1,22.97946926930581,5.208136733407037,16.068429888500944,3.5582755823155443,-0.002194482627294958,0.2911515880371698
CART,10,20000,0.2924752990404765,0.008864259719848633,0.0006973720713521332,0.003941226005554199,0.0006256903588676164,friedman_mse,30,32,10,"{'criterion': 'friedman_mse', 'max_depth': 30, 'max_leaf_nodes': 32, 'min_samples_leaf': 10}",-0.11205152702411914,0.04200837992224671,0.06098297533064123,0.19972797336840897,-0.689502582172351,0.015206590937748454,-0.2316538800829797,0.44637314251144844,0.2474921449535269,-0.0005280440175203793,-0.002194482627294958,0.2911515880371698,1,-29.296164999138686,-21.24377463582243,-20.351147275908364,-20.140084573981078,-24.74524754696273,-20.14998088047935,-28.972708047202488,-15.111208271323123,-17.924620065603023,-31.85975639663682,-22.97946926930581,5.208136733407037,1,-20.79655238149165,-14.734536071645806,-13.294192806446025,-15.465607445673236,-18.79025345982508,-14.198486749477055,-19.244027803337012,-11.22274782879659,-11.48757416227699,-21.450320176039988,-16.068429888500944,3.5582755823155443,1,22.97946926930581,5.208136733407037,16.068429888500944,3.5582755823155443,-0.002194482627294958,0.2911515880371698
CART,10,20000,0.2924752990404765,0.00939486026763916,0.0013754479100254516,0.004090428352355957,0.0008824097740107267,friedman_mse,30,64,10,"{'criterion': 'friedman_mse', 'max_depth': 30, 'max_leaf_nodes': 64, 'min_samples_leaf': 10}",-0.11205152702411914,0.04200837992224671,0.06098297533064123,0.19972797336840897,-0.689502582172351,0.015206590937748454,-0.2316538800829797,0.44637314251144844,0.2474921449535269,-0.0005280440175203793,-0.002194482627294958,0.2911515880371698,1,-29.296164999138686,-21.24377463582243,-20.351147275908364,-20.140084573981078,-24.74524754696273,-20.14998088047935,-28.972708047202488,-15.111208271323123,-17.924620065603023,-31.85975639663682,-22.97946926930581,5.208136733407037,1,-20.79655238149165,-14.734536071645806,-13.294192806446025,-15.465607445673236,-18.79025345982508,-14.198486749477055,-19.244027803337012,-11.22274782879659,-11.48757416227699,-21.450320176039988,-16.068429888500944,3.5582755823155443,1,22.97946926930581,5.208136733407037,16.068429888500944,3.5582755823155443,-0.002194482627294958,0.2911515880371698
CART,10,20000,0.2924752990404765,0.009416532516479493,0.0016784016497659448,0.004202365875244141,0.0013008566057540363,friedman_mse,30,128,10,"{'criterion': 'friedman_mse', 'max_depth': 30, 'max_leaf_nodes': 128, 'min_samples_leaf': 10}",-0.11205152702411914,0.04200837992224671,0.06098297533064123,0.19972797336840897,-0.689502582172351,0.015206590937748454,-0.2316538800829797,0.44637314251144844,0.2474921449535269,-0.0005280440175203793,-0.002194482627294958,0.2911515880371698,1,-29.296164999138686,-21.24377463582243,-20.351147275908364,-20.140084573981078,-24.74524754696273,-20.14998088047935,-28.972708047202488,-15.111208271323123,-17.924620065603023,-31.85975639663682,-22.97946926930581,5.208136733407037,1,-20.79655238149165,-14.734536071645806,-13.294192806446025,-15.465607445673236,-18.79025345982508,-14.198486749477055,-19.244027803337012,-11.22274782879659,-11.48757416227699,-21.450320176039988,-16.068429888500944,3.5582755823155443,1,22.97946926930581,5.208136733407037,16.068429888500944,3.5582755823155443,-0.002194482627294958,0.2911515880371698
CART,10,20000,0.2924752990404765,0.009123086929321289,0.0016846214811496397,0.0036049127578735352,0.0007475423475855167,squared_error,10,32,10,"{'criterion': 'squared_error', 'max_depth': 10, 'max_leaf_nodes': 32, 'min_samples_leaf': 10}",-0.1230721447637948,0.04200837992224671,0.06098297533064123,0.19972797336840897,-0.689502582172351,0.023096126153693275,-0.2316538800829797,0.44637314251144844,0.2474921449535269,-0.0006610258517341094,-0.0025208890630894153,0.29164544189089675,19,-29.440972080149976,-21.24377463582243,-20.351147275908364,-20.140084573981078,-24.74524754696273,-20.06910418918478,-28.972708047202488,-15.111208271323123,-17.924620065603023,-31.861873592700903,-22.98607402788389,5.230665800823522,19,-21.041211056150328,-14.734536071645806,-13.294192806446025,-15.465607445673236,-18.79025345982508,-14.287738339991805,-19.244027803337012,-11.22274782879659,-11.48757416227699,-21.469662281303144,-16.103755125544602,3.589664692525057,19,22.98607402788389,5.230665800823522,16.103755125544602,3.589664692525057,-0.0025208890630894153,0.29164544189089675
CART,10,20000,0.2924752990404765,0.008744096755981446,0.0016540085024908597,0.0037111759185791014,0.0007186037684950386,squared_error,10,64,10,"{'criterion': 'squared_error', 'max_depth': 10, 'max_leaf_nodes': 64, 'min_samples_leaf': 10}",-0.1230721447637948,0.04200837992224671,0.06098297533064123,0.19972797336840897,-0.689502582172351,0.023096126153693275,-0.2316538800829797,0.44637314251144844,0.2474921449535269,-0.0006610258517341094,-0.0025208890630894153,0.29164544189089675,19,-29.440972080149976,-21.24377463582243,-20.351147275908364,-20.140084573981078,-24.74524754696273,-20.06910418918478,-28.972708047202488,-15.111208271323123,-17.924620065603023,-31.861873592700903,-22.98607402788389,5.230665800823522,19,-21.041211056150328,-14.734536071645806,-13.294192806446025,-15.465607445673236,-18.79025345982508,-14.287738339991805,-19.244027803337012,-11.22274782879659,-11.48757416227699,-21.469662281303144,-16.103755125544602,3.589664692525057,19,22.98607402788389,5.230665800823522,16.103755125544602,3.589664692525057,-0.0025208890630894153,0.29164544189089675
CART,10,20000,0.2924752990404765,0.009311556816101074,0.0016038621686320462,0.004143333435058594,0.0009582149367866997,squared_error,10,128,10,"{'criterion': 'squared_error', 'max_depth': 10, 'max_leaf_nodes': 128, 'min_samples_leaf': 10}",-0.1230721447637948,0.04200837992224671,0.06098297533064123,0.19972797336840897,-0.689502582172351,0.023096126153693275,-0.2316538800829797,0.44637314251144844,0.2474921449535269,-0.0006610258517341094,-0.0025208890630894153,0.29164544189089675,19,-29.440972080149976,-21.24377463582243,-20.351147275908364,-20.140084573981078,-24.74524754696273,-20.06910418918478,-28.972708047202488,-15.111208271323123,-17.924620065603023,-31.861873592700903,-22.98607402788389,5.230665800823522,19,-21.041211056150328,-14.734536071645806,-13.294192806446025,-15.465607445673236,-18.79025345982508,-14.287738339991805,-19.244027803337012,-11.22274782879659,-11.48757416227699,-21.469662281303144,-16.103755125544602,3.589664692525057,19,22.98607402788389,5.230665800823522,16.103755125544602,3.589664692525057,-0.0025208890630894153,0.29164544189089675
CART,10,20000,0.2924752990404765,0.013370704650878907,0.0014632283331968664,0.006038212776184082,0.0011061952188882495,friedman_mse,10,32,10,"{'criterion': 'friedman_mse', 'max_depth': 10, 'max_leaf_nodes': 32, 'min_samples_leaf': 10}",-0.1230721447637948,0.04200837992224671,0.06098297533064123,0.19972797336840897,-0.689502582172351,0.023096126153693275,-0.2316538800829797,0.44637314251144844,0.2474921449535269,-0.0006610258517341094,-0.0025208890630894153,0.29164544189089675,19,-29.440972080149976,-21.24377463582243,-20.351147275908364,-20.140084573981078,-24.74524754696273,-20.06910418918478,-28.972708047202488,-15.111208271323123,-17.924620065603023,-31.861873592700903,-22.98607402788389,5.230665800823522,19,-21.041211056150328,-14.734536071645806,-13.294192806446025,-15.465607445673236,-18.79025345982508,-14.287738339991805,-19.244027803337012,-11.22274782879659,-11.48757416227699,-21.469662281303144,-16.103755125544602,3.589664692525057,19,22.98607402788389,5.230665800823522,16.103755125544602,3.589664692525057,-0.0025208890630894153,0.29164544189089675
CART,10,20000,0.2924752990404765,0.009124040603637695,0.0014749792132195,0.003671431541442871,0.0005686356131166787,friedman_mse,10,64,10,"{'criterion': 'friedman_mse', 'max_depth': 10, 'max_leaf_nodes': 64, 'min_samples_leaf': 10}",-0.1230721447637948,0.04200837992224671,0.06098297533064123,0.19972797336840897,-0.689502582172351,0.023096126153693275,-0.2316538800829797,0.44637314251144844,0.2474921449535269,-0.0006610258517341094,-0.0025208890630894153,0.29164544189089675,19,-29.440972080149976,-21.24377463582243,-20.351147275908364,-20.140084573981078,-24.74524754696273,-20.06910418918478,-28.972708047202488,-15.111208271323123,-17.924620065603023,-31.861873592700903,-22.98607402788389,5.230665800823522,19,-21.041211056150328,-14.734536071645806,-13.294192806446025,-15.465607445673236,-18.79025345982508,-14.287738339991805,-19.244027803337012,-11.22274782879659,-11.48757416227699,-21.469662281303144,-16.103755125544602,3.589664692525057,19,22.98607402788389,5.230665800823522,16.103755125544602,3.589664692525057,-0.0025208890630894153,0.29164544189089675
CART,10,20000,0.2924752990404765,0.009378814697265625,0.002103426959532526,0.0038837432861328126,0.0007788791917497723,friedman_mse,10,128,10,"{'criterion': 'friedman_mse', 'max_depth': 10, 'max_leaf_nodes': 128, 'min_samples_leaf': 10}",-0.1230721447637948,0.04200837992224671,0.06098297533064123,0.19972797336840897,-0.689502582172351,0.023096126153693275,-0.2316538800829797,0.44637314251144844,0.2474921449535269,-0.0006610258517341094,-0.0025208890630894153,0.29164544189089675,19,-29.440972080149976,-21.24377463582243,-20.351147275908364,-20.140084573981078,-24.74524754696273,-20.06910418918478,-28.972708047202488,-15.111208271323123,-17.924620065603023,-31.861873592700903,-22.98607402788389,5.230665800823522,19,-21.041211056150328,-14.734536071645806,-13.294192806446025,-15.465607445673236,-18.79025345982508,-14.287738339991805,-19.244027803337012,-11.22274782879659,-11.48757416227699,-21.469662281303144,-16.103755125544602,3.589664692525057,19,22.98607402788389,5.230665800823522,16.103755125544602,3.589664692525057,-0.0025208890630894153,0.29164544189089675
CART,10,20000,0.2924752990404765,0.009901976585388184,0.0018216716443432504,0.0036468982696533205,0.0008990864246112805,squared_error,,32,5,"{'criterion': 'squared_error', 'max_depth': None, 'max_leaf_nodes': 32, 'min_samples_leaf': 5}",0.0181371706629625,-0.360896248248157,0.14511711644475533,0.10553420674930913,-1.088513403801164,0.10395949861916642,-0.614642107959541,0.19933689688387357,0.4979895941247183,-0.19451465435277426,-0.11884919308768509,0.4382395363065074,25,-27.527940893810136,-25.31997886846209,-19.418043735854155,-21.29238645770355,-27.5125602269397,-19.220553584206773,-33.17285783759092,-18.172535411888347,-14.640327771564264,-34.81156586546816,-24.108875065348812,6.325906576741417,25,-19.64768353358933,-15.249473397588018,-12.553844872781923,-16.02752243541899,-20.798824357903307,-13.337779979372833,-21.717434715435164,-12.839338972431076,-10.910094788338597,-21.765557644110274,-16.48475546969695,3.941313332601016,25,24.108875065348812,6.325906576741417,16.48475546969695,3.941313332601016,-0.11884919308768509,0.4382395363065074
CART,10,20000,0.2924752990404765,0.01074998378753662,0.003960501674093256,0.003790760040283203,0.001564823310062496,squared_error,10,32,5,"{'criterion': 'squared_error', 'max_depth': 10, 'max_leaf_nodes': 32, 'min_samples_leaf': 5}",0.0181371706629625,-0.360896248248157,0.14511711644475533,0.10553420674930913,-1.088513403801164,0.10395949861916642,-0.614642107959541,0.19933689688387357,0.4979895941247183,-0.19451465435277426,-0.11884919308768509,0.4382395363065074,25,-27.527940893810136,-25.31997886846209,-19.418043735854155,-21.29238645770355,-27.5125602269397,-19.220553584206773,-33.17285783759092,-18.172535411888347,-14.640327771564264,-34.81156586546816,-24.108875065348812,6.325906576741417,25,-19.64768353358933,-15.249473397588018,-12.553844872781923,-16.02752243541899,-20.798824357903307,-13.337779979372833,-21.717434715435164,-12.839338972431076,-10.910094788338597,-21.765557644110274,-16.48475546969695,3.941313332601016,25,24.108875065348812,6.325906576741417,16.48475546969695,3.941313332601016,-0.11884919308768509,0.4382395363065074
CART,10,20000,0.2924752990404765,0.009971952438354493,0.0014022890847108656,0.0037618398666381834,0.0007038603132790341,squared_error,20,32,5,"{'criterion': 'squared_error', 'max_depth': 20, 'max_leaf_nodes': 32, 'min_samples_leaf': 5}",0.0181371706629625,-0.360896248248157,0.14511711644475533,0.10553420674930913,-1.088513403801164,0.10395949861916642,-0.614642107959541,0.19933689688387357,0.4979895941247183,-0.19451465435277426,-0.11884919308768509,0.4382395363065074,25,-27.527940893810136,-25.31997886846209,-19.418043735854155,-21.29238645770355,-27.5125602269397,-19.220553584206773,-33.17285783759092,-18.172535411888347,-14.640327771564264,-34.81156586546816,-24.108875065348812,6.325906576741417,25,-19.64768353358933,-15.249473397588018,-12.553844872781923,-16.02752243541899,-20.798824357903307,-13.337779979372833,-21.717434715435164,-12.839338972431076,-10.910094788338597,-21.765557644110274,-16.48475546969695,3.941313332601016,25,24.108875065348812,6.325906576741417,16.48475546969695,3.941313332601016,-0.11884919308768509,0.4382395363065074
CART,10,20000,0.2924752990404765,0.01584923267364502,0.005009686924331512,0.007979822158813477,0.004284612926966967,squared_error,30,32,5,"{'criterion': 'squared_error', 'max_depth': 30, 'max_leaf_nodes': 32, 'min_samples_leaf': 5}",0.0181371706629625,-0.360896248248157,0.14511711644475533,0.10553420674930913,-1.088513403801164,0.10395949861916642,-0.614642107959541,0.19933689688387357,0.4979895941247183,-0.19451465435277426,-0.11884919308768509,0.4382395363065074,25,-27.527940893810136,-25.31997886846209,-19.418043735854155,-21.29238645770355,-27.5125602269397,-19.220553584206773,-33.17285783759092,-18.172535411888347,-14.640327771564264,-34.81156586546816,-24.108875065348812,6.325906576741417,25,-19.64768353358933,-15.249473397588018,-12.553844872781923,-16.02752243541899,-20.798824357903307,-13.337779979372833,-21.717434715435164,-12.839338972431076,-10.910094788338597,-21.765557644110274,-16.48475546969695,3.941313332601016,25,24.108875065348812,6.325906576741417,16.48475546969695,3.941313332601016,-0.11884919308768509,0.4382395363065074
CART,10,20000,0.2924752990404765,0.013857316970825196,0.0019014997353901518,0.00535430908203125,0.0004427614449690052,friedman_mse,,32,5,"{'criterion': 'friedman_mse', 'max_depth': None, 'max_leaf_nodes': 32, 'min_samples_leaf': 5}",0.0181371706629625,-0.360896248248157,0.14511711644475533,0.10553420674930913,-1.088513403801164,0.10395949861916642,-0.614642107959541,0.19933689688387357,0.4979895941247183,-0.19451465435277426,-0.11884919308768509,0.4382395363065074,25,-27.527940893810136,-25.31997886846209,-19.418043735854155,-21.29238645770355,-27.5125602269397,-19.220553584206773,-33.17285783759092,-18.172535411888347,-14.640327771564264,-34.81156586546816,-24.108875065348812,6.325906576741417,25,-19.64768353358933,-15.249473397588018,-12.553844872781923,-16.02752243541899,-20.798824357903307,-13.337779979372833,-21.717434715435164,-12.839338972431076,-10.910094788338597,-21.765557644110274,-16.48475546969695,3.941313332601016,25,24.108875065348812,6.325906576741417,16.48475546969695,3.941313332601016,-0.11884919308768509,0.4382395363065074
CART,10,20000,0.2924752990404765,0.014790821075439452,0.002634694093587395,0.0063400745391845705,0.0009810752728094743,friedman_mse,10,32,5,"{'criterion': 'friedman_mse', 'max_depth': 10, 'max_leaf_nodes': 32, 'min_samples_leaf': 5}",0.0181371706629625,-0.360896248248157,0.14511711644475533,0.10553420674930913,-1.088513403801164,0.10395949861916642,-0.614642107959541,0.19933689688387357,0.4979895941247183,-0.19451465435277426,-0.11884919308768509,0.4382395363065074,25,-27.527940893810136,-25.31997886846209,-19.418043735854155,-21.29238645770355,-27.5125602269397,-19.220553584206773,-33.17285783759092,-18.172535411888347,-14.640327771564264,-34.81156586546816,-24.108875065348812,6.325906576741417,25,-19.64768353358933,-15.249473397588018,-12.553844872781923,-16.02752243541899,-20.798824357903307,-13.337779979372833,-21.717434715435164,-12.839338972431076,-10.910094788338597,-21.765557644110274,-16.48475546969695,3.941313332601016,25,24.108875065348812,6.325906576741417,16.48475546969695,3.941313332601016,-0.11884919308768509,0.4382395363065074
CART,10,20000,0.2924752990404765,0.01010589599609375,0.0016569478442160512,0.0038851261138916015,0.0008631243428344858,friedman_mse,20,32,5,"{'criterion': 'friedman_mse', 'max_depth': 20, 'max_leaf_nodes': 32, 'min_samples_leaf': 5}",0.0181371706629625,-0.360896248248157,0.14511711644475533,0.10553420674930913,-1.088513403801164,0.10395949861916642,-0.614642107959541,0.19933689688387357,0.4979895941247183,-0.19451465435277426,-0.11884919308768509,0.4382395363065074,25,-27.527940893810136,-25.31997886846209,-19.418043735854155,-21.29238645770355,-27.5125602269397,-19.220553584206773,-33.17285783759092,-18.172535411888347,-14.640327771564264,-34.81156586546816,-24.108875065348812,6.325906576741417,25,-19.64768353358933,-15.249473397588018,-12.553844872781923,-16.02752243541899,-20.798824357903307,-13.337779979372833,-21.717434715435164,-12.839338972431076,-10.910094788338597,-21.765557644110274,-16.48475546969695,3.941313332601016,25,24.108875065348812,6.325906576741417,16.48475546969695,3.941313332601016,-0.11884919308768509,0.4382395363065074
CART,10,20000,0.2924752990404765,0.011396980285644532,0.0023665337924604606,0.0045372962951660155,0.0009355272219604426,friedman_mse,30,32,5,"{'criterion': 'friedman_mse', 'max_depth': 30, 'max_leaf_nodes': 32, 'min_samples_leaf': 5}",0.0181371706629625,-0.360896248248157,0.14511711644475533,0.10553420674930913,-1.088513403801164,0.10395949861916642,-0.614642107959541,0.19933689688387357,0.4979895941247183,-0.19451465435277426,-0.11884919308768509,0.4382395363065074,25,-27.527940893810136,-25.31997886846209,-19.418043735854155,-21.29238645770355,-27.5125602269397,-19.220553584206773,-33.17285783759092,-18.172535411888347,-14.640327771564264,-34.81156586546816,-24.108875065348812,6.325906576741417,25,-19.64768353358933,-15.249473397588018,-12.553844872781923,-16.02752243541899,-20.798824357903307,-13.337779979372833,-21.717434715435164,-12.839338972431076,-10.910094788338597,-21.765557644110274,-16.48475546969695,3.941313332601016,25,24.108875065348812,6.325906576741417,16.48475546969695,3.941313332601016,-0.11884919308768509,0.4382395363065074
CART,10,20000,0.2924752990404765,0.015743303298950195,0.0017165146865329769,0.005309653282165527,0.0009248771739802276,friedman_mse,,64,5,"{'criterion': 'friedman_mse', 'max_depth': None, 'max_leaf_nodes': 64, 'min_samples_leaf': 5}",0.04915464574218653,-0.2707084168790561,0.14195698846142324,0.11247401110030253,-1.1128832785088831,0.09083050234292189,-0.739393048715447,0.22835765516539874,0.43254200370633866,-0.18817782810775152,-0.1255846765692566,0.4493215393108525,33,-27.08964177003711,-24.466609124124172,-19.45390063545782,-21.209626039677627,-27.672610217839086,-19.360853562990595,-34.43052266943862,-17.840155773323417,-15.565436365262165,-34.719106479353584,-24.180846263750418,6.369302158450594,33,-19.730680708180707,-15.196459096459098,-12.828874643874643,-15.941551689051689,-20.6994708994709,-14.156817042606516,-23.161403508771922,-12.74516604010025,-11.734484126984128,-22.126353383458643,-16.83212611389585,4.009832864078345,33,24.180846263750418,6.369302158450594,16.83212611389585,4.009832864078345,-0.1255846765692566,0.4493215393108525
CART,10,20000,0.2924752990404765,0.01580648422241211,0.002364730983996583,0.005955743789672852,0.0017553586427131538,friedman_mse,,128,5,"{'criterion': 'friedman_mse', 'max_depth': None, 'max_leaf_nodes': 128, 'min_samples_leaf': 5}",0.04915464574218653,-0.2707084168790561,0.14195698846142324,0.11247401110030253,-1.1128832785088831,0.09083050234292189,-0.739393048715447,0.22835765516539874,0.43254200370633866,-0.18817782810775152,-0.1255846765692566,0.4493215393108525,33,-27.08964177003711,-24.466609124124172,-19.45390063545782,-21.209626039677627,-27.672610217839086,-19.360853562990595,-34.43052266943862,-17.840155773323417,-15.565436365262165,-34.719106479353584,-24.180846263750418,6.369302158450594,33,-19.730680708180707,-15.196459096459098,-12.828874643874643,-15.941551689051689,-20.6994708994709,-14.156817042606516,-23.161403508771922,-12.74516604010025,-11.734484126984128,-22.126353383458643,-16.83212611389585,4.009832864078345,33,24.180846263750418,6.369302158450594,16.83212611389585,4.009832864078345,-0.1255846765692566,0.4493215393108525
CART,10,20000,0.2924752990404765,0.011511874198913575,0.001878498777517925,0.00411074161529541,0.0012877893294620825,friedman_mse,20,64,5,"{'criterion': 'friedman_mse', 'max_depth': 20, 'max_leaf_nodes': 64, 'min_samples_leaf': 5}",0.04915464574218653,-0.2707084168790561,0.14195698846142324,0.11247401110030253,-1.1128832785088831,0.09083050234292189,-0.739393048715447,0.22835765516539874,0.43254200370633866,-0.18817782810775152,-0.1255846765692566,0.4493215393108525,33,-27.08964177003711,-24.466609124124172,-19.45390063545782,-21.209626039677627,-27.672610217839086,-19.360853562990595,-34.43052266943862,-17.840155773323417,-15.565436365262165,-34.719106479353584,-24.180846263750418,6.369302158450594,33,-19.730680708180707,-15.196459096459098,-12.828874643874643,-15.941551689051689,-20.6994708994709,-14.156817042606516,-23.161403508771922,-12.74516604010025,-11.734484126984128,-22.126353383458643,-16.83212611389585,4.009832864078345,33,24.180846263750418,6.369302158450594,16.83212611389585,4.009832864078345,-0.1255846765692566,0.4493215393108525
CART,10,20000,0.2924752990404765,0.011260318756103515,0.0014008699479031992,0.00402987003326416,0.0009052327666342635,friedman_mse,20,128,5,"{'criterion': 'friedman_mse', 'max_depth': 20, 'max_leaf_nodes': 128, 'min_samples_leaf': 5}",0.04915464574218653,-0.2707084168790561,0.14195698846142324,0.11247401110030253,-1.1128832785088831,0.09083050234292189,-0.739393048715447,0.22835765516539874,0.43254200370633866,-0.18817782810775152,-0.1255846765692566,0.4493215393108525,33,-27.08964177003711,-24.466609124124172,-19.45390063545782,-21.209626039677627,-27.672610217839086,-19.360853562990595,-34.43052266943862,-17.840155773323417,-15.565436365262165,-34.719106479353584,-24.180846263750418,6.369302158450594,33,-19.730680708180707,-15.196459096459098,-12.828874643874643,-15.941551689051689,-20.6994708994709,-14.156817042606516,-23.161403508771922,-12.74516604010025,-11.734484126984128,-22.126353383458643,-16.83212611389585,4.009832864078345,33,24.180846263750418,6.369302158450594,16.83212611389585,4.009832864078345,-0.1255846765692566,0.4493215393108525
CART,10,20000,0.2924752990404765,0.011353516578674316,0.0017710198084351706,0.0038567781448364258,0.0007288251877249348,friedman_mse,30,64,5,"{'criterion': 'friedman_mse', 'max_depth': 30, 'max_leaf_nodes': 64, 'min_samples_leaf': 5}",0.04915464574218653,-0.2707084168790561,0.14195698846142324,0.11247401110030253,-1.1128832785088831,0.09083050234292189,-0.739393048715447,0.22835765516539874,0.43254200370633866,-0.18817782810775152,-0.1255846765692566,0.4493215393108525,33,-27.08964177003711,-24.466609124124172,-19.45390063545782,-21.209626039677627,-27.672610217839086,-19.360853562990595,-34.43052266943862,-17.840155773323417,-15.565436365262165,-34.719106479353584,-24.180846263750418,6.369302158450594,33,-19.730680708180707,-15.196459096459098,-12.828874643874643,-15.941551689051689,-20.6994708994709,-14.156817042606516,-23.161403508771922,-12.74516604010025,-11.734484126984128,-22.126353383458643,-16.83212611389585,4.009832864078345,33,24.180846263750418,6.369302158450594,16.83212611389585,4.009832864078345,-0.1255846765692566,0.4493215393108525
CART,10,20000,0.2924752990404765,0.012941837310791016,0.0017605464534778557,0.004745626449584961,0.001148897994730432,friedman_mse,30,128,5,"{'criterion': 'friedman_mse', 'max_depth': 30, 'max_leaf_nodes': 128, 'min_samples_leaf': 5}",0.04915464574218653,-0.2707084168790561,0.14195698846142324,0.11247401110030253,-1.1128832785088831,0.09083050234292189,-0.739393048715447,0.22835765516539874,0.43254200370633866,-0.18817782810775152,-0.1255846765692566,0.4493215393108525,33,-27.08964177003711,-24.466609124124172,-19.45390063545782,-21.209626039677627,-27.672610217839086,-19.360853562990595,-34.43052266943862,-17.840155773323417,-15.565436365262165,-34.719106479353584,-24.180846263750418,6.369302158450594,33,-19.730680708180707,-15.196459096459098,-12.828874643874643,-15.941551689051689,-20.6994708994709,-14.156817042606516,-23.161403508771922,-12.74516604010025,-11.734484126984128,-22.126353383458643,-16.83212611389585,4.009832864078345,33,24.180846263750418,6.369302158450594,16.83212611389585,4.009832864078345,-0.1255846765692566,0.4493215393108525
CART,10,20000,0.2924752990404765,0.011846113204956054,0.0029899152897896932,0.004113245010375977,0.0016193139881106912,squared_error,,64,5,"{'criterion': 'squared_error', 'max_depth': None, 'max_leaf_nodes': 64, 'min_samples_leaf': 5}",0.04915464574218653,-0.2707084168790561,0.14195698846142324,0.11247401110030253,-1.1128832785088831,0.09083050234292189,-0.739393048715447,0.22835765516539874,0.43254200370633866,-0.18873014817575684,-0.12563990857605714,0.4493292639419205,39,-27.08964177003711,-24.466609124124172,-19.45390063545782,-21.209626039677627,-27.672610217839086,-19.360853562990595,-34.43052266943862,-17.840155773323417,-15.565436365262165,-34.727175065905165,-24.181653122405578,6.370637457724458,39,-19.730680708180707,-15.196459096459098,-12.828874643874643,-15.941551689051689,-20.6994708994709,-14.156817042606516,-23.161403508771922,-12.74516604010025,-11.734484126984128,-22.263020050125313,-16.845792780562515,4.028045366743544,39,24.181653122405578,6.370637457724458,16.845792780562515,4.028045366743544,-0.12563990857605714,0.4493292639419205
CART,10,20000,0.2924752990404765,0.010794949531555176,0.001454697857564617,0.0035469532012939453,0.0005231116719978075,squared_error,,128,5,"{'criterion': 'squared_error', 'max_depth': None, 'max_leaf_nodes': 128, 'min_samples_leaf': 5}",0.04915464574218653,-0.2707084168790561,0.14195698846142324,0.11247401110030253,-1.1128832785088831,0.09083050234292189,-0.739393048715447,0.22835765516539874,0.43254200370633866,-0.18873014817575684,-0.12563990857605714,0.4493292639419205,39,-27.08964177003711,-24.466609124124172,-19.45390063545782,-21.209626039677627,-27.672610217839086,-19.360853562990595,-34.43052266943862,-17.840155773323417,-15.565436365262165,-34.727175065905165,-24.181653122405578,6.370637457724458,39,-19.730680708180707,-15.196459096459098,-12.828874643874643,-15.941551689051689,-20.6994708994709,-14.156817042606516,-23.161403508771922,-12.74516604010025,-11.734484126984128,-22.263020050125313,-16.845792780562515,4.028045366743544,39,24.181653122405578,6.370637457724458,16.845792780562515,4.028045366743544,-0.12563990857605714,0.4493292639419205
CART,10,20000,0.2924752990404765,0.010980772972106933,0.001544478201834439,0.0035093545913696287,0.000410974160409453,squared_error,20,64,5,"{'criterion': 'squared_error', 'max_depth': 20, 'max_leaf_nodes': 64, 'min_samples_leaf': 5}",0.04915464574218653,-0.2707084168790561,0.14195698846142324,0.11247401110030253,-1.1128832785088831,0.09083050234292189,-0.739393048715447,0.22835765516539874,0.43254200370633866,-0.18873014817575684,-0.12563990857605714,0.4493292639419205,39,-27.08964177003711,-24.466609124124172,-19.45390063545782,-21.209626039677627,-27.672610217839086,-19.360853562990595,-34.43052266943862,-17.840155773323417,-15.565436365262165,-34.727175065905165,-24.181653122405578,6.370637457724458,39,-19.730680708180707,-15.196459096459098,-12.828874643874643,-15.941551689051689,-20.6994708994709,-14.156817042606516,-23.161403508771922,-12.74516604010025,-11.734484126984128,-22.263020050125313,-16.845792780562515,4.028045366743544,39,24.181653122405578,6.370637457724458,16.845792780562515,4.028045366743544,-0.12563990857605714,0.4493292639419205
CART,10,20000,0.2924752990404765,0.011085033416748047,0.0017284500068437145,0.003529524803161621,0.0005287667807087474,squared_error,20,128,5,"{'criterion': 'squared_error', 'max_depth': 20, 'max_leaf_nodes': 128, 'min_samples_leaf': 5}",0.04915464574218653,-0.2707084168790561,0.14195698846142324,0.11247401110030253,-1.1128832785088831,0.09083050234292189,-0.739393048715447,0.22835765516539874,0.43254200370633866,-0.18873014817575684,-0.12563990857605714,0.4493292639419205,39,-27.08964177003711,-24.466609124124172,-19.45390063545782,-21.209626039677627,-27.672610217839086,-19.360853562990595,-34.43052266943862,-17.840155773323417,-15.565436365262165,-34.727175065905165,-24.181653122405578,6.370637457724458,39,-19.730680708180707,-15.196459096459098,-12.828874643874643,-15.941551689051689,-20.6994708994709,-14.156817042606516,-23.161403508771922,-12.74516604010025,-11.734484126984128,-22.263020050125313,-16.845792780562515,4.028045366743544,39,24.181653122405578,6.370637457724458,16.845792780562515,4.028045366743544,-0.12563990857605714,0.4493292639419205
CART,10,20000,0.2924752990404765,0.016304492950439453,0.0032188230026954515,0.005148100852966309,0.00045233152156403875,squared_error,30,64,5,"{'criterion': 'squared_error', 'max_depth': 30, 'max_leaf_nodes': 64, 'min_samples_leaf': 5}",0.04915464574218653,-0.2707084168790561,0.14195698846142324,0.11247401110030253,-1.1128832785088831,0.09083050234292189,-0.739393048715447,0.22835765516539874,0.43254200370633866,-0.18873014817575684,-0.12563990857605714,0.4493292639419205,39,-27.08964177003711,-24.466609124124172,-19.45390063545782,-21.209626039677627,-27.672610217839086,-19.360853562990595,-34.43052266943862,-17.840155773323417,-15.565436365262165,-34.727175065905165,-24.181653122405578,6.370637457724458,39,-19.730680708180707,-15.196459096459098,-12.828874643874643,-15.941551689051689,-20.6994708994709,-14.156817042606516,-23.161403508771922,-12.74516604010025,-11.734484126984128,-22.263020050125313,-16.845792780562515,4.028045366743544,39,24.181653122405578,6.370637457724458,16.845792780562515,4.028045366743544,-0.12563990857605714,0.4493292639419205
CART,10,20000,0.2924752990404765,0.015481162071228027,0.0009227332514363708,0.005210661888122558,0.00040242371664526305,squared_error,30,128,5,"{'criterion': 'squared_error', 'max_depth': 30, 'max_leaf_nodes': 128, 'min_samples_leaf': 5}",0.04915464574218653,-0.2707084168790561,0.14195698846142324,0.11247401110030253,-1.1128832785088831,0.09083050234292189,-0.739393048715447,0.22835765516539874,0.43254200370633866,-0.18873014817575684,-0.12563990857605714,0.4493292639419205,39,-27.08964177003711,-24.466609124124172,-19.45390063545782,-21.209626039677627,-27.672610217839086,-19.360853562990595,-34.43052266943862,-17.840155773323417,-15.565436365262165,-34.727175065905165,-24.181653122405578,6.370637457724458,39,-19.730680708180707,-15.196459096459098,-12.828874643874643,-15.941551689051689,-20.6994708994709,-14.156817042606516,-23.161403508771922,-12.74516604010025,-11.734484126984128,-22.263020050125313,-16.845792780562515,4.028045366743544,39,24.181653122405578,6.370637457724458,16.845792780562515,4.028045366743544,-0.12563990857605714,0.4493292639419205
CART,10,20000,0.2924752990404765,0.01063551902770996,0.0018864404646991265,0.0036691904067993166,0.000866391413466175,squared_error,10,64,5,"{'criterion': 'squared_error', 'max_depth': 10, 'max_leaf_nodes': 64, 'min_samples_leaf': 5}",0.03254350524923333,-0.3016387995439971,0.13059381098004752,0.11258279627184753,-1.123269803325146,0.12375426385273303,-0.7142073341391446,0.22031381457253274,0.42636859334291466,-0.1871733676216354,-0.12801325203606145,0.4483754293544615,45,-27.32524344255818,-24.76259036067931,-19.582292250771836,-21.208326154636364,-27.740543428630698,-19.007063715944398,-34.180343656242336,-17.932900375673793,-15.649875999199137,-34.70442797614744,-24.209360736048346,6.341841808678696,45,-19.77075714155126,-15.435118784786305,-12.99233867983868,-15.91283374033374,-20.741094831094834,-13.672029695450748,-22.975895989974934,-13.003000758475135,-12.069596091678472,-22.07165823211876,-16.864432394530287,3.923959160815733,45,24.209360736048346,6.341841808678696,16.864432394530287,3.923959160815733,-0.12801325203606145,0.4483754293544615
CART,10,20000,0.2924752990404765,0.01098778247833252,0.0022446976058340105,0.0036017894744873047,0.0005545692308022684,squared_error,10,128,5,"{'criterion': 'squared_error', 'max_depth': 10, 'max_leaf_nodes': 128, 'min_samples_leaf': 5}",0.03254350524923333,-0.3016387995439971,0.13059381098004752,0.11258279627184753,-1.123269803325146,0.12375426385273303,-0.7142073341391446,0.22031381457253274,0.42636859334291466,-0.1871733676216354,-0.12801325203606145,0.4483754293544615,45,-27.32524344255818,-24.76259036067931,-19.582292250771836,-21.208326154636364,-27.740543428630698,-19.007063715944398,-34.180343656242336,-17.932900375673793,-15.649875999199137,-34.70442797614744,-24.209360736048346,6.341841808678696,45,-19.77075714155126,-15.435118784786305,-12.99233867983868,-15.91283374033374,-20.741094831094834,-13.672029695450748,-22.975895989974934,-13.003000758475135,-12.069596091678472,-22.07165823211876,-16.864432394530287,3.923959160815733,45,24.209360736048346,6.341841808678696,16.864432394530287,3.923959160815733,-0.12801325203606145,0.4483754293544615
CART,10,20000,0.2924752990404765,0.01038808822631836,0.0010420202897299825,0.0037769079208374023,0.0006122113950100588,friedman_mse,10,64,5,"{'criterion': 'friedman_mse', 'max_depth': 10, 'max_leaf_nodes': 64, 'min_samples_leaf': 5}",0.03254350524923333,-0.3016387995439971,0.13059381098004752,0.11258279627184753,-1.1246984296931108,0.12375426385273303,-0.7142073341391446,0.22031381457253274,0.42636859334291466,-0.1871733676216354,-0.12815611467285792,0.4486926334215962,47,-27.32524344255818,-24.76259036067931,-19.582292250771836,-21.208326154636364,-27.749874368968293,-19.007063715944398,-34.180343656242336,-17.932900375673793,-15.649875999199137,-34.70442797614744,-24.210293830082104,6.342361958552231,47,-19.77075714155126,-15.435118784786305,-12.99233867983868,-15.91283374033374,-20.8077614977615,-13.672029695450748,-22.975895989974934,-13.003000758475135,-12.069596091678472,-22.07165823211876,-16.87109906119695,3.930590837041836,47,24.210293830082104,6.342361958552231,16.87109906119695,3.930590837041836,-0.12815611467285792,0.4486926334215962
CART,10,20000,0.2924752990404765,0.010368084907531739,0.0020400002625881337,0.003340744972229004,0.00012808259922152641,friedman_mse,10,128,5,"{'criterion': 'friedman_mse', 'max_depth': 10, 'max_leaf_nodes': 128, 'min_samples_leaf': 5}",0.03254350524923333,-0.3016387995439971,0.13059381098004752,0.11258279627184753,-1.1246984296931108,0.12375426385273303,-0.7142073341391446,0.22031381457253274,0.42636859334291466,-0.1871733676216354,-0.12815611467285792,0.4486926334215962,47,-27.32524344255818,-24.76259036067931,-19.582292250771836,-21.208326154636364,-27.749874368968293,-19.007063715944398,-34.180343656242336,-17.932900375673793,-15.649875999199137,-34.70442797614744,-24.210293830082104,6.342361958552231,47,-19.77075714155126,-15.435118784786305,-12.99233867983868,-15.91283374033374,-20.8077614977615,-13.672029695450748,-22.975895989974934,-13.003000758475135,-12.069596091678472,-22.07165823211876,-16.87109906119695,3.930590837041836,47,24.210293830082104,6.342361958552231,16.87109906119695,3.930590837041836,-0.12815611467285792,0.4486926334215962
CART,10,20000,0.2924752990404765,0.015299296379089356,0.0016863651138379879,0.006124091148376465,0.000777005044986681,friedman_mse,,32,1,"{'criterion': 'friedman_mse', 'max_depth': None, 'max_leaf_nodes': 32, 'min_samples_leaf': 1}",-0.003184104908764418,-0.5300891034410469,0.21980521893697624,-0.4542842751226934,-1.9420872954307935,-0.18161874720425208,-0.4942427256983948,0.11499659351708946,-0.610887024260139,-0.35794839920354415,-0.4239539862815563,0.5746148137582517,53,-27.82522204664043,-26.847830150853344,-18.550417333499478,-27.14983070262196,-32.654282841651664,-22.071952766998635,-31.912095692465478,-19.10570585832535,-26.225693532348473,-37.11670810455061,-26.945973902995547,5.636890249286233,49,-18.1919669120046,-18.85464346993428,-11.187638178649431,-18.56704400300554,-24.1283977291196,-14.534518237517572,-21.010321356275306,-13.667862778271363,-15.028032960560411,-21.58656890275213,-17.67569945280902,3.814940438844047,54,26.945973902995547,5.636890249286233,17.67569945280902,3.814940438844047,-0.4239539862815563,0.5746148137582517
CART,10,20000,0.2924752990404765,0.016827917098999022,0.003380450581825952,0.006645035743713379,0.0015293326222838438,friedman_mse,10,32,1,"{'criterion': 'friedman_mse', 'max_depth': 10, 'max_leaf_nodes': 32, 'min_samples_leaf': 1}",-0.003184104908764418,-0.5300891034410469,0.21980521893697624,-0.4542842751226934,-1.9420872954307935,-0.18161874720425208,-0.4942427256983948,0.11499659351708946,-0.610887024260139,-0.35794839920354415,-0.4239539862815563,0.5746148137582517,53,-27.82522204664043,-26.847830150853344,-18.550417333499478,-27.14983070262196,-32.654282841651664,-22.071952766998635,-31.912095692465478,-19.10570585832535,-26.225693532348473,-37.11670810455061,-26.945973902995547,5.636890249286233,49,-18.1919669120046,-18.85464346993428,-11.187638178649431,-18.56704400300554,-24.1283977291196,-14.534518237517572,-21.010321356275306,-13.667862778271363,-15.028032960560411,-21.58656890275213,-17.67569945280902,3.814940438844047,54,26.945973902995547,5.636890249286233,17.67569945280902,3.814940438844047,-0.4239539862815563,0.5746148137582517
CART,10,20000,0.2924752990404765,0.011202573776245117,0.0015567796636629053,0.0038544893264770507,0.0007591408732784325,friedman_mse,20,32,1,"{'criterion': 'friedman_mse', 'max_depth': 20, 'max_leaf_nodes': 32, 'min_samples_leaf': 1}",-0.003184104908764418,-0.5300891034410469,0.21980521893697624,-0.4542842751226934,-1.9420872954307935,-0.18161874720425208,-0.4942427256983948,0.11499659351708946,-0.610887024260139,-0.35794839920354415,-0.4239539862815563,0.5746148137582517,53,-27.82522204664043,-26.847830150853344,-18.550417333499478,-27.14983070262196,-32.654282841651664,-22.071952766998635,-31.912095692465478,-19.10570585832535,-26.225693532348473,-37.11670810455061,-26.945973902995547,5.636890249286233,49,-18.1919669120046,-18.85464346993428,-11.187638178649431,-18.56704400300554,-24.1283977291196,-14.534518237517572,-21.010321356275306,-13.667862778271363,-15.028032960560411,-21.58656890275213,-17.67569945280902,3.814940438844047,54,26.945973902995547,5.636890249286233,17.67569945280902,3.814940438844047,-0.4239539862815563,0.5746148137582517
CART,10,20000,0.2924752990404765,0.011001157760620116,0.001679291538789338,0.0037726640701293947,0.000733819481571762,friedman_mse,30,32,1,"{'criterion': 'friedman_mse', 'max_depth': 30, 'max_leaf_nodes': 32, 'min_samples_leaf': 1}",-0.003184104908764418,-0.5300891034410469,0.21980521893697624,-0.4542842751226934,-1.9420872954307935,-0.18161874720425208,-0.4942427256983948,0.11499659351708946,-0.610887024260139,-0.35794839920354415,-0.4239539862815563,0.5746148137582517,53,-27.82522204664043,-26.847830150853344,-18.550417333499478,-27.14983070262196,-32.654282841651664,-22.071952766998635,-31.912095692465478,-19.10570585832535,-26.225693532348473,-37.11670810455061,-26.945973902995547,5.636890249286233,49,-18.1919669120046,-18.85464346993428,-11.187638178649431,-18.56704400300554,-24.1283977291196,-14.534518237517572,-21.010321356275306,-13.667862778271363,-15.028032960560411,-21.58656890275213,-17.67569945280902,3.814940438844047,54,26.945973902995547,5.636890249286233,17.67569945280902,3.814940438844047,-0.4239539862815563,0.5746148137582517
CART,10,20000,0.2924752990404765,0.01575613021850586,0.002851677901305669,0.006257414817810059,0.0011933418990615846,friedman_mse,,32,2,"{'criterion': 'friedman_mse', 'max_depth': None, 'max_leaf_nodes': 32, 'min_samples_leaf': 2}",-0.07185684077684651,-0.3179257041705794,-0.39441144486157853,-0.4910365702334223,-1.5909705966053145,-0.4501344790257249,-0.5692979987600091,-0.055611053089117624,-0.1281087372716072,-0.09820405543811117,-0.416755748023231,0.4304789308592512,49,-28.761842885910852,-24.917031122766137,-24.799768875841167,-27.49075196406134,-30.64387026789994,-24.451539668787806,-32.70374297389289,-20.866162277718722,-21.94673509746851,-33.37869393848532,-26.99601390728327,4.1070288231194825,53,-18.810440361096095,-15.777493945448494,-13.881136347147603,-18.77272481187576,-22.49892902419218,-16.708997698296592,-20.70050759933731,-14.688189029159993,-12.159568511198946,-20.77267729394121,-17.477066462169418,3.199846170947937,49,26.99601390728327,4.1070288231194825,17.477066462169418,3.199846170947937,-0.416755748023231,0.4304789308592512
CART,10,20000,0.2924752990404765,0.018143248558044434,0.00424983749414936,0.007414054870605469,0.002188665146851956,friedman_mse,10,32,2,"{'criterion': 'friedman_mse', 'max_depth': 10, 'max_leaf_nodes': 32, 'min_samples_leaf': 2}",-0.07185684077684651,-0.3179257041705794,-0.39441144486157853,-0.4910365702334223,-1.5909705966053145,-0.4501344790257249,-0.5692979987600091,-0.055611053089117624,-0.1281087372716072,-0.09820405543811117,-0.416755748023231,0.4304789308592512,49,-28.761842885910852,-24.917031122766137,-24.799768875841167,-27.49075196406134,-30.64387026789994,-24.451539668787806,-32.70374297389289,-20.866162277718722,-21.94673509746851,-33.37869393848532,-26.99601390728327,4.1070288231194825,53,-18.810440361096095,-15.777493945448494,-13.881136347147603,-18.77272481187576,-22.49892902419218,-16.708997698296592,-20.70050759933731,-14.688189029159993,-12.159568511198946,-20.77267729394121,-17.477066462169418,3.199846170947937,49,26.99601390728327,4.1070288231194825,17.477066462169418,3.199846170947937,-0.416755748023231,0.4304789308592512
CART,10,20000,0.2924752990404765,0.00986623764038086,0.0005680046820373274,0.003467154502868652,0.00040151444329344774,friedman_mse,20,32,2,"{'criterion': 'friedman_mse', 'max_depth': 20, 'max_leaf_nodes': 32, 'min_samples_leaf': 2}",-0.07185684077684651,-0.3179257041705794,-0.39441144486157853,-0.4910365702334223,-1.5909705966053145,-0.4501344790257249,-0.5692979987600091,-0.055611053089117624,-0.1281087372716072,-0.09820405543811117,-0.416755748023231,0.4304789308592512,49,-28.761842885910852,-24.917031122766137,-24.799768875841167,-27.49075196406134,-30.64387026789994,-24.451539668787806,-32.70374297389289,-20.866162277718722,-21.94673509746851,-33.37869393848532,-26.99601390728327,4.1070288231194825,53,-18.810440361096095,-15.777493945448494,-13.881136347147603,-18.77272481187576,-22.49892902419218,-16.708997698296592,-20.70050759933731,-14.688189029159993,-12.159568511198946,-20.77267729394121,-17.477066462169418,3.199846170947937,49,26.99601390728327,4.1070288231194825,17.477066462169418,3.199846170947937,-0.416755748023231,0.4304789308592512
CART,10,20000,0.2924752990404765,0.010365056991577148,0.0014910712377835835,0.0035286903381347655,0.0004496579862977612,friedman_mse,30,32,2,"{'criterion': 'friedman_mse', 'max_depth': 30, 'max_leaf_nodes': 32, 'min_samples_leaf': 2}",-0.07185684077684651,-0.3179257041705794,-0.39441144486157853,-0.4910365702334223,-1.5909705966053145,-0.4501344790257249,-0.5692979987600091,-0.055611053089117624,-0.1281087372716072,-0.09820405543811117,-0.416755748023231,0.4304789308592512,49,-28.761842885910852,-24.917031122766137,-24.799768875841167,-27.49075196406134,-30.64387026789994,-24.451539668787806,-32.70374297389289,-20.866162277718722,-21.94673509746851,-33.37869393848532,-26.99601390728327,4.1070288231194825,53,-18.810440361096095,-15.777493945448494,-13.881136347147603,-18.77272481187576,-22.49892902419218,-16.708997698296592,-20.70050759933731,-14.688189029159993,-12.159568511198946,-20.77267729394121,-17.477066462169418,3.199846170947937,49,26.99601390728327,4.1070288231194825,17.477066462169418,3.199846170947937,-0.416755748023231,0.4304789308592512
CART,10,20000,0.2924752990404765,0.012688040733337402,0.0022751041141957805,0.003983259201049805,0.0007514993097472667,friedman_mse,10,64,2,"{'criterion': 'friedman_mse', 'max_depth': 10, 'max_leaf_nodes': 64, 'min_samples_leaf': 2}",-0.019232349697530182,-0.16220829305379847,-0.7016239253958101,-0.46461652415356247,-1.737891468750576,-0.43199519485901106,-0.5545041959996879,0.009443556639667783,-0.37571035533015795,-0.031982926499572795,-0.44703216771000387,0.489191203877379,57,-28.04690330764344,-23.39875852472292,-27.39579802305556,-27.24610566364844,-31.50072048486474,-24.29813004310085,-32.5492285483972,-20.212974577341207,-24.23583255865104,-32.35668894200212,-27.12411406734275,3.935442840858467,57,-19.545376448947874,-14.404646263860096,-15.8594972186564,-18.76719024528055,-23.47384977523345,-15.571225083889557,-20.572651241274546,-14.360979548783542,-13.799407138535996,-20.29106574468982,-17.664588870915182,3.13012826373008,53,27.12411406734275,3.935442840858467,17.664588870915182,3.13012826373008,-0.44703216771000387,0.489191203877379
CART,10,20000,0.2924752990404765,0.018776130676269532,0.0026036839339749966,0.005966830253601074,0.001158417626704725,friedman_mse,,64,2,"{'criterion': 'friedman_mse', 'max_depth': None, 'max_leaf_nodes': 64, 'min_samples_leaf': 2}",0.00676336511494513,-0.12214375101877795,-0.7107031726637694,-0.4672960812597877,-1.8187088925853399,-0.4793517387961632,-0.5551848943111937,0.014032743865827868,-0.3727497057413349,-0.05375297186056338,-0.45590950992561563,0.5145516192911352,58,-27.686922336410497,-22.991911448642078,-27.46878780514482,-27.271018032531053,-31.962260415989025,-24.69663567036626,-32.55635422229987,-20.16609748411351,-24.20973969173933,-32.69619568970633,-27.17059227969428,4.053095620483146,58,-18.84290529021364,-14.491705382680616,-16.13984686900605,-18.761502414592712,-23.907993050108434,-16.01574824887844,-20.662877247466497,-14.381202910947694,-13.838721804511277,-20.834945041413693,-17.787744825981907,3.1778852648614864,63,27.17059227969428,4.053095620483146,17.787744825981907,3.1778852648614864,-0.45590950992561563,0.5145516192911352
CART,10,20000,0.2924752990404765,0.01444990634918213,0.00397694189025852,0.0037950515747070313,0.0007660480454792039,friedman_mse,20,64,2,"{'criterion': 'friedman_mse', 'max_depth': 20, 'max_leaf_nodes': 64, 'min_samples_leaf': 2}",0.00676336511494513,-0.12214375101877795,-0.7107031726637694,-0.4672960812597877,-1.8187088925853399,-0.4793517387961632,-0.5551848943111937,0.014032743865827868,-0.3727497057413349,-0.05375297186056338,-0.45590950992561563,0.5145516192911352,58,-27.686922336410497,-22.991911448642078,-27.46878780514482,-27.271018032531053,-31.962260415989025,-24.69663567036626,-32.55635422229987,-20.16609748411351,-24.20973969173933,-32.69619568970633,-27.17059227969428,4.053095620483146,58,-18.84290529021364,-14.491705382680616,-16.13984686900605,-18.761502414592712,-23.907993050108434,-16.01574824887844,-20.662877247466497,-14.381202910947694,-13.838721804511277,-20.834945041413693,-17.787744825981907,3.1778852648614864,63,27.17059227969428,4.053095620483146,17.787744825981907,3.1778852648614864,-0.45590950992561563,0.5145516192911352
CART,10,20000,0.2924752990404765,0.014854049682617188,0.0030167293167357853,0.004219937324523926,0.0011204937091449756,friedman_mse,30,64,2,"{'criterion': 'friedman_mse', 'max_depth': 30, 'max_leaf_nodes': 64, 'min_samples_leaf': 2}",0.00676336511494513,-0.12214375101877795,-0.7107031726637694,-0.4672960812597877,-1.8187088925853399,-0.4793517387961632,-0.5551848943111937,0.014032743865827868,-0.3727497057413349,-0.05375297186056338,-0.45590950992561563,0.5145516192911352,58,-27.686922336410497,-22.991911448642078,-27.46878780514482,-27.271018032531053,-31.962260415989025,-24.69663567036626,-32.55635422229987,-20.16609748411351,-24.20973969173933,-32.69619568970633,-27.17059227969428,4.053095620483146,58,-18.84290529021364,-14.491705382680616,-16.13984686900605,-18.761502414592712,-23.907993050108434,-16.01574824887844,-20.662877247466497,-14.381202910947694,-13.838721804511277,-20.834945041413693,-17.787744825981907,3.1778852648614864,63,27.17059227969428,4.053095620483146,17.787744825981907,3.1778852648614864,-0.45590950992561563,0.5145516192911352
CART,10,20000,0.2924752990404765,0.012699723243713379,0.002229038885089657,0.0039271354675292965,0.0008393077803832622,friedman_mse,10,128,2,"{'criterion': 'friedman_mse', 'max_depth': 10, 'max_leaf_nodes': 128, 'min_samples_leaf': 2}",-0.024905989794563377,-0.1693484599361037,-0.7279721586363816,-0.5106246066802242,-1.8011726287801442,-0.43199519485901106,-0.5347076291058523,0.013883669405600929,-0.41650273041647967,-0.027257488208361158,-0.4630603217011521,0.5066455105518756,61,-28.12485766205236,-23.470525015143316,-27.607083858191995,-27.670738432267036,-31.8626805829472,-24.29813004310085,-32.34130770914989,-20.167621944714938,-24.592526508612067,-32.28252348530016,-27.24179952414798,3.9219124648522765,61,-19.795071198642624,-14.316091619330217,-15.703563622338184,-19.300998035780648,-24.253978528246822,-15.571225083889557,-20.515475520351686,-14.115943882695245,-13.773201754385962,-20.273302586795086,-17.761885183245603,3.3563540178675275,62,27.24179952414798,3.9219124648522765,17.761885183245603,3.3563540178675275,-0.4630603217011521,0.5066455105518756
CART,10,20000,0.2924752990404765,0.015593743324279786,0.0012721195833043306,0.005694699287414551,0.0007683032333986936,squared_error,,32,1,"{'criterion': 'squared_error', 'max_depth': None, 'max_leaf_nodes': 32, 'min_samples_leaf': 1}",-0.003184104908764418,-0.7341352893001467,0.21980521893697624,-0.4542842751226934,-1.9420872954307935,-0.18161874720425208,-0.6908509364626463,0.11499659351708946,-0.610887024260139,-0.35794839920354415,-0.4640194259438914,0.5862602408594627,62,-27.82522204664043,-28.58198049760015,-18.550417333499478,-27.14983070262196,-32.654282841651664,-22.071952766998635,-33.94668821783294,-19.10570585832535,-26.225693532348473,-37.11670810455061,-27.32284819020697,5.859517857409407,62,-18.1919669120046,-19.74481441010522,-11.187638178649431,-18.56704400300554,-24.1283977291196,-14.534518237517572,-22.562952935222672,-13.667862778271363,-15.028032960560411,-21.58656890275213,-17.919979704720856,4.007466134327446,66,27.32284819020697,5.859517857409407,17.919979704720856,4.007466134327446,-0.4640194259438914,0.5862602408594627
CART,10,20000,0.2924752990404765,0.01213686466217041,0.0026764435581322415,0.003978800773620605,0.0007855568232969849,squared_error,10,32,1,"{'criterion': 'squared_error', 'max_depth': 10, 'max_leaf_nodes': 32, 'min_samples_leaf': 1}",-0.003184104908764418,-0.7341352893001467,0.21980521893697624,-0.4542842751226934,-1.9420872954307935,-0.18161874720425208,-0.6908509364626463,0.11499659351708946,-0.610887024260139,-0.35794839920354415,-0.4640194259438914,0.5862602408594627,62,-27.82522204664043,-28.58198049760015,-18.550417333499478,-27.14983070262196,-32.654282841651664,-22.071952766998635,-33.94668821783294,-19.10570585832535,-26.225693532348473,-37.11670810455061,-27.32284819020697,5.859517857409407,62,-18.1919669120046,-19.74481441010522,-11.187638178649431,-18.56704400300554,-24.1283977291196,-14.534518237517572,-22.562952935222672,-13.667862778271363,-15.028032960560411,-21.58656890275213,-17.919979704720856,4.007466134327446,66,27.32284819020697,5.859517857409407,17.919979704720856,4.007466134327446,-0.4640194259438914,0.5862602408594627
CART,10,20000,0.2924752990404765,0.010408711433410645,0.0009245623196771767,0.003434276580810547,0.00044716481163041864,squared_error,20,32,1,"{'criterion': 'squared_error', 'max_depth': 20, 'max_leaf_nodes': 32, 'min_samples_leaf': 1}",-0.003184104908764418,-0.7341352893001467,0.21980521893697624,-0.4542842751226934,-1.9420872954307935,-0.18161874720425208,-0.6908509364626463,0.11499659351708946,-0.610887024260139,-0.35794839920354415,-0.4640194259438914,0.5862602408594627,62,-27.82522204664043,-28.58198049760015,-18.550417333499478,-27.14983070262196,-32.654282841651664,-22.071952766998635,-33.94668821783294,-19.10570585832535,-26.225693532348473,-37.11670810455061,-27.32284819020697,5.859517857409407,62,-18.1919669120046,-19.74481441010522,-11.187638178649431,-18.56704400300554,-24.1283977291196,-14.534518237517572,-22.562952935222672,-13.667862778271363,-15.028032960560411,-21.58656890275213,-17.919979704720856,4.007466134327446,66,27.32284819020697,5.859517857409407,17.919979704720856,4.007466134327446,-0.4640194259438914,0.5862602408594627
CART,10,20000,0.2924752990404765,0.011746430397033691,0.001959143492587984,0.004488420486450195,0.0011127320081134485,squared_error,30,32,1,"{'criterion': 'squared_error', 'max_depth': 30, 'max_leaf_nodes': 32, 'min_samples_leaf': 1}",-0.003184104908764418,-0.7341352893001467,0.21980521893697624,-0.4542842751226934,-1.9420872954307935,-0.18161874720425208,-0.6908509364626463,0.11499659351708946,-0.610887024260139,-0.35794839920354415,-0.4640194259438914,0.5862602408594627,62,-27.82522204664043,-28.58198049760015,-18.550417333499478,-27.14983070262196,-32.654282841651664,-22.071952766998635,-33.94668821783294,-19.10570585832535,-26.225693532348473,-37.11670810455061,-27.32284819020697,5.859517857409407,62,-18.1919669120046,-19.74481441010522,-11.187638178649431,-18.56704400300554,-24.1283977291196,-14.534518237517572,-22.562952935222672,-13.667862778271363,-15.028032960560411,-21.58656890275213,-17.919979704720856,4.007466134327446,66,27.32284819020697,5.859517857409407,17.919979704720856,4.007466134327446,-0.4640194259438914,0.5862602408594627
CART,10,20000,0.2924752990404765,0.019236135482788085,0.002940366965813294,0.005308127403259278,0.0009022919072303278,friedman_mse,,64,1,"{'criterion': 'friedman_mse', 'max_depth': None, 'max_leaf_nodes': 64, 'min_samples_leaf': 1}",-0.005410935790479243,-0.4608861622540765,0.10178734875250406,-0.3861699390816009,-2.0799281017594695,-0.09380064219319806,-0.5363185087744489,-0.11916924618613645,-0.9516037075151589,-0.27638731115449255,-0.4807887205956556,0.6065503411472728,70,-27.85608762568957,-26.233668009337276,-19.904063472549588,-26.506397705615278,-33.4104759188137,-21.235923821026127,-32.35827650838383,-21.485155433278386,-28.866242613532926,-35.98479698172865,-27.384108808995535,5.177775247453938,66,-19.25354732395716,-17.417390383953855,-12.571058007068238,-18.558937594244615,-25.707059793223316,-14.66002189684738,-21.551367348691368,-15.106271352723914,-16.260588972431076,-20.373498459793595,-18.14597411329345,3.6288110782212972,75,27.384108808995535,5.177775247453938,18.14597411329345,3.6288110782212972,-0.4807887205956556,0.6065503411472728
CART,10,20000,0.2924752990404765,0.013192510604858399,0.0015946511631220158,0.003878211975097656,0.0007681265142420613,friedman_mse,20,64,1,"{'criterion': 'friedman_mse', 'max_depth': 20, 'max_leaf_nodes': 64, 'min_samples_leaf': 1}",-0.005410935790479243,-0.4608861622540765,0.10178734875250406,-0.3861699390816009,-2.0799281017594695,-0.09380064219319806,-0.5363185087744489,-0.11916924618613645,-0.9516037075151589,-0.27638731115449255,-0.4807887205956556,0.6065503411472728,70,-27.85608762568957,-26.233668009337276,-19.904063472549588,-26.506397705615278,-33.4104759188137,-21.235923821026127,-32.35827650838383,-21.485155433278386,-28.866242613532926,-35.98479698172865,-27.384108808995535,5.177775247453938,66,-19.25354732395716,-17.417390383953855,-12.571058007068238,-18.558937594244615,-25.707059793223316,-14.66002189684738,-21.551367348691368,-15.106271352723914,-16.260588972431076,-20.373498459793595,-18.14597411329345,3.6288110782212972,75,27.384108808995535,5.177775247453938,18.14597411329345,3.6288110782212972,-0.4807887205956556,0.6065503411472728
CART,10,20000,0.2924752990404765,0.01339552402496338,0.0023138372126218906,0.0041380167007446286,0.001966943892398754,friedman_mse,30,64,1,"{'criterion': 'friedman_mse', 'max_depth': 30, 'max_leaf_nodes': 64, 'min_samples_leaf': 1}",-0.005410935790479243,-0.4608861622540765,0.10178734875250406,-0.3861699390816009,-2.0799281017594695,-0.09380064219319806,-0.5363185087744489,-0.11916924618613645,-0.9516037075151589,-0.27638731115449255,-0.4807887205956556,0.6065503411472728,70,-27.85608762568957,-26.233668009337276,-19.904063472549588,-26.506397705615278,-33.4104759188137,-21.235923821026127,-32.35827650838383,-21.485155433278386,-28.866242613532926,-35.98479698172865,-27.384108808995535,5.177775247453938,66,-19.25354732395716,-17.417390383953855,-12.571058007068238,-18.558937594244615,-25.707059793223316,-14.66002189684738,-21.551367348691368,-15.106271352723914,-16.260588972431076,-20.373498459793595,-18.14597411329345,3.6288110782212972,75,27.384108808995535,5.177775247453938,18.14597411329345,3.6288110782212972,-0.4807887205956556,0.6065503411472728
CART,10,20000,0.2924752990404765,0.013893914222717286,0.002229828446459595,0.004031944274902344,0.0008988518410288941,friedman_mse,10,64,1,"{'criterion': 'friedman_mse', 'max_depth': 10, 'max_leaf_nodes': 64, 'min_samples_leaf': 1}",-0.033103261413173435,-0.4608861622540765,0.12855851089881276,-0.37641194945845124,-2.1451845221931944,-0.059982182459187516,-0.5962072584281202,-0.11916924618613645,-0.9505825005594195,-0.2680292439272882,-0.48809978159802353,0.6276811950036038,73,-28.23710598094699,-26.233668009337276,-19.605200152114588,-26.412936598124375,-33.76256534410885,-20.905056916351974,-32.98294200424024,-21.485155433278386,-28.858689270377905,-35.86678525649705,-27.435010496537767,5.351797793930924,69,-19.328738176563366,-17.417390383953855,-12.355801596811828,-18.584068443901778,-26.176611075274597,-15.013056229733287,-21.591619941414333,-15.106271352723914,-16.073972431077692,-20.683143548658233,-18.233067318011287,3.7645840337367305,78,27.435010496537767,5.351797793930924,18.233067318011287,3.7645840337367305,-0.48809978159802353,0.6276811950036038
CART,10,20000,0.2924752990404765,0.011338353157043457,0.0021641083621640935,0.0038500070571899415,0.0009207504849256413,squared_error,,32,2,"{'criterion': 'squared_error', 'max_depth': None, 'max_leaf_nodes': 32, 'min_samples_leaf': 2}",-0.07185684077684651,-0.3179257041705794,-0.39441144486157853,-0.4910365702334223,-1.5909705966053145,-0.4501344790257249,-0.7379570030920877,-0.055611053089117624,-0.4394321410089985,-0.09820405543811117,-0.464753988830178,0.42745537988339627,66,-28.761842885910852,-24.917031122766137,-24.799768875841167,-27.49075196406134,-30.64387026789994,-24.451539668787806,-34.41630678796756,-20.866162277718722,-24.7907712532949,-33.37869393848532,-27.45167390427337,4.104278879557414,70,-18.810440361096095,-15.777493945448494,-13.881136347147603,-18.77272481187576,-22.49892902419218,-16.708997698296592,-21.79524444144257,-14.688189029159993,-13.196410616462103,-20.77267729394121,-17.690224356906256,3.166071865942428,58,27.45167390427337,4.104278879557414,17.690224356906256,3.166071865942428,-0.464753988830178,0.42745537988339627
CART,10,20000,0.2924752990404765,0.010345840454101562,0.0015958533128891566,0.003908014297485352,0.0014597571390257617,squared_error,10,32,2,"{'criterion': 'squared_error', 'max_depth': 10, 'max_leaf_nodes': 32, 'min_samples_leaf': 2}",-0.07185684077684651,-0.3179257041705794,-0.39441144486157853,-0.4910365702334223,-1.5909705966053145,-0.4501344790257249,-0.7379570030920877,-0.055611053089117624,-0.4394321410089985,-0.09820405543811117,-0.464753988830178,0.42745537988339627,66,-28.761842885910852,-24.917031122766137,-24.799768875841167,-27.49075196406134,-30.64387026789994,-24.451539668787806,-34.41630678796756,-20.866162277718722,-24.7907712532949,-33.37869393848532,-27.45167390427337,4.104278879557414,70,-18.810440361096095,-15.777493945448494,-13.881136347147603,-18.77272481187576,-22.49892902419218,-16.708997698296592,-21.79524444144257,-14.688189029159993,-13.196410616462103,-20.77267729394121,-17.690224356906256,3.166071865942428,58,27.45167390427337,4.104278879557414,17.690224356906256,3.166071865942428,-0.464753988830178,0.42745537988339627
CART,10,20000,0.2924752990404765,0.010216140747070312,0.0010226530176884233,0.003410601615905762,0.0005356556902196285,squared_error,20,32,2,"{'criterion': 'squared_error', 'max_depth': 20, 'max_leaf_nodes': 32, 'min_samples_leaf': 2}",-0.07185684077684651,-0.3179257041705794,-0.39441144486157853,-0.4910365702334223,-1.5909705966053145,-0.4501344790257249,-0.7379570030920877,-0.055611053089117624,-0.4394321410089985,-0.09820405543811117,-0.464753988830178,0.42745537988339627,66,-28.761842885910852,-24.917031122766137,-24.799768875841167,-27.49075196406134,-30.64387026789994,-24.451539668787806,-34.41630678796756,-20.866162277718722,-24.7907712532949,-33.37869393848532,-27.45167390427337,4.104278879557414,70,-18.810440361096095,-15.777493945448494,-13.881136347147603,-18.77272481187576,-22.49892902419218,-16.708997698296592,-21.79524444144257,-14.688189029159993,-13.196410616462103,-20.77267729394121,-17.690224356906256,3.166071865942428,58,27.45167390427337,4.104278879557414,17.690224356906256,3.166071865942428,-0.464753988830178,0.42745537988339627
CART,10,20000,0.2924752990404765,0.010335564613342285,0.0010882305146463983,0.003552532196044922,0.0004566144325523529,squared_error,30,32,2,"{'criterion': 'squared_error', 'max_depth': 30, 'max_leaf_nodes': 32, 'min_samples_leaf': 2}",-0.07185684077684651,-0.3179257041705794,-0.39441144486157853,-0.4910365702334223,-1.5909705966053145,-0.4501344790257249,-0.7379570030920877,-0.055611053089117624,-0.4394321410089985,-0.09820405543811117,-0.464753988830178,0.42745537988339627,66,-28.761842885910852,-24.917031122766137,-24.799768875841167,-27.49075196406134,-30.64387026789994,-24.451539668787806,-34.41630678796756,-20.866162277718722,-24.7907712532949,-33.37869393848532,-27.45167390427337,4.104278879557414,70,-18.810440361096095,-15.777493945448494,-13.881136347147603,-18.77272481187576,-22.49892902419218,-16.708997698296592,-21.79524444144257,-14.688189029159993,-13.196410616462103,-20.77267729394121,-17.690224356906256,3.166071865942428,58,27.45167390427337,4.104278879557414,17.690224356906256,3.166071865942428,-0.464753988830178,0.42745537988339627
CART,10,20000,0.2924752990404765,0.021200275421142577,0.002398826647669403,0.005370736122131348,0.0008556610909017076,friedman_mse,,128,2,"{'criterion': 'friedman_mse', 'max_depth': None, 'max_leaf_nodes': 128, 'min_samples_leaf': 2}",-0.003960061201493614,-0.13497645723788754,-0.7682697749518428,-0.4839425663378927,-1.8620353692689133,-0.538301817137014,-0.5573081266308599,-0.05035866859998572,-0.4455273644915574,-0.07308090155706437,-0.49177611074145117,0.5194366281547893,74,-27.83598127941623,-23.123004144598045,-27.92713766509737,-27.425276702354513,-32.20697017382693,-25.183892001642633,-32.57857059237107,-20.814185852747983,-24.843203619538915,-32.99468986187375,-27.493291189346746,3.9334546450814476,74,-19.81989010989011,-14.343304843304844,-16.009126984126983,-18.963260073260074,-24.925811965811963,-16.925914786967418,-21.169035087719305,-15.100977443609024,-14.367543859649121,-21.555062656641606,-18.317992781098045,3.375863214517984,79,27.493291189346746,3.9334546450814476,18.317992781098045,3.375863214517984,-0.49177611074145117,0.5194366281547893
CART,10,20000,0.2924752990404765,0.014085173606872559,0.0010382478676644756,0.003786802291870117,0.000540621664400576,friedman_mse,30,128,2,"{'criterion': 'friedman_mse', 'max_depth': 30, 'max_leaf_nodes': 128, 'min_samples_leaf': 2}",-0.003960061201493614,-0.13497645723788754,-0.7682697749518428,-0.4839425663378927,-1.8620353692689133,-0.538301817137014,-0.5573081266308599,-0.05035866859998572,-0.4455273644915574,-0.07308090155706437,-0.49177611074145117,0.5194366281547893,74,-27.83598127941623,-23.123004144598045,-27.92713766509737,-27.425276702354513,-32.20697017382693,-25.183892001642633,-32.57857059237107,-20.814185852747983,-24.843203619538915,-32.99468986187375,-27.493291189346746,3.9334546450814476,74,-19.81989010989011,-14.343304843304844,-16.009126984126983,-18.963260073260074,-24.925811965811963,-16.925914786967418,-21.169035087719305,-15.100977443609024,-14.367543859649121,-21.555062656641606,-18.317992781098045,3.375863214517984,79,27.493291189346746,3.9334546450814476,18.317992781098045,3.375863214517984,-0.49177611074145117,0.5194366281547893
CART,10,20000,0.2924752990404765,0.015814733505249024,0.0022475302924944776,0.004232263565063477,0.0009188886569187033,friedman_mse,20,128,2,"{'criterion': 'friedman_mse', 'max_depth': 20, 'max_leaf_nodes': 128, 'min_samples_leaf': 2}",-0.0043836191459398766,-0.13497645723788754,-0.7682697749518428,-0.4839425663378927,-1.8620353692689133,-0.538301817137014,-0.5573081266308599,-0.05035866859998572,-0.4455273644915574,-0.07308090155706437,-0.4918184665358957,0.5193968647790383,76,-27.841852482963862,-23.123004144598045,-27.92713766509737,-27.425276702354513,-32.20697017382693,-25.183892001642633,-32.57857059237107,-20.814185852747983,-24.843203619538915,-32.99468986187375,-27.493878309701508,3.933506190151495,76,-19.835946275946274,-14.343304843304844,-16.009126984126983,-18.963260073260074,-24.925811965811963,-16.925914786967418,-21.169035087719305,-15.100977443609024,-14.367543859649121,-21.555062656641606,-18.319598397703665,3.3765809020013027,81,27.493878309701508,3.933506190151495,18.319598397703665,3.3765809020013027,-0.4918184665358957,0.5193968647790383
CART,10,20000,0.2924752990404765,0.013660860061645509,0.0024640266382563677,0.004244518280029297,0.0014224798189039103,friedman_mse,10,128,1,"{'criterion': 'friedman_mse', 'max_depth': 10, 'max_leaf_nodes': 128, 'min_samples_leaf': 1}",-0.054084154677107144,-0.44158915226833884,0.13516632057508093,-0.2867507063705441,-2.31384673615846,-0.13129147083241932,-0.5937370326301956,-0.30793567781487674,-0.774871825076036,-0.24224711488485862,-0.5011187550137757,0.65305467880136,77,-28.52239302949815,-26.05983030166227,-19.53072932095421,-25.538164458822685,-34.6560117469856,-21.59679610600462,-32.957410589008944,-23.226502058645018,-27.528207794186958,-35.500283081396546,-27.5116328487165,5.182507667843941,77,-19.593675091500284,-17.631058201058202,-12.064684445988794,-18.244094128094126,-26.90124130391572,-15.519635177101703,-21.69648233809924,-16.170326858813702,-15.303362661974086,-20.329289574099192,-18.345384978064505,3.896973157774036,82,27.5116328487165,5.182507667843941,18.345384978064505,3.896973157774036,-0.5011187550137757,0.65305467880136
CART,10,20000,0.2924752990404765,0.013511204719543457,0.0031360787623553837,0.003683805465698242,0.0009864740874410208,squared_error,,64,2,"{'criterion': 'squared_error', 'max_depth': None, 'max_leaf_nodes': 64, 'min_samples_leaf': 2}",0.00676336511494513,-0.12479981800633988,-0.7107031726637694,-0.4672960812597877,-1.8187088925853399,-0.4793517387961632,-0.7238438986432723,0.02297278680193704,-0.8818526382316567,-0.05375297186056338,-0.5230573060130009,0.5334517065933736,81,-27.686922336410497,-23.019105809100875,-27.46878780514482,-27.271018032531053,-31.962260415989025,-24.69663567036626,-34.27628288873978,-20.074463449069043,-28.345703909980873,-32.69619568970633,-27.749737600703856,4.196259741146242,78,-18.84290529021364,-14.551778642753876,-16.13984686900605,-18.761502414592712,-23.907993050108434,-16.01574824887844,-21.757614089571756,-14.226378349544186,-15.332142857142856,-20.834945041413693,-18.037085485322567,3.1461550842929698,71,27.749737600703856,4.196259741146242,18.037085485322567,3.1461550842929698,-0.5230573060130009,0.5334517065933736
CART,10,20000,0.2924752990404765,0.01319591999053955,0.0013971402378425242,0.003708028793334961,0.0004991183047409059,squared_error,20,64,2,"{'criterion': 'squared_error', 'max_depth': 20, 'max_leaf_nodes': 64, 'min_samples_leaf': 2}",0.00676336511494513,-0.12479981800633988,-0.7107031726637694,-0.4672960812597877,-1.8187088925853399,-0.4793517387961632,-0.7238438986432723,0.02297278680193704,-0.8818526382316567,-0.05375297186056338,-0.5230573060130009,0.5334517065933736,81,-27.686922336410497,-23.019105809100875,-27.46878780514482,-27.271018032531053,-31.962260415989025,-24.69663567036626,-34.27628288873978,-20.074463449069043,-28.345703909980873,-32.69619568970633,-27.749737600703856,4.196259741146242,78,-18.84290529021364,-14.551778642753876,-16.13984686900605,-18.761502414592712,-23.907993050108434,-16.01574824887844,-21.757614089571756,-14.226378349544186,-15.332142857142856,-20.834945041413693,-18.037085485322567,3.1461550842929698,71,27.749737600703856,4.196259741146242,18.037085485322567,3.1461550842929698,-0.5230573060130009,0.5334517065933736
CART,10,20000,0.2924752990404765,0.01755948066711426,0.0010186355754024357,0.005201792716979981,0.0008091926465824061,squared_error,30,64,2,"{'criterion': 'squared_error', 'max_depth': 30, 'max_leaf_nodes': 64, 'min_samples_leaf': 2}",0.00676336511494513,-0.12479981800633988,-0.7107031726637694,-0.4672960812597877,-1.8187088925853399,-0.4793517387961632,-0.7238438986432723,0.02297278680193704,-0.8818526382316567,-0.05375297186056338,-0.5230573060130009,0.5334517065933736,81,-27.686922336410497,-23.019105809100875,-27.46878780514482,-27.271018032531053,-31.962260415989025,-24.69663567036626,-34.27628288873978,-20.074463449069043,-28.345703909980873,-32.69619568970633,-27.749737600703856,4.196259741146242,78,-18.84290529021364,-14.551778642753876,-16.13984686900605,-18.761502414592712,-23.907993050108434,-16.01574824887844,-21.757614089571756,-14.226378349544186,-15.332142857142856,-20.834945041413693,-18.037085485322567,3.1461550842929698,71,27.749737600703856,4.196259741146242,18.037085485322567,3.1461550842929698,-0.5230573060130009,0.5334517065933736
CART,10,20000,0.2924752990404765,0.013242316246032716,0.0015350350508349095,0.003772425651550293,0.0009244666926548158,squared_error,,64,1,"{'criterion': 'squared_error', 'max_depth': None, 'max_leaf_nodes': 64, 'min_samples_leaf': 1}",-0.005410935790479021,-0.703198954090571,0.10178734875250406,-0.44799989648621663,-2.0799281017594695,-0.33294114866145263,-0.7609570120306486,0.11072153884046432,-0.7157888671019876,-0.3241636282302507,-0.5157879656558106,0.6075287379327373,78,-27.856087625689568,-28.325887199824376,-19.904063472549588,-27.091106097475187,-33.4104759188137,-23.442696190203815,-34.64328985932536,-19.151795815001268,-27.066142437083894,-36.652081625747236,-27.754362624171403,5.604379572804652,81,-19.25354732395716,-18.858843375406845,-12.571058007068238,-18.649963235270256,-25.707059793223316,-14.753114002110536,-23.688209453954524,-13.3225871421976,-15.70488721804511,-21.87876161768833,-18.438803116892192,4.18051032764549,83,27.754362624171403,5.604379572804652,18.438803116892192,4.18051032764549,-0.5157879656558106,0.6075287379327373
CART,10,20000,0.2924752990404765,0.014821600914001466,0.004437956485113369,0.0041666746139526365,0.0013787952196375726,squared_error,20,64,1,"{'criterion': 'squared_error', 'max_depth': 20, 'max_leaf_nodes': 64, 'min_samples_leaf': 1}",-0.005410935790479021,-0.703198954090571,0.10178734875250406,-0.44799989648621663,-2.0799281017594695,-0.33294114866145263,-0.7609570120306486,0.11072153884046432,-0.7157888671019876,-0.3241636282302507,-0.5157879656558106,0.6075287379327373,78,-27.856087625689568,-28.325887199824376,-19.904063472549588,-27.091106097475187,-33.4104759188137,-23.442696190203815,-34.64328985932536,-19.151795815001268,-27.066142437083894,-36.652081625747236,-27.754362624171403,5.604379572804652,81,-19.25354732395716,-18.858843375406845,-12.571058007068238,-18.649963235270256,-25.707059793223316,-14.753114002110536,-23.688209453954524,-13.3225871421976,-15.70488721804511,-21.87876161768833,-18.438803116892192,4.18051032764549,83,27.754362624171403,5.604379572804652,18.438803116892192,4.18051032764549,-0.5157879656558106,0.6075287379327373
CART,10,20000,0.2924752990404765,0.02141263484954834,0.0038437936318753167,0.006447196006774902,0.0014004202088144673,squared_error,30,64,1,"{'criterion': 'squared_error', 'max_depth': 30, 'max_leaf_nodes': 64, 'min_samples_leaf': 1}",-0.005410935790479021,-0.703198954090571,0.10178734875250406,-0.44799989648621663,-2.0799281017594695,-0.33294114866145263,-0.7609570120306486,0.11072153884046432,-0.7157888671019876,-0.3241636282302507,-0.5157879656558106,0.6075287379327373,78,-27.856087625689568,-28.325887199824376,-19.904063472549588,-27.091106097475187,-33.4104759188137,-23.442696190203815,-34.64328985932536,-19.151795815001268,-27.066142437083894,-36.652081625747236,-27.754362624171403,5.604379572804652,81,-19.25354732395716,-18.858843375406845,-12.571058007068238,-18.649963235270256,-25.707059793223316,-14.753114002110536,-23.688209453954524,-13.3225871421976,-15.70488721804511,-21.87876161768833,-18.438803116892192,4.18051032764549,83,27.754362624171403,5.604379572804652,18.438803116892192,4.18051032764549,-0.5157879656558106,0.6075287379327373
CART,10,20000,0.2924752990404765,0.011632204055786133,0.0011307738126283575,0.0034103155136108398,0.00024803741292866635,squared_error,10,64,2,"{'criterion': 'squared_error', 'max_depth': 10, 'max_leaf_nodes': 64, 'min_samples_leaf': 2}",-0.019232349697530182,-0.1648643600413604,-0.7098315904116566,-0.46461652415356247,-1.8191417242273946,-0.43199519485901106,-0.7231632003317667,0.018383599575776843,-0.8848132878204797,-0.031982926499572795,-0.5231257558466558,0.5304517764691875,84,-28.04690330764344,-23.42548058603444,-27.461789408652578,-27.24610566364844,-31.96471433144129,-24.29813004310085,-34.26951484215743,-20.121554022825418,-28.367992773925618,-32.35668894200212,-27.75588739214316,4.136498893326755,84,-19.545376448947874,-14.464719523933358,-16.099240808399987,-18.76719024528055,-23.76316601454969,-15.571225083889557,-21.66738808337981,-14.206154987380033,-15.292828191167574,-20.29106574468982,-17.96683551316183,3.1402332850565022,70,27.75588739214316,4.136498893326755,17.96683551316183,3.1402332850565022,-0.5231257558466558,0.5304517764691875
CART,10,20000,0.2924752990404765,0.02393076419830322,0.0022513904005185127,0.005353784561157227,0.0009252899990303059,friedman_mse,,128,1,"{'criterion': 'friedman_mse', 'max_depth': None, 'max_leaf_nodes': 128, 'min_samples_leaf': 1}",-0.12857062274498943,-0.48348116788359397,0.13181486556843658,-0.2962012745603826,-2.3056702977192574,-0.12465501990215722,-0.7494741381896166,-0.3227334040382581,-0.7801658907722244,-0.22443092780308938,-0.5283567878045132,0.6496411805392176,86,-29.512954491191582,-26.435762971909035,-19.56853605166028,-25.631775689433987,-34.61323098880535,-21.533356710784297,-34.53015389133152,-23.35752254698085,-27.569232623498632,-35.24479291891855,-27.799731888451408,5.324032847033637,85,-20.96632478632479,-17.03183307433308,-12.50412087912088,-18.37960317460317,-26.18942668442668,-15.340702163333736,-23.159265208475734,-16.714969372732536,-15.94821770334928,-20.139155408574915,-18.63736184552748,3.8368816330067816,90,27.799731888451408,5.324032847033637,18.63736184552748,3.8368816330067816,-0.5283567878045132,0.6496411805392176
CART,10,20000,0.2924752990404765,0.016101527214050292,0.0025419486497361824,0.003650259971618652,0.0006720572752261758,friedman_mse,20,128,1,"{'criterion': 'friedman_mse', 'max_depth': 20, 'max_leaf_nodes': 128, 'min_samples_leaf': 1}",-0.12857062274498943,-0.48348116788359397,0.13181486556843658,-0.2962012745603826,-2.3056702977192574,-0.12465501990215722,-0.7494741381896166,-0.3227334040382581,-0.7801658907722244,-0.22443092780308938,-0.5283567878045132,0.6496411805392176,86,-29.512954491191582,-26.435762971909035,-19.56853605166028,-25.631775689433987,-34.61323098880535,-21.533356710784297,-34.53015389133152,-23.35752254698085,-27.569232623498632,-35.24479291891855,-27.799731888451408,5.324032847033637,85,-20.96632478632479,-17.03183307433308,-12.50412087912088,-18.37960317460317,-26.18942668442668,-15.340702163333736,-23.159265208475734,-16.714969372732536,-15.94821770334928,-20.139155408574915,-18.63736184552748,3.8368816330067816,90,27.799731888451408,5.324032847033637,18.63736184552748,3.8368816330067816,-0.5283567878045132,0.6496411805392176
CART,10,20000,0.2924752990404765,0.017033886909484864,0.0024498705917086177,0.004353451728820801,0.0014375831257416186,friedman_mse,30,128,1,"{'criterion': 'friedman_mse', 'max_depth': 30, 'max_leaf_nodes': 128, 'min_samples_leaf': 1}",-0.12857062274498943,-0.48348116788359397,0.13181486556843658,-0.2962012745603826,-2.3056702977192574,-0.12465501990215722,-0.7494741381896166,-0.3227334040382581,-0.7801658907722244,-0.22443092780308938,-0.5283567878045132,0.6496411805392176,86,-29.512954491191582,-26.435762971909035,-19.56853605166028,-25.631775689433987,-34.61323098880535,-21.533356710784297,-34.53015389133152,-23.35752254698085,-27.569232623498632,-35.24479291891855,-27.799731888451408,5.324032847033637,85,-20.96632478632479,-17.03183307433308,-12.50412087912088,-18.37960317460317,-26.18942668442668,-15.340702163333736,-23.159265208475734,-16.714969372732536,-15.94821770334928,-20.139155408574915,-18.63736184552748,3.8368816330067816,90,27.799731888451408,5.324032847033637,18.63736184552748,3.8368816330067816,-0.5283567878045132,0.6496411805392176
CART,10,20000,0.2924752990404765,0.013197970390319825,0.002138530087500086,0.0040760040283203125,0.000823308768944989,squared_error,10,64,1,"{'criterion': 'squared_error', 'max_depth': 10, 'max_leaf_nodes': 64, 'min_samples_leaf': 1}",-0.05168288815369615,-0.703198954090571,0.12855851089881276,-0.43824190686306674,-2.1451845221931944,-0.36268192005830113,-0.8208457616843197,0.11072153884046432,-0.7147676601462487,-0.2680292439272882,-0.5265352807377409,0.627334316582926,85,-28.489886650506694,-28.325887199824376,-19.605200152114588,-26.99966907191546,-33.76256534410885,-23.702781803033815,-35.2274599842124,-19.151795815001268,-27.058086595422715,-35.86678525649705,-27.81901178726372,5.625527533942419,88,-19.646686894512086,-18.858843375406845,-12.355801596811828,-18.675094084927416,-26.176611075274597,-15.824898334996442,-23.72846204667749,-13.3225871421976,-15.518270676691728,-20.683143548658233,-18.479039877615424,4.160611366079203,86,27.81901178726372,5.625527533942419,18.479039877615424,4.160611366079203,-0.5265352807377409,0.627334316582926
CART,10,20000,0.2924752990404765,0.012920260429382324,0.0018515875993929986,0.004005861282348633,0.0006725780408625631,squared_error,10,128,2,"{'criterion': 'squared_error', 'max_depth': 10, 'max_leaf_nodes': 128, 'min_samples_leaf': 2}",-0.028560962024400283,-0.17108339780045112,-0.7428521666928756,-0.513016831027157,-1.880663926362928,-0.43199519485901106,-0.7033666334379309,0.024075210634227462,-0.8705335421509566,-0.03410997763344459,-0.5352107421354927,0.5439125399132602,89,-28.174961813843865,-23.48792992536328,-27.725694870937357,-27.692639448632452,-32.31161532879456,-24.29813004310085,-34.072093460176035,-20.06313479164727,-28.260327494153128,-32.390017450963086,-27.847654462761188,4.1451785251044475,89,-19.795071198642624,-14.354553157791756,-16.10869182746639,-19.346724531507142,-24.485602459870755,-15.571225083889557,-21.610212362456945,-13.87277345663008,-14.982412280701755,-20.506197323637192,-18.063346368259424,3.395270666717311,74,27.847654462761188,4.1451785251044475,18.063346368259424,3.395270666717311,-0.5352107421354927,0.5439125399132602
CART,10,20000,0.2924752990404765,0.013840556144714355,0.0023670392138653105,0.004518270492553711,0.0016134139260452396,squared_error,10,128,1,"{'criterion': 'squared_error', 'max_depth': 10, 'max_leaf_nodes': 128, 'min_samples_leaf': 1}",-0.057725394736404034,-0.6423349398985185,0.07155815205221172,-0.36020131191300275,-2.2525894088605676,-0.34713114862791583,-0.8460814626879047,-0.13193495275405054,-0.7699126832174279,-0.238978744151491,-0.5575331894795071,0.6340469627074246,90,-28.571614594548574,-27.81516859681753,-20.236225846889763,-26.25693725822348,-34.33420489924528,-23.567147002422885,-35.47073446343892,-21.607342270291007,-27.489722823441546,-35.45355143544304,-28.0802649190762,5.252399771686436,90,-19.783418681243877,-18.965160765160768,-13.10955624086059,-18.263324897324896,-26.20520955788398,-15.606477282364862,-24.440341987222048,-14.991379490392648,-15.808713539167067,-20.387184310941297,-18.756076675256203,3.9555780959181273,93,28.0802649190762,5.252399771686436,18.756076675256203,3.9555780959181273,-0.5575331894795071,0.6340469627074246
CART,10,20000,0.2924752990404765,0.015058517456054688,0.002009970729130239,0.003918242454528808,0.0008049816845090499,squared_error,,128,2,"{'criterion': 'squared_error', 'max_depth': None, 'max_leaf_nodes': 128, 'min_samples_leaf': 2}",-0.048414080387175984,-0.13467627896896572,-0.7814787178747853,-0.47912293379601123,-1.864313436405682,-0.537448294734598,-0.7250124176887722,-0.03849152576571724,-0.8995581762260343,-0.0799333909821478,-0.5588449252829889,0.5333766972576959,91,-28.445576506815694,-23.119946159424508,-28.03125119944391,-27.380703799423713,-32.219785362466624,-25.176904426706567,-34.28789812380657,-20.696270625415913,-28.47873796504809,-33.09987110210509,-28.09369452706567,4.113473467750462,91,-20.41369352869353,-14.292022792022793,-16.292887667887666,-18.850744810744814,-25.015555555555554,-16.830989974937342,-22.159385964912282,-14.725100250626568,-15.576754385964911,-21.787957393483712,-18.594509232482913,3.442519471024782,87,28.09369452706567,4.113473467750462,18.594509232482913,3.442519471024782,-0.5588449252829889,0.5333766972576959
CART,10,20000,0.2924752990404765,0.023884916305541994,0.004867470022213799,0.006048059463500977,0.0015672699978877907,squared_error,30,128,2,"{'criterion': 'squared_error', 'max_depth': 30, 'max_leaf_nodes': 128, 'min_samples_leaf': 2}",-0.048414080387175984,-0.13467627896896572,-0.7814787178747853,-0.47912293379601123,-1.864313436405682,-0.537448294734598,-0.7250124176887722,-0.03849152576571724,-0.8995581762260343,-0.0799333909821478,-0.5588449252829889,0.5333766972576959,91,-28.445576506815694,-23.119946159424508,-28.03125119944391,-27.380703799423713,-32.219785362466624,-25.176904426706567,-34.28789812380657,-20.696270625415913,-28.47873796504809,-33.09987110210509,-28.09369452706567,4.113473467750462,91,-20.41369352869353,-14.292022792022793,-16.292887667887666,-18.850744810744814,-25.015555555555554,-16.830989974937342,-22.159385964912282,-14.725100250626568,-15.576754385964911,-21.787957393483712,-18.594509232482913,3.442519471024782,87,28.09369452706567,4.113473467750462,18.594509232482913,3.442519471024782,-0.5588449252829889,0.5333766972576959
CART,10,20000,0.2924752990404765,0.016769814491271972,0.002912520991580948,0.0042295694351196286,0.0012442020580047633,squared_error,20,128,2,"{'criterion': 'squared_error', 'max_depth': 20, 'max_leaf_nodes': 128, 'min_samples_leaf': 2}",-0.048837638331622246,-0.13467627896896572,-0.7814787178747853,-0.47912293379601123,-1.864313436405682,-0.537448294734598,-0.7250124176887722,-0.03849152576571724,-0.8995581762260343,-0.0799333909821478,-0.5588872810774336,0.5333361772051081,93,-28.45132191481118,-23.119946159424508,-28.03125119944391,-27.380703799423713,-32.219785362466624,-25.176904426706567,-34.28789812380657,-20.696270625415913,-28.47873796504809,-33.09987110210509,-28.09426906786522,4.113522976946789,93,-20.42974969474969,-14.292022792022793,-16.292887667887666,-18.850744810744814,-25.015555555555554,-16.830989974937342,-22.159385964912282,-14.725100250626568,-15.576754385964911,-21.787957393483712,-18.59611484908853,3.4433712166213293,89,28.09426906786522,4.113522976946789,18.59611484908853,3.4433712166213293,-0.5588872810774336,0.5333361772051081
CART,10,20000,0.2924752990404765,0.01654353141784668,0.0013583798906112352,0.003922271728515625,0.0006625740319045375,squared_error,,128,1,"{'criterion': 'squared_error', 'max_depth': None, 'max_leaf_nodes': 128, 'min_samples_leaf': 1}",-0.13109689915109302,-0.7439122809681826,0.12588360588991387,-0.37217554150948984,-2.3224261868187157,-0.39511304441082307,-0.9382168804919102,-0.02027074945109142,-0.7768604164307167,-0.270133818154346,-0.5844322211496454,0.6645499905220604,94,-29.54596802253886,-28.662439334071365,-19.635266351302946,-26.372257567586924,-34.700844440061,-23.9831802475508,-36.345105704621226,-20.513904720332594,-27.543624972575195,-35.89653733732172,-28.319912869796262,5.689515480002171,94,-21.0791452991453,-19.649867262367263,-12.514206349206349,-18.694072039072037,-26.496569541569535,-15.488728479123214,-25.411238892686264,-14.147575889023258,-15.93777910685805,-21.453190496294212,-19.087237335534546,4.420419744671189,94,28.319912869796262,5.689515480002171,19.087237335534546,4.420419744671189,-0.5844322211496454,0.6645499905220604
CART,10,20000,0.2924752990404765,0.017086195945739745,0.002394962184641732,0.004120016098022461,0.0010928223973226678,squared_error,20,128,1,"{'criterion': 'squared_error', 'max_depth': 20, 'max_leaf_nodes': 128, 'min_samples_leaf': 1}",-0.13109689915109302,-0.7439122809681826,0.12588360588991387,-0.37217554150948984,-2.3224261868187157,-0.39511304441082307,-0.9382168804919102,-0.02027074945109142,-0.7768604164307167,-0.270133818154346,-0.5844322211496454,0.6645499905220604,94,-29.54596802253886,-28.662439334071365,-19.635266351302946,-26.372257567586924,-34.700844440061,-23.9831802475508,-36.345105704621226,-20.513904720332594,-27.543624972575195,-35.89653733732172,-28.319912869796262,5.689515480002171,94,-21.0791452991453,-19.649867262367263,-12.514206349206349,-18.694072039072037,-26.496569541569535,-15.488728479123214,-25.411238892686264,-14.147575889023258,-15.93777910685805,-21.453190496294212,-19.087237335534546,4.420419744671189,94,28.319912869796262,5.689515480002171,19.087237335534546,4.420419744671189,-0.5844322211496454,0.6645499905220604
CART,10,20000,0.2924752990404765,0.02675495147705078,0.0046476634949966615,0.007539200782775879,0.0020670225921693218,squared_error,30,128,1,"{'criterion': 'squared_error', 'max_depth': 30, 'max_leaf_nodes': 128, 'min_samples_leaf': 1}",-0.13109689915109302,-0.7439122809681826,0.12588360588991387,-0.37217554150948984,-2.3224261868187157,-0.39511304441082307,-0.9382168804919102,-0.02027074945109142,-0.7768604164307167,-0.270133818154346,-0.5844322211496454,0.6645499905220604,94,-29.54596802253886,-28.662439334071365,-19.635266351302946,-26.372257567586924,-34.700844440061,-23.9831802475508,-36.345105704621226,-20.513904720332594,-27.543624972575195,-35.89653733732172,-28.319912869796262,5.689515480002171,94,-21.0791452991453,-19.649867262367263,-12.514206349206349,-18.694072039072037,-26.496569541569535,-15.488728479123214,-25.411238892686264,-14.147575889023258,-15.93777910685805,-21.453190496294212,-19.087237335534546,4.420419744671189,94,28.319912869796262,5.689515480002171,19.087237335534546,4.420419744671189,-0.5844322211496454,0.6645499905220604
