algorithm,fixed_spatial_folds,fixed_block_size_m,search_runtime_minutes,mean_fit_time,std_fit_time,mean_score_time,std_score_time,param_criterion,param_max_depth,param_max_leaf_nodes,param_min_samples_leaf,params,split0_test_R2,split1_test_R2,split2_test_R2,split3_test_R2,split4_test_R2,split5_test_R2,split6_test_R2,split7_test_R2,split8_test_R2,split9_test_R2,mean_test_R2,std_test_R2,rank_test_R2,split0_test_RMSE,split1_test_RMSE,split2_test_RMSE,split3_test_RMSE,split4_test_RMSE,split5_test_RMSE,split6_test_RMSE,split7_test_RMSE,split8_test_RMSE,split9_test_RMSE,mean_test_RMSE,std_test_RMSE,rank_test_RMSE,split0_test_MAE,split1_test_MAE,split2_test_MAE,split3_test_MAE,split4_test_MAE,split5_test_MAE,split6_test_MAE,split7_test_MAE,split8_test_MAE,split9_test_MAE,mean_test_MAE,std_test_MAE,rank_test_MAE,mean_CV_RMSE,std_CV_RMSE,mean_CV_MAE,std_CV_MAE,mean_CV_R2,std_CV_R2
CART,10,20000,0.19882517258326213,0.006051898002624512,0.00035935856152878376,0.0026737213134765624,0.00019328055280741073,squared_error,10,32,10,"{'criterion': 'squared_error', 'max_depth': 10, 'max_leaf_nodes': 32, 'min_samples_leaf': 10}",-0.33149400642949955,-0.11082804108009614,0.035595862313058224,0.43449522531268914,-0.7652899122957746,-0.31348759646194035,0.4434149037941393,0.2825734515111118,0.0566486108778379,0.12081990114566543,-0.014755160131280887,0.3589235738631184,1,-32.056634495980305,-22.875692373580872,-20.62441773959733,-16.930142352646374,-25.294167639677767,-23.271000727115275,-19.47648303586382,-17.20201563243422,-20.06925202882868,-29.86529041027517,-22.76650964359998,4.8069678947710965,1,-20.58716322588792,-16.77346792658533,-13.609559329559328,-12.878900415823493,-20.566361025851975,-15.235470025134763,-12.21936147186147,-13.59899118068215,-14.05925295636596,-19.600796338164756,-15.912932389591713,3.086202263428405,25,22.76650964359998,4.8069678947710965,15.912932389591713,3.086202263428405,-0.014755160131280887,0.3589235738631184
CART,10,20000,0.19882517258326213,0.006104087829589844,0.00029521194494875117,0.002735757827758789,0.00019072408049621934,squared_error,10,64,10,"{'criterion': 'squared_error', 'max_depth': 10, 'max_leaf_nodes': 64, 'min_samples_leaf': 10}",-0.33149400642949955,-0.11082804108009614,0.035595862313058224,0.43449522531268914,-0.7652899122957746,-0.31348759646194035,0.4434149037941393,0.2825734515111118,0.0566486108778379,0.12081990114566543,-0.014755160131280887,0.3589235738631184,1,-32.056634495980305,-22.875692373580872,-20.62441773959733,-16.930142352646374,-25.294167639677767,-23.271000727115275,-19.47648303586382,-17.20201563243422,-20.06925202882868,-29.86529041027517,-22.76650964359998,4.8069678947710965,1,-20.58716322588792,-16.77346792658533,-13.609559329559328,-12.878900415823493,-20.566361025851975,-15.235470025134763,-12.21936147186147,-13.59899118068215,-14.05925295636596,-19.600796338164756,-15.912932389591713,3.086202263428405,25,22.76650964359998,4.8069678947710965,15.912932389591713,3.086202263428405,-0.014755160131280887,0.3589235738631184
CART,10,20000,0.19882517258326213,0.00592198371887207,0.00024769643877102943,0.0025289058685302734,5.3805955035814027e-05,squared_error,10,128,10,"{'criterion': 'squared_error', 'max_depth': 10, 'max_leaf_nodes': 128, 'min_samples_leaf': 10}",-0.33149400642949955,-0.11082804108009614,0.035595862313058224,0.43449522531268914,-0.7652899122957746,-0.31348759646194035,0.4434149037941393,0.2825734515111118,0.0566486108778379,0.12081990114566543,-0.014755160131280887,0.3589235738631184,1,-32.056634495980305,-22.875692373580872,-20.62441773959733,-16.930142352646374,-25.294167639677767,-23.271000727115275,-19.47648303586382,-17.20201563243422,-20.06925202882868,-29.86529041027517,-22.76650964359998,4.8069678947710965,1,-20.58716322588792,-16.77346792658533,-13.609559329559328,-12.878900415823493,-20.566361025851975,-15.235470025134763,-12.21936147186147,-13.59899118068215,-14.05925295636596,-19.600796338164756,-15.912932389591713,3.086202263428405,25,22.76650964359998,4.8069678947710965,15.912932389591713,3.086202263428405,-0.014755160131280887,0.3589235738631184
CART,10,20000,0.19882517258326213,0.008035612106323243,0.002495190180452062,0.003675031661987305,0.0013952463794461225,friedman_mse,10,32,10,"{'criterion': 'friedman_mse', 'max_depth': 10, 'max_leaf_nodes': 32, 'min_samples_leaf': 10}",-0.33149400642949955,-0.11082804108009614,0.03340571125483083,0.43449522531268914,-0.7652899122957746,-0.31348759646194035,0.4434149037941393,0.2825734515111118,0.0566486108778379,0.12081990114566543,-0.014974175237103626,0.3588934498067703,4,-32.056634495980305,-22.875692373580872,-20.647823370170467,-16.930142352646374,-25.294167639677767,-23.271000727115275,-19.47648303586382,-17.20201563243422,-20.06925202882868,-29.86529041027517,-22.768850206657298,4.805929904100469,4,-20.58716322588792,-16.77346792658533,-13.729106449106444,-12.878900415823493,-20.566361025851975,-15.235470025134763,-12.21936147186147,-13.59899118068215,-14.05925295636596,-19.600796338164756,-15.924887101546426,3.0774759664566074,37,22.768850206657298,4.805929904100469,15.924887101546426,3.0774759664566074,-0.014974175237103626,0.3588934498067703
CART,10,20000,0.19882517258326213,0.007564687728881836,0.00157248127224138,0.0035009860992431642,0.0009840160555173285,friedman_mse,10,64,10,"{'criterion': 'friedman_mse', 'max_depth': 10, 'max_leaf_nodes': 64, 'min_samples_leaf': 10}",-0.33149400642949955,-0.11082804108009614,0.03340571125483083,0.43449522531268914,-0.7652899122957746,-0.31348759646194035,0.4434149037941393,0.2825734515111118,0.0566486108778379,0.12081990114566543,-0.014974175237103626,0.3588934498067703,4,-32.056634495980305,-22.875692373580872,-20.647823370170467,-16.930142352646374,-25.294167639677767,-23.271000727115275,-19.47648303586382,-17.20201563243422,-20.06925202882868,-29.86529041027517,-22.768850206657298,4.805929904100469,4,-20.58716322588792,-16.77346792658533,-13.729106449106444,-12.878900415823493,-20.566361025851975,-15.235470025134763,-12.21936147186147,-13.59899118068215,-14.05925295636596,-19.600796338164756,-15.924887101546426,3.0774759664566074,37,22.768850206657298,4.805929904100469,15.924887101546426,3.0774759664566074,-0.014974175237103626,0.3588934498067703
CART,10,20000,0.19882517258326213,0.006743168830871582,0.001062840265413182,0.003043985366821289,0.0006686714706577609,friedman_mse,10,128,10,"{'criterion': 'friedman_mse', 'max_depth': 10, 'max_leaf_nodes': 128, 'min_samples_leaf': 10}",-0.33149400642949955,-0.11082804108009614,0.03340571125483083,0.43449522531268914,-0.7652899122957746,-0.31348759646194035,0.4434149037941393,0.2825734515111118,0.0566486108778379,0.12081990114566543,-0.014974175237103626,0.3588934498067703,4,-32.056634495980305,-22.875692373580872,-20.647823370170467,-16.930142352646374,-25.294167639677767,-23.271000727115275,-19.47648303586382,-17.20201563243422,-20.06925202882868,-29.86529041027517,-22.768850206657298,4.805929904100469,4,-20.58716322588792,-16.77346792658533,-13.729106449106444,-12.878900415823493,-20.566361025851975,-15.235470025134763,-12.21936147186147,-13.59899118068215,-14.05925295636596,-19.600796338164756,-15.924887101546426,3.0774759664566074,37,22.768850206657298,4.805929904100469,15.924887101546426,3.0774759664566074,-0.014974175237103626,0.3588934498067703
CART,10,20000,0.19882517258326213,0.010605430603027344,0.0019324137122149142,0.0052234411239624025,0.001405365909750364,squared_error,,32,10,"{'criterion': 'squared_error', 'max_depth': None, 'max_leaf_nodes': 32, 'min_samples_leaf': 10}",-0.33149400642949955,-0.11082804108009614,0.035595862313058224,0.43449522531268914,-0.7652899122957746,-0.334136808298082,0.4434149037941393,0.2825734515111118,0.0566486108778379,0.12081990114566543,-0.01682008131489505,0.36069131517427466,7,-32.056634495980305,-22.875692373580872,-20.62441773959733,-16.930142352646374,-25.294167639677767,-23.453207983159523,-19.47648303586382,-17.20201563243422,-20.06925202882868,-29.86529041027517,-22.784730369204407,4.809190439371189,7,-20.58716322588792,-16.77346792658533,-13.609559329559328,-12.878900415823493,-20.566361025851975,-15.331776068019753,-12.21936147186147,-13.59899118068215,-14.05925295636596,-19.600796338164756,-15.922562993880211,3.084222820053115,28,22.784730369204407,4.809190439371189,15.922562993880211,3.084222820053115,-0.01682008131489505,0.36069131517427466
CART,10,20000,0.19882517258326213,0.009374594688415528,0.0017077837959730026,0.004052639007568359,0.0008159376708033795,squared_error,,64,10,"{'criterion': 'squared_error', 'max_depth': None, 'max_leaf_nodes': 64, 'min_samples_leaf': 10}",-0.33149400642949955,-0.11082804108009614,0.035595862313058224,0.43449522531268914,-0.7652899122957746,-0.334136808298082,0.4434149037941393,0.2825734515111118,0.0566486108778379,0.12081990114566543,-0.01682008131489505,0.36069131517427466,7,-32.056634495980305,-22.875692373580872,-20.62441773959733,-16.930142352646374,-25.294167639677767,-23.453207983159523,-19.47648303586382,-17.20201563243422,-20.06925202882868,-29.86529041027517,-22.784730369204407,4.809190439371189,7,-20.58716322588792,-16.77346792658533,-13.609559329559328,-12.878900415823493,-20.566361025851975,-15.331776068019753,-12.21936147186147,-13.59899118068215,-14.05925295636596,-19.600796338164756,-15.922562993880211,3.084222820053115,28,22.784730369204407,4.809190439371189,15.922562993880211,3.084222820053115,-0.01682008131489505,0.36069131517427466
CART,10,20000,0.19882517258326213,0.008952069282531738,0.0008665642704246635,0.004489493370056152,0.000794477441719079,squared_error,,128,10,"{'criterion': 'squared_error', 'max_depth': None, 'max_leaf_nodes': 128, 'min_samples_leaf': 10}",-0.33149400642949955,-0.11082804108009614,0.035595862313058224,0.43449522531268914,-0.7652899122957746,-0.334136808298082,0.4434149037941393,0.2825734515111118,0.0566486108778379,0.12081990114566543,-0.01682008131489505,0.36069131517427466,7,-32.056634495980305,-22.875692373580872,-20.62441773959733,-16.930142352646374,-25.294167639677767,-23.453207983159523,-19.47648303586382,-17.20201563243422,-20.06925202882868,-29.86529041027517,-22.784730369204407,4.809190439371189,7,-20.58716322588792,-16.77346792658533,-13.609559329559328,-12.878900415823493,-20.566361025851975,-15.331776068019753,-12.21936147186147,-13.59899118068215,-14.05925295636596,-19.600796338164756,-15.922562993880211,3.084222820053115,28,22.784730369204407,4.809190439371189,15.922562993880211,3.084222820053115,-0.01682008131489505,0.36069131517427466
CART,10,20000,0.19882517258326213,0.006043720245361328,0.00029527310443265087,0.0026892662048339845,9.648456725268983e-05,squared_error,20,32,10,"{'criterion': 'squared_error', 'max_depth': 20, 'max_leaf_nodes': 32, 'min_samples_leaf': 10}",-0.33149400642949955,-0.11082804108009614,0.035595862313058224,0.43449522531268914,-0.7652899122957746,-0.334136808298082,0.4434149037941393,0.2825734515111118,0.0566486108778379,0.12081990114566543,-0.01682008131489505,0.36069131517427466,7,-32.056634495980305,-22.875692373580872,-20.62441773959733,-16.930142352646374,-25.294167639677767,-23.453207983159523,-19.47648303586382,-17.20201563243422,-20.06925202882868,-29.86529041027517,-22.784730369204407,4.809190439371189,7,-20.58716322588792,-16.77346792658533,-13.609559329559328,-12.878900415823493,-20.566361025851975,-15.331776068019753,-12.21936147186147,-13.59899118068215,-14.05925295636596,-19.600796338164756,-15.922562993880211,3.084222820053115,28,22.784730369204407,4.809190439371189,15.922562993880211,3.084222820053115,-0.01682008131489505,0.36069131517427466
CART,10,20000,0.19882517258326213,0.00605165958404541,0.0002831090121022014,0.0026659011840820313,0.00010012094069491648,squared_error,20,64,10,"{'criterion': 'squared_error', 'max_depth': 20, 'max_leaf_nodes': 64, 'min_samples_leaf': 10}",-0.33149400642949955,-0.11082804108009614,0.035595862313058224,0.43449522531268914,-0.7652899122957746,-0.334136808298082,0.4434149037941393,0.2825734515111118,0.0566486108778379,0.12081990114566543,-0.01682008131489505,0.36069131517427466,7,-32.056634495980305,-22.875692373580872,-20.62441773959733,-16.930142352646374,-25.294167639677767,-23.453207983159523,-19.47648303586382,-17.20201563243422,-20.06925202882868,-29.86529041027517,-22.784730369204407,4.809190439371189,7,-20.58716322588792,-16.77346792658533,-13.609559329559328,-12.878900415823493,-20.566361025851975,-15.331776068019753,-12.21936147186147,-13.59899118068215,-14.05925295636596,-19.600796338164756,-15.922562993880211,3.084222820053115,28,22.784730369204407,4.809190439371189,15.922562993880211,3.084222820053115,-0.01682008131489505,0.36069131517427466
CART,10,20000,0.19882517258326213,0.00736393928527832,0.0016041602860018761,0.003797602653503418,0.0012776594282630693,squared_error,20,128,10,"{'criterion': 'squared_error', 'max_depth': 20, 'max_leaf_nodes': 128, 'min_samples_leaf': 10}",-0.33149400642949955,-0.11082804108009614,0.035595862313058224,0.43449522531268914,-0.7652899122957746,-0.334136808298082,0.4434149037941393,0.2825734515111118,0.0566486108778379,0.12081990114566543,-0.01682008131489505,0.36069131517427466,7,-32.056634495980305,-22.875692373580872,-20.62441773959733,-16.930142352646374,-25.294167639677767,-23.453207983159523,-19.47648303586382,-17.20201563243422,-20.06925202882868,-29.86529041027517,-22.784730369204407,4.809190439371189,7,-20.58716322588792,-16.77346792658533,-13.609559329559328,-12.878900415823493,-20.566361025851975,-15.331776068019753,-12.21936147186147,-13.59899118068215,-14.05925295636596,-19.600796338164756,-15.922562993880211,3.084222820053115,28,22.784730369204407,4.809190439371189,15.922562993880211,3.084222820053115,-0.01682008131489505,0.36069131517427466
CART,10,20000,0.19882517258326213,0.007550334930419922,0.002000072969451504,0.0032859563827514647,0.0007984219888536753,squared_error,30,32,10,"{'criterion': 'squared_error', 'max_depth': 30, 'max_leaf_nodes': 32, 'min_samples_leaf': 10}",-0.33149400642949955,-0.11082804108009614,0.035595862313058224,0.43449522531268914,-0.7652899122957746,-0.334136808298082,0.4434149037941393,0.2825734515111118,0.0566486108778379,0.12081990114566543,-0.01682008131489505,0.36069131517427466,7,-32.056634495980305,-22.875692373580872,-20.62441773959733,-16.930142352646374,-25.294167639677767,-23.453207983159523,-19.47648303586382,-17.20201563243422,-20.06925202882868,-29.86529041027517,-22.784730369204407,4.809190439371189,7,-20.58716322588792,-16.77346792658533,-13.609559329559328,-12.878900415823493,-20.566361025851975,-15.331776068019753,-12.21936147186147,-13.59899118068215,-14.05925295636596,-19.600796338164756,-15.922562993880211,3.084222820053115,28,22.784730369204407,4.809190439371189,15.922562993880211,3.084222820053115,-0.01682008131489505,0.36069131517427466
CART,10,20000,0.19882517258326213,0.006534600257873535,0.001307001610746926,0.002685689926147461,0.0003858626595476929,squared_error,30,64,10,"{'criterion': 'squared_error', 'max_depth': 30, 'max_leaf_nodes': 64, 'min_samples_leaf': 10}",-0.33149400642949955,-0.11082804108009614,0.035595862313058224,0.43449522531268914,-0.7652899122957746,-0.334136808298082,0.4434149037941393,0.2825734515111118,0.0566486108778379,0.12081990114566543,-0.01682008131489505,0.36069131517427466,7,-32.056634495980305,-22.875692373580872,-20.62441773959733,-16.930142352646374,-25.294167639677767,-23.453207983159523,-19.47648303586382,-17.20201563243422,-20.06925202882868,-29.86529041027517,-22.784730369204407,4.809190439371189,7,-20.58716322588792,-16.77346792658533,-13.609559329559328,-12.878900415823493,-20.566361025851975,-15.331776068019753,-12.21936147186147,-13.59899118068215,-14.05925295636596,-19.600796338164756,-15.922562993880211,3.084222820053115,28,22.784730369204407,4.809190439371189,15.922562993880211,3.084222820053115,-0.01682008131489505,0.36069131517427466
CART,10,20000,0.19882517258326213,0.006202244758605957,0.0005196307793311625,0.002850461006164551,0.00029175773671631585,squared_error,30,128,10,"{'criterion': 'squared_error', 'max_depth': 30, 'max_leaf_nodes': 128, 'min_samples_leaf': 10}",-0.33149400642949955,-0.11082804108009614,0.035595862313058224,0.43449522531268914,-0.7652899122957746,-0.334136808298082,0.4434149037941393,0.2825734515111118,0.0566486108778379,0.12081990114566543,-0.01682008131489505,0.36069131517427466,7,-32.056634495980305,-22.875692373580872,-20.62441773959733,-16.930142352646374,-25.294167639677767,-23.453207983159523,-19.47648303586382,-17.20201563243422,-20.06925202882868,-29.86529041027517,-22.784730369204407,4.809190439371189,7,-20.58716322588792,-16.77346792658533,-13.609559329559328,-12.878900415823493,-20.566361025851975,-15.331776068019753,-12.21936147186147,-13.59899118068215,-14.05925295636596,-19.600796338164756,-15.922562993880211,3.084222820053115,28,22.784730369204407,4.809190439371189,15.922562993880211,3.084222820053115,-0.01682008131489505,0.36069131517427466
CART,10,20000,0.19882517258326213,0.005946826934814453,0.0003056752840704857,0.0025965690612792967,6.150199380074338e-05,friedman_mse,,32,10,"{'criterion': 'friedman_mse', 'max_depth': None, 'max_leaf_nodes': 32, 'min_samples_leaf': 10}",-0.33149400642949955,-0.11082804108009614,0.03340571125483083,0.43449522531268914,-0.7652899122957746,-0.334136808298082,0.4434149037941393,0.2825734515111118,0.0566486108778379,0.12081990114566543,-0.01703909642071779,0.3606600848220055,16,-32.056634495980305,-22.875692373580872,-20.647823370170467,-16.930142352646374,-25.294167639677767,-23.453207983159523,-19.47648303586382,-17.20201563243422,-20.06925202882868,-29.86529041027517,-22.78707093226172,4.808144058822684,16,-20.58716322588792,-16.77346792658533,-13.729106449106444,-12.878900415823493,-20.566361025851975,-15.331776068019753,-12.21936147186147,-13.59899118068215,-14.05925295636596,-19.600796338164756,-15.934517705834924,3.0754534714190322,40,22.78707093226172,4.808144058822684,15.934517705834924,3.0754534714190322,-0.01703909642071779,0.3606600848220055
CART,10,20000,0.19882517258326213,0.006105875968933106,0.0003773840538063097,0.002607440948486328,9.299279432909903e-05,friedman_mse,,64,10,"{'criterion': 'friedman_mse', 'max_depth': None, 'max_leaf_nodes': 64, 'min_samples_leaf': 10}",-0.33149400642949955,-0.11082804108009614,0.03340571125483083,0.43449522531268914,-0.7652899122957746,-0.334136808298082,0.4434149037941393,0.2825734515111118,0.0566486108778379,0.12081990114566543,-0.01703909642071779,0.3606600848220055,16,-32.056634495980305,-22.875692373580872,-20.647823370170467,-16.930142352646374,-25.294167639677767,-23.453207983159523,-19.47648303586382,-17.20201563243422,-20.06925202882868,-29.86529041027517,-22.78707093226172,4.808144058822684,16,-20.58716322588792,-16.77346792658533,-13.729106449106444,-12.878900415823493,-20.566361025851975,-15.331776068019753,-12.21936147186147,-13.59899118068215,-14.05925295636596,-19.600796338164756,-15.934517705834924,3.0754534714190322,40,22.78707093226172,4.808144058822684,15.934517705834924,3.0754534714190322,-0.01703909642071779,0.3606600848220055
CART,10,20000,0.19882517258326213,0.006642937660217285,0.0009757935199655903,0.0030293703079223634,0.0006105799029001528,friedman_mse,,128,10,"{'criterion': 'friedman_mse', 'max_depth': None, 'max_leaf_nodes': 128, 'min_samples_leaf': 10}",-0.33149400642949955,-0.11082804108009614,0.03340571125483083,0.43449522531268914,-0.7652899122957746,-0.334136808298082,0.4434149037941393,0.2825734515111118,0.0566486108778379,0.12081990114566543,-0.01703909642071779,0.3606600848220055,16,-32.056634495980305,-22.875692373580872,-20.647823370170467,-16.930142352646374,-25.294167639677767,-23.453207983159523,-19.47648303586382,-17.20201563243422,-20.06925202882868,-29.86529041027517,-22.78707093226172,4.808144058822684,16,-20.58716322588792,-16.77346792658533,-13.729106449106444,-12.878900415823493,-20.566361025851975,-15.331776068019753,-12.21936147186147,-13.59899118068215,-14.05925295636596,-19.600796338164756,-15.934517705834924,3.0754534714190322,40,22.78707093226172,4.808144058822684,15.934517705834924,3.0754534714190322,-0.01703909642071779,0.3606600848220055
CART,10,20000,0.19882517258326213,0.005920815467834473,0.0002537572179782153,0.0026305437088012694,0.0003064810890641271,friedman_mse,20,32,10,"{'criterion': 'friedman_mse', 'max_depth': 20, 'max_leaf_nodes': 32, 'min_samples_leaf': 10}",-0.33149400642949955,-0.11082804108009614,0.03340571125483083,0.43449522531268914,-0.7652899122957746,-0.334136808298082,0.4434149037941393,0.2825734515111118,0.0566486108778379,0.12081990114566543,-0.01703909642071779,0.3606600848220055,16,-32.056634495980305,-22.875692373580872,-20.647823370170467,-16.930142352646374,-25.294167639677767,-23.453207983159523,-19.47648303586382,-17.20201563243422,-20.06925202882868,-29.86529041027517,-22.78707093226172,4.808144058822684,16,-20.58716322588792,-16.77346792658533,-13.729106449106444,-12.878900415823493,-20.566361025851975,-15.331776068019753,-12.21936147186147,-13.59899118068215,-14.05925295636596,-19.600796338164756,-15.934517705834924,3.0754534714190322,40,22.78707093226172,4.808144058822684,15.934517705834924,3.0754534714190322,-0.01703909642071779,0.3606600848220055
CART,10,20000,0.19882517258326213,0.00680549144744873,0.0011197467399206794,0.003165268898010254,0.0007892524928433274,friedman_mse,20,64,10,"{'criterion': 'friedman_mse', 'max_depth': 20, 'max_leaf_nodes': 64, 'min_samples_leaf': 10}",-0.33149400642949955,-0.11082804108009614,0.03340571125483083,0.43449522531268914,-0.7652899122957746,-0.334136808298082,0.4434149037941393,0.2825734515111118,0.0566486108778379,0.12081990114566543,-0.01703909642071779,0.3606600848220055,16,-32.056634495980305,-22.875692373580872,-20.647823370170467,-16.930142352646374,-25.294167639677767,-23.453207983159523,-19.47648303586382,-17.20201563243422,-20.06925202882868,-29.86529041027517,-22.78707093226172,4.808144058822684,16,-20.58716322588792,-16.77346792658533,-13.729106449106444,-12.878900415823493,-20.566361025851975,-15.331776068019753,-12.21936147186147,-13.59899118068215,-14.05925295636596,-19.600796338164756,-15.934517705834924,3.0754534714190322,40,22.78707093226172,4.808144058822684,15.934517705834924,3.0754534714190322,-0.01703909642071779,0.3606600848220055
CART,10,20000,0.19882517258326213,0.006509733200073242,0.0008273320154525015,0.0028304815292358398,0.0006023902093025743,friedman_mse,20,128,10,"{'criterion': 'friedman_mse', 'max_depth': 20, 'max_leaf_nodes': 128, 'min_samples_leaf': 10}",-0.33149400642949955,-0.11082804108009614,0.03340571125483083,0.43449522531268914,-0.7652899122957746,-0.334136808298082,0.4434149037941393,0.2825734515111118,0.0566486108778379,0.12081990114566543,-0.01703909642071779,0.3606600848220055,16,-32.056634495980305,-22.875692373580872,-20.647823370170467,-16.930142352646374,-25.294167639677767,-23.453207983159523,-19.47648303586382,-17.20201563243422,-20.06925202882868,-29.86529041027517,-22.78707093226172,4.808144058822684,16,-20.58716322588792,-16.77346792658533,-13.729106449106444,-12.878900415823493,-20.566361025851975,-15.331776068019753,-12.21936147186147,-13.59899118068215,-14.05925295636596,-19.600796338164756,-15.934517705834924,3.0754534714190322,40,22.78707093226172,4.808144058822684,15.934517705834924,3.0754534714190322,-0.01703909642071779,0.3606600848220055
CART,10,20000,0.19882517258326213,0.006791329383850098,0.0012909512145966968,0.0030622005462646483,0.0006656217680797178,friedman_mse,30,32,10,"{'criterion': 'friedman_mse', 'max_depth': 30, 'max_leaf_nodes': 32, 'min_samples_leaf': 10}",-0.33149400642949955,-0.11082804108009614,0.03340571125483083,0.43449522531268914,-0.7652899122957746,-0.334136808298082,0.4434149037941393,0.2825734515111118,0.0566486108778379,0.12081990114566543,-0.01703909642071779,0.3606600848220055,16,-32.056634495980305,-22.875692373580872,-20.647823370170467,-16.930142352646374,-25.294167639677767,-23.453207983159523,-19.47648303586382,-17.20201563243422,-20.06925202882868,-29.86529041027517,-22.78707093226172,4.808144058822684,16,-20.58716322588792,-16.77346792658533,-13.729106449106444,-12.878900415823493,-20.566361025851975,-15.331776068019753,-12.21936147186147,-13.59899118068215,-14.05925295636596,-19.600796338164756,-15.934517705834924,3.0754534714190322,40,22.78707093226172,4.808144058822684,15.934517705834924,3.0754534714190322,-0.01703909642071779,0.3606600848220055
CART,10,20000,0.19882517258326213,0.0062236785888671875,0.0005582862210423548,0.002806830406188965,0.00028609331534122347,friedman_mse,30,64,10,"{'criterion': 'friedman_mse', 'max_depth': 30, 'max_leaf_nodes': 64, 'min_samples_leaf': 10}",-0.33149400642949955,-0.11082804108009614,0.03340571125483083,0.43449522531268914,-0.7652899122957746,-0.334136808298082,0.4434149037941393,0.2825734515111118,0.0566486108778379,0.12081990114566543,-0.01703909642071779,0.3606600848220055,16,-32.056634495980305,-22.875692373580872,-20.647823370170467,-16.930142352646374,-25.294167639677767,-23.453207983159523,-19.47648303586382,-17.20201563243422,-20.06925202882868,-29.86529041027517,-22.78707093226172,4.808144058822684,16,-20.58716322588792,-16.77346792658533,-13.729106449106444,-12.878900415823493,-20.566361025851975,-15.331776068019753,-12.21936147186147,-13.59899118068215,-14.05925295636596,-19.600796338164756,-15.934517705834924,3.0754534714190322,40,22.78707093226172,4.808144058822684,15.934517705834924,3.0754534714190322,-0.01703909642071779,0.3606600848220055
CART,10,20000,0.19882517258326213,0.006054496765136719,0.000315883675366949,0.0027058601379394533,0.00022757986423274393,friedman_mse,30,128,10,"{'criterion': 'friedman_mse', 'max_depth': 30, 'max_leaf_nodes': 128, 'min_samples_leaf': 10}",-0.33149400642949955,-0.11082804108009614,0.03340571125483083,0.43449522531268914,-0.7652899122957746,-0.334136808298082,0.4434149037941393,0.2825734515111118,0.0566486108778379,0.12081990114566543,-0.01703909642071779,0.3606600848220055,16,-32.056634495980305,-22.875692373580872,-20.647823370170467,-16.930142352646374,-25.294167639677767,-23.453207983159523,-19.47648303586382,-17.20201563243422,-20.06925202882868,-29.86529041027517,-22.78707093226172,4.808144058822684,16,-20.58716322588792,-16.77346792658533,-13.729106449106444,-12.878900415823493,-20.566361025851975,-15.331776068019753,-12.21936147186147,-13.59899118068215,-14.05925295636596,-19.600796338164756,-15.934517705834924,3.0754534714190322,40,22.78707093226172,4.808144058822684,15.934517705834924,3.0754534714190322,-0.01703909642071779,0.3606600848220055
CART,10,20000,0.19882517258326213,0.007992959022521973,0.00109008152425007,0.003213787078857422,0.0008933706551881126,squared_error,10,64,5,"{'criterion': 'squared_error', 'max_depth': 10, 'max_leaf_nodes': 64, 'min_samples_leaf': 5}",-0.3167523783035302,-0.1720833095526737,0.03674625032795009,0.5061346359869107,-1.0011936901265481,-0.5970193839731943,0.21877825585332866,0.30039986065408475,0.21213342977620275,0.26257123272376315,-0.05502850966337062,0.443627672522291,25,-31.878683157348924,-23.49795519174928,-20.61211316639874,-15.821467237701116,-26.931276282579837,-25.660030335162443,-23.07447942347205,-16.986955917699984,-18.340905656381214,-27.351922392772906,-23.015578876126646,4.85437135628162,25,-20.529825498575498,-15.720435635792779,-14.032996632996632,-11.199249084249084,-21.034722222222214,-14.917641658709144,-15.020911654135336,-12.993095143160934,-13.033126566416042,-16.86305242272348,-15.534505651898112,3.02347734731522,9,23.015578876126646,4.85437135628162,15.534505651898112,3.02347734731522,-0.05502850966337062,0.443627672522291
CART,10,20000,0.19882517258326213,0.008057212829589844,0.0013477780269373376,0.0031154394149780274,0.0008215540611785155,squared_error,10,128,5,"{'criterion': 'squared_error', 'max_depth': 10, 'max_leaf_nodes': 128, 'min_samples_leaf': 5}",-0.3167523783035302,-0.1720833095526737,0.03674625032795009,0.5061346359869107,-1.0011936901265481,-0.5970193839731943,0.21877825585332866,0.30039986065408475,0.21213342977620275,0.26257123272376315,-0.05502850966337062,0.443627672522291,25,-31.878683157348924,-23.49795519174928,-20.61211316639874,-15.821467237701116,-26.931276282579837,-25.660030335162443,-23.07447942347205,-16.986955917699984,-18.340905656381214,-27.351922392772906,-23.015578876126646,4.85437135628162,25,-20.529825498575498,-15.720435635792779,-14.032996632996632,-11.199249084249084,-21.034722222222214,-14.917641658709144,-15.020911654135336,-12.993095143160934,-13.033126566416042,-16.86305242272348,-15.534505651898112,3.02347734731522,9,23.015578876126646,4.85437135628162,15.534505651898112,3.02347734731522,-0.05502850966337062,0.443627672522291
CART,10,20000,0.19882517258326213,0.011036229133605958,0.0010836793705233415,0.004508256912231445,0.0007221310228214927,squared_error,,64,5,"{'criterion': 'squared_error', 'max_depth': None, 'max_leaf_nodes': 64, 'min_samples_leaf': 5}",-0.3182308508446545,-0.16066422542010383,0.03363847533406239,0.5084525840172887,-1.002343689988228,-0.6399526537069025,0.2173054241085386,0.3060791638923699,0.2097534279743445,0.26255754130952513,-0.058340480332375974,0.4495302732107092,27,-31.896575107196163,-23.383209989272128,-20.64533713524162,-15.784294686041928,-26.93901329374739,-26.00265696591756,-23.096220256525076,-16.917865976553863,-18.368587039325575,-27.352176305271374,-23.03859367550927,4.886887107404974,27,-20.54875864875865,-15.761342083842086,-14.259501424501423,-11.14396214896215,-21.06658119658119,-15.245598370927313,-15.063016917293231,-12.806930868838764,-12.980081453634085,-16.8665768588137,-15.574234997215257,3.045155192493984,13,23.03859367550927,4.886887107404974,15.574234997215257,3.045155192493984,-0.058340480332375974,0.4495302732107092
CART,10,20000,0.19882517258326213,0.012111091613769531,0.0024008164692249775,0.005130147933959961,0.0009368094626828247,squared_error,,128,5,"{'criterion': 'squared_error', 'max_depth': None, 'max_leaf_nodes': 128, 'min_samples_leaf': 5}",-0.3182308508446545,-0.16066422542010383,0.03363847533406239,0.5084525840172887,-1.002343689988228,-0.6399526537069025,0.2173054241085386,0.3060791638923699,0.2097534279743445,0.26255754130952513,-0.058340480332375974,0.4495302732107092,27,-31.896575107196163,-23.383209989272128,-20.64533713524162,-15.784294686041928,-26.93901329374739,-26.00265696591756,-23.096220256525076,-16.917865976553863,-18.368587039325575,-27.352176305271374,-23.03859367550927,4.886887107404974,27,-20.54875864875865,-15.761342083842086,-14.259501424501423,-11.14396214896215,-21.06658119658119,-15.245598370927313,-15.063016917293231,-12.806930868838764,-12.980081453634085,-16.8665768588137,-15.574234997215257,3.045155192493984,13,23.03859367550927,4.886887107404974,15.574234997215257,3.045155192493984,-0.058340480332375974,0.4495302732107092
CART,10,20000,0.19882517258326213,0.008101153373718261,0.001477439625936424,0.003022575378417969,0.000504267584197801,squared_error,20,64,5,"{'criterion': 'squared_error', 'max_depth': 20, 'max_leaf_nodes': 64, 'min_samples_leaf': 5}",-0.3182308508446545,-0.16066422542010383,0.03363847533406239,0.5084525840172887,-1.002343689988228,-0.6399526537069025,0.2173054241085386,0.3060791638923699,0.2097534279743445,0.26255754130952513,-0.058340480332375974,0.4495302732107092,27,-31.896575107196163,-23.383209989272128,-20.64533713524162,-15.784294686041928,-26.93901329374739,-26.00265696591756,-23.096220256525076,-16.917865976553863,-18.368587039325575,-27.352176305271374,-23.03859367550927,4.886887107404974,27,-20.54875864875865,-15.761342083842086,-14.259501424501423,-11.14396214896215,-21.06658119658119,-15.245598370927313,-15.063016917293231,-12.806930868838764,-12.980081453634085,-16.8665768588137,-15.574234997215257,3.045155192493984,13,23.03859367550927,4.886887107404974,15.574234997215257,3.045155192493984,-0.058340480332375974,0.4495302732107092
CART,10,20000,0.19882517258326213,0.007174777984619141,0.00036166073799672355,0.0026900529861450194,0.00020637227540556055,squared_error,20,128,5,"{'criterion': 'squared_error', 'max_depth': 20, 'max_leaf_nodes': 128, 'min_samples_leaf': 5}",-0.3182308508446545,-0.16066422542010383,0.03363847533406239,0.5084525840172887,-1.002343689988228,-0.6399526537069025,0.2173054241085386,0.3060791638923699,0.2097534279743445,0.26255754130952513,-0.058340480332375974,0.4495302732107092,27,-31.896575107196163,-23.383209989272128,-20.64533713524162,-15.784294686041928,-26.93901329374739,-26.00265696591756,-23.096220256525076,-16.917865976553863,-18.368587039325575,-27.352176305271374,-23.03859367550927,4.886887107404974,27,-20.54875864875865,-15.761342083842086,-14.259501424501423,-11.14396214896215,-21.06658119658119,-15.245598370927313,-15.063016917293231,-12.806930868838764,-12.980081453634085,-16.8665768588137,-15.574234997215257,3.045155192493984,13,23.03859367550927,4.886887107404974,15.574234997215257,3.045155192493984,-0.058340480332375974,0.4495302732107092
CART,10,20000,0.19882517258326213,0.007851505279541015,0.0010783887091840082,0.003009796142578125,0.0006835396879129426,squared_error,30,64,5,"{'criterion': 'squared_error', 'max_depth': 30, 'max_leaf_nodes': 64, 'min_samples_leaf': 5}",-0.3182308508446545,-0.16066422542010383,0.03363847533406239,0.5084525840172887,-1.002343689988228,-0.6399526537069025,0.2173054241085386,0.3060791638923699,0.2097534279743445,0.26255754130952513,-0.058340480332375974,0.4495302732107092,27,-31.896575107196163,-23.383209989272128,-20.64533713524162,-15.784294686041928,-26.93901329374739,-26.00265696591756,-23.096220256525076,-16.917865976553863,-18.368587039325575,-27.352176305271374,-23.03859367550927,4.886887107404974,27,-20.54875864875865,-15.761342083842086,-14.259501424501423,-11.14396214896215,-21.06658119658119,-15.245598370927313,-15.063016917293231,-12.806930868838764,-12.980081453634085,-16.8665768588137,-15.574234997215257,3.045155192493984,13,23.03859367550927,4.886887107404974,15.574234997215257,3.045155192493984,-0.058340480332375974,0.4495302732107092
CART,10,20000,0.19882517258326213,0.008410406112670899,0.0011996568643396785,0.003118610382080078,0.0005867133930503831,squared_error,30,128,5,"{'criterion': 'squared_error', 'max_depth': 30, 'max_leaf_nodes': 128, 'min_samples_leaf': 5}",-0.3182308508446545,-0.16066422542010383,0.03363847533406239,0.5084525840172887,-1.002343689988228,-0.6399526537069025,0.2173054241085386,0.3060791638923699,0.2097534279743445,0.26255754130952513,-0.058340480332375974,0.4495302732107092,27,-31.896575107196163,-23.383209989272128,-20.64533713524162,-15.784294686041928,-26.93901329374739,-26.00265696591756,-23.096220256525076,-16.917865976553863,-18.368587039325575,-27.352176305271374,-23.03859367550927,4.886887107404974,27,-20.54875864875865,-15.761342083842086,-14.259501424501423,-11.14396214896215,-21.06658119658119,-15.245598370927313,-15.063016917293231,-12.806930868838764,-12.980081453634085,-16.8665768588137,-15.574234997215257,3.045155192493984,13,23.03859367550927,4.886887107404974,15.574234997215257,3.045155192493984,-0.058340480332375974,0.4495302732107092
CART,10,20000,0.19882517258326213,0.010668206214904784,0.002141494568933832,0.004376912117004394,0.0010630723436915793,squared_error,,32,5,"{'criterion': 'squared_error', 'max_depth': None, 'max_leaf_nodes': 32, 'min_samples_leaf': 5}",-0.3582753248753985,-0.14131929062549586,0.0646050505319189,0.4895226838926795,-1.0798594291542787,-0.5690255936790423,0.2306389820487147,0.19671777656131995,0.2581051259256809,0.27166344723103497,-0.06372265721428663,0.4553823527250638,33,-32.377418819540296,-23.187525757336235,-20.31185906008793,-16.085356693573296,-27.45550046582059,-25.43414164720963,-22.898647902198302,-18.20223404308181,-17.79777144760107,-27.182780042471485,-23.093323587892062,4.8609324378548795,33,-20.30502251940931,-15.690007145108957,-13.990004564976102,-11.60384881673527,-21.668905012366547,-14.584507385888964,-14.6620708734214,-13.505913833354136,-12.394103440419231,-16.819921679197996,-15.522430527087792,3.090957787089942,1,23.093323587892062,4.8609324378548795,15.522430527087792,3.090957787089942,-0.06372265721428663,0.4553823527250638
CART,10,20000,0.19882517258326213,0.007513356208801269,0.0012861480782717775,0.002944016456604004,0.0005543726463206067,squared_error,10,32,5,"{'criterion': 'squared_error', 'max_depth': 10, 'max_leaf_nodes': 32, 'min_samples_leaf': 5}",-0.3582753248753985,-0.14131929062549586,0.0646050505319189,0.4895226838926795,-1.0798594291542787,-0.5690255936790423,0.2306389820487147,0.19671777656131995,0.2581051259256809,0.27166344723103497,-0.06372265721428663,0.4553823527250638,33,-32.377418819540296,-23.187525757336235,-20.31185906008793,-16.085356693573296,-27.45550046582059,-25.43414164720963,-22.898647902198302,-18.20223404308181,-17.79777144760107,-27.182780042471485,-23.093323587892062,4.8609324378548795,33,-20.30502251940931,-15.690007145108957,-13.990004564976102,-11.60384881673527,-21.668905012366547,-14.584507385888964,-14.6620708734214,-13.505913833354136,-12.394103440419231,-16.819921679197996,-15.522430527087792,3.090957787089942,1,23.093323587892062,4.8609324378548795,15.522430527087792,3.090957787089942,-0.06372265721428663,0.4553823527250638
CART,10,20000,0.19882517258326213,0.008305788040161133,0.001790827060019025,0.00339963436126709,0.0007566320228636807,squared_error,20,32,5,"{'criterion': 'squared_error', 'max_depth': 20, 'max_leaf_nodes': 32, 'min_samples_leaf': 5}",-0.3582753248753985,-0.14131929062549586,0.0646050505319189,0.4895226838926795,-1.0798594291542787,-0.5690255936790423,0.2306389820487147,0.19671777656131995,0.2581051259256809,0.27166344723103497,-0.06372265721428663,0.4553823527250638,33,-32.377418819540296,-23.187525757336235,-20.31185906008793,-16.085356693573296,-27.45550046582059,-25.43414164720963,-22.898647902198302,-18.20223404308181,-17.79777144760107,-27.182780042471485,-23.093323587892062,4.8609324378548795,33,-20.30502251940931,-15.690007145108957,-13.990004564976102,-11.60384881673527,-21.668905012366547,-14.584507385888964,-14.6620708734214,-13.505913833354136,-12.394103440419231,-16.819921679197996,-15.522430527087792,3.090957787089942,1,23.093323587892062,4.8609324378548795,15.522430527087792,3.090957787089942,-0.06372265721428663,0.4553823527250638
CART,10,20000,0.19882517258326213,0.006671142578125,0.00036796904043727923,0.002722811698913574,0.0001008921989101902,squared_error,30,32,5,"{'criterion': 'squared_error', 'max_depth': 30, 'max_leaf_nodes': 32, 'min_samples_leaf': 5}",-0.3582753248753985,-0.14131929062549586,0.0646050505319189,0.4895226838926795,-1.0798594291542787,-0.5690255936790423,0.2306389820487147,0.19671777656131995,0.2581051259256809,0.27166344723103497,-0.06372265721428663,0.4553823527250638,33,-32.377418819540296,-23.187525757336235,-20.31185906008793,-16.085356693573296,-27.45550046582059,-25.43414164720963,-22.898647902198302,-18.20223404308181,-17.79777144760107,-27.182780042471485,-23.093323587892062,4.8609324378548795,33,-20.30502251940931,-15.690007145108957,-13.990004564976102,-11.60384881673527,-21.668905012366547,-14.584507385888964,-14.6620708734214,-13.505913833354136,-12.394103440419231,-16.819921679197996,-15.522430527087792,3.090957787089942,1,23.093323587892062,4.8609324378548795,15.522430527087792,3.090957787089942,-0.06372265721428663,0.4553823527250638
CART,10,20000,0.19882517258326213,0.007790493965148926,0.0013677457939287579,0.003129410743713379,0.0006462691449794219,friedman_mse,,32,5,"{'criterion': 'friedman_mse', 'max_depth': None, 'max_leaf_nodes': 32, 'min_samples_leaf': 5}",-0.3582753248753985,-0.14131929062549586,0.0646050505319189,0.4895226838926795,-1.0798594291542787,-0.5690255936790423,0.2306389820487147,0.19671777656131995,0.2581051259256809,0.27166344723103497,-0.06372265721428663,0.4553823527250638,33,-32.377418819540296,-23.187525757336235,-20.31185906008793,-16.085356693573296,-27.45550046582059,-25.43414164720963,-22.898647902198302,-18.20223404308181,-17.79777144760107,-27.182780042471485,-23.093323587892062,4.8609324378548795,33,-20.30502251940931,-15.690007145108957,-13.990004564976102,-11.60384881673527,-21.668905012366547,-14.584507385888964,-14.6620708734214,-13.505913833354136,-12.394103440419231,-16.819921679197996,-15.522430527087792,3.090957787089942,1,23.093323587892062,4.8609324378548795,15.522430527087792,3.090957787089942,-0.06372265721428663,0.4553823527250638
CART,10,20000,0.19882517258326213,0.006908631324768067,0.0007508570970645147,0.0028960466384887694,0.000525970876342088,friedman_mse,10,32,5,"{'criterion': 'friedman_mse', 'max_depth': 10, 'max_leaf_nodes': 32, 'min_samples_leaf': 5}",-0.3582753248753985,-0.14131929062549586,0.0646050505319189,0.4895226838926795,-1.0798594291542787,-0.5690255936790423,0.2306389820487147,0.19671777656131995,0.2581051259256809,0.27166344723103497,-0.06372265721428663,0.4553823527250638,33,-32.377418819540296,-23.187525757336235,-20.31185906008793,-16.085356693573296,-27.45550046582059,-25.43414164720963,-22.898647902198302,-18.20223404308181,-17.79777144760107,-27.182780042471485,-23.093323587892062,4.8609324378548795,33,-20.30502251940931,-15.690007145108957,-13.990004564976102,-11.60384881673527,-21.668905012366547,-14.584507385888964,-14.6620708734214,-13.505913833354136,-12.394103440419231,-16.819921679197996,-15.522430527087792,3.090957787089942,1,23.093323587892062,4.8609324378548795,15.522430527087792,3.090957787089942,-0.06372265721428663,0.4553823527250638
CART,10,20000,0.19882517258326213,0.0078066825866699215,0.0013823351525245812,0.003256559371948242,0.0006508478916896272,friedman_mse,20,32,5,"{'criterion': 'friedman_mse', 'max_depth': 20, 'max_leaf_nodes': 32, 'min_samples_leaf': 5}",-0.3582753248753985,-0.14131929062549586,0.0646050505319189,0.4895226838926795,-1.0798594291542787,-0.5690255936790423,0.2306389820487147,0.19671777656131995,0.2581051259256809,0.27166344723103497,-0.06372265721428663,0.4553823527250638,33,-32.377418819540296,-23.187525757336235,-20.31185906008793,-16.085356693573296,-27.45550046582059,-25.43414164720963,-22.898647902198302,-18.20223404308181,-17.79777144760107,-27.182780042471485,-23.093323587892062,4.8609324378548795,33,-20.30502251940931,-15.690007145108957,-13.990004564976102,-11.60384881673527,-21.668905012366547,-14.584507385888964,-14.6620708734214,-13.505913833354136,-12.394103440419231,-16.819921679197996,-15.522430527087792,3.090957787089942,1,23.093323587892062,4.8609324378548795,15.522430527087792,3.090957787089942,-0.06372265721428663,0.4553823527250638
CART,10,20000,0.19882517258326213,0.0066510200500488285,0.00038644361620677716,0.002626776695251465,5.439949755389221e-05,friedman_mse,30,32,5,"{'criterion': 'friedman_mse', 'max_depth': 30, 'max_leaf_nodes': 32, 'min_samples_leaf': 5}",-0.3582753248753985,-0.14131929062549586,0.0646050505319189,0.4895226838926795,-1.0798594291542787,-0.5690255936790423,0.2306389820487147,0.19671777656131995,0.2581051259256809,0.27166344723103497,-0.06372265721428663,0.4553823527250638,33,-32.377418819540296,-23.187525757336235,-20.31185906008793,-16.085356693573296,-27.45550046582059,-25.43414164720963,-22.898647902198302,-18.20223404308181,-17.79777144760107,-27.182780042471485,-23.093323587892062,4.8609324378548795,33,-20.30502251940931,-15.690007145108957,-13.990004564976102,-11.60384881673527,-21.668905012366547,-14.584507385888964,-14.6620708734214,-13.505913833354136,-12.394103440419231,-16.819921679197996,-15.522430527087792,3.090957787089942,1,23.093323587892062,4.8609324378548795,15.522430527087792,3.090957787089942,-0.06372265721428663,0.4553823527250638
CART,10,20000,0.19882517258326213,0.007674217224121094,0.0013545141264674,0.0029678821563720705,0.0007389421130270339,friedman_mse,10,64,5,"{'criterion': 'friedman_mse', 'max_depth': 10, 'max_leaf_nodes': 64, 'min_samples_leaf': 5}",-0.3167523783035302,-0.1720833095526737,0.03674625032795009,0.5061346359869107,-1.0011936901265481,-0.5970193839731943,0.21877825585332866,0.20574434549563092,0.21213342977620275,0.26257123272376315,-0.06449406117921602,0.43690185478911797,41,-31.878683157348924,-23.49795519174928,-20.61211316639874,-15.821467237701116,-26.931276282579837,-25.660030335162443,-23.07447942347205,-18.099674878982835,-18.340905656381214,-27.351922392772906,-23.126850772254933,4.72596250125263,41,-20.529825498575498,-15.720435635792779,-14.032996632996632,-11.199249084249084,-21.034722222222214,-14.917641658709144,-15.020911654135336,-13.334345143160935,-13.033126566416042,-16.86305242272348,-15.568630651898115,2.9964052868615694,11,23.126850772254933,4.72596250125263,15.568630651898115,2.9964052868615694,-0.06449406117921602,0.43690185478911797
CART,10,20000,0.19882517258326213,0.007977581024169922,0.0014275209528048485,0.00299375057220459,0.000570875860781844,friedman_mse,10,128,5,"{'criterion': 'friedman_mse', 'max_depth': 10, 'max_leaf_nodes': 128, 'min_samples_leaf': 5}",-0.3167523783035302,-0.1720833095526737,0.03674625032795009,0.5061346359869107,-1.0011936901265481,-0.5970193839731943,0.21877825585332866,0.20574434549563092,0.21213342977620275,0.26257123272376315,-0.06449406117921602,0.43690185478911797,41,-31.878683157348924,-23.49795519174928,-20.61211316639874,-15.821467237701116,-26.931276282579837,-25.660030335162443,-23.07447942347205,-18.099674878982835,-18.340905656381214,-27.351922392772906,-23.126850772254933,4.72596250125263,41,-20.529825498575498,-15.720435635792779,-14.032996632996632,-11.199249084249084,-21.034722222222214,-14.917641658709144,-15.020911654135336,-13.334345143160935,-13.033126566416042,-16.86305242272348,-15.568630651898115,2.9964052868615694,11,23.126850772254933,4.72596250125263,15.568630651898115,2.9964052868615694,-0.06449406117921602,0.43690185478911797
CART,10,20000,0.19882517258326213,0.009253621101379395,0.002422913476208052,0.0036041736602783203,0.0012374381192908567,friedman_mse,,64,5,"{'criterion': 'friedman_mse', 'max_depth': None, 'max_leaf_nodes': 64, 'min_samples_leaf': 5}",-0.3182308508446545,-0.16066422542010383,0.03363847533406239,0.5084525840172887,-1.002343689988228,-0.6399526537069025,0.2173054241085386,0.2063877466882501,0.2097534279743445,0.26255754130952513,-0.06830962205278794,0.44238672951922126,43,-31.896575107196163,-23.383209989272128,-20.64533713524162,-15.784294686041928,-26.93901329374739,-26.00265696591756,-23.096220256525076,-18.092342408842384,-18.368587039325575,-27.352176305271374,-23.15604131873812,4.750587443090099,43,-20.54875864875865,-15.761342083842086,-14.259501424501423,-11.14396214896215,-21.06658119658119,-15.245598370927313,-15.063016917293231,-13.266601921470345,-12.980081453634085,-16.8665768588137,-15.62020210247842,3.0062563095885606,19,23.15604131873812,4.750587443090099,15.62020210247842,3.0062563095885606,-0.06830962205278794,0.44238672951922126
CART,10,20000,0.19882517258326213,0.0072138309478759766,0.0003268083570501405,0.0027180910110473633,0.0002656276002279175,friedman_mse,,128,5,"{'criterion': 'friedman_mse', 'max_depth': None, 'max_leaf_nodes': 128, 'min_samples_leaf': 5}",-0.3182308508446545,-0.16066422542010383,0.03363847533406239,0.5084525840172887,-1.002343689988228,-0.6399526537069025,0.2173054241085386,0.2063877466882501,0.2097534279743445,0.26255754130952513,-0.06830962205278794,0.44238672951922126,43,-31.896575107196163,-23.383209989272128,-20.64533713524162,-15.784294686041928,-26.93901329374739,-26.00265696591756,-23.096220256525076,-18.092342408842384,-18.368587039325575,-27.352176305271374,-23.15604131873812,4.750587443090099,43,-20.54875864875865,-15.761342083842086,-14.259501424501423,-11.14396214896215,-21.06658119658119,-15.245598370927313,-15.063016917293231,-13.266601921470345,-12.980081453634085,-16.8665768588137,-15.62020210247842,3.0062563095885606,19,23.15604131873812,4.750587443090099,15.62020210247842,3.0062563095885606,-0.06830962205278794,0.44238672951922126
CART,10,20000,0.19882517258326213,0.00816795825958252,0.0013523361090664863,0.002943086624145508,0.0005355640202191349,friedman_mse,20,64,5,"{'criterion': 'friedman_mse', 'max_depth': 20, 'max_leaf_nodes': 64, 'min_samples_leaf': 5}",-0.3182308508446545,-0.16066422542010383,0.03363847533406239,0.5084525840172887,-1.002343689988228,-0.6399526537069025,0.2173054241085386,0.2063877466882501,0.2097534279743445,0.26255754130952513,-0.06830962205278794,0.44238672951922126,43,-31.896575107196163,-23.383209989272128,-20.64533713524162,-15.784294686041928,-26.93901329374739,-26.00265696591756,-23.096220256525076,-18.092342408842384,-18.368587039325575,-27.352176305271374,-23.15604131873812,4.750587443090099,43,-20.54875864875865,-15.761342083842086,-14.259501424501423,-11.14396214896215,-21.06658119658119,-15.245598370927313,-15.063016917293231,-13.266601921470345,-12.980081453634085,-16.8665768588137,-15.62020210247842,3.0062563095885606,19,23.15604131873812,4.750587443090099,15.62020210247842,3.0062563095885606,-0.06830962205278794,0.44238672951922126
CART,10,20000,0.19882517258326213,0.007360100746154785,0.0005361052013393852,0.0027881860733032227,0.000478283955195979,friedman_mse,20,128,5,"{'criterion': 'friedman_mse', 'max_depth': 20, 'max_leaf_nodes': 128, 'min_samples_leaf': 5}",-0.3182308508446545,-0.16066422542010383,0.03363847533406239,0.5084525840172887,-1.002343689988228,-0.6399526537069025,0.2173054241085386,0.2063877466882501,0.2097534279743445,0.26255754130952513,-0.06830962205278794,0.44238672951922126,43,-31.896575107196163,-23.383209989272128,-20.64533713524162,-15.784294686041928,-26.93901329374739,-26.00265696591756,-23.096220256525076,-18.092342408842384,-18.368587039325575,-27.352176305271374,-23.15604131873812,4.750587443090099,43,-20.54875864875865,-15.761342083842086,-14.259501424501423,-11.14396214896215,-21.06658119658119,-15.245598370927313,-15.063016917293231,-13.266601921470345,-12.980081453634085,-16.8665768588137,-15.62020210247842,3.0062563095885606,19,23.15604131873812,4.750587443090099,15.62020210247842,3.0062563095885606,-0.06830962205278794,0.44238672951922126
CART,10,20000,0.19882517258326213,0.008655643463134766,0.0018066379738750772,0.003265690803527832,0.0007025633885129534,friedman_mse,30,64,5,"{'criterion': 'friedman_mse', 'max_depth': 30, 'max_leaf_nodes': 64, 'min_samples_leaf': 5}",-0.3182308508446545,-0.16066422542010383,0.03363847533406239,0.5084525840172887,-1.002343689988228,-0.6399526537069025,0.2173054241085386,0.2063877466882501,0.2097534279743445,0.26255754130952513,-0.06830962205278794,0.44238672951922126,43,-31.896575107196163,-23.383209989272128,-20.64533713524162,-15.784294686041928,-26.93901329374739,-26.00265696591756,-23.096220256525076,-18.092342408842384,-18.368587039325575,-27.352176305271374,-23.15604131873812,4.750587443090099,43,-20.54875864875865,-15.761342083842086,-14.259501424501423,-11.14396214896215,-21.06658119658119,-15.245598370927313,-15.063016917293231,-13.266601921470345,-12.980081453634085,-16.8665768588137,-15.62020210247842,3.0062563095885606,19,23.15604131873812,4.750587443090099,15.62020210247842,3.0062563095885606,-0.06830962205278794,0.44238672951922126
CART,10,20000,0.19882517258326213,0.007875776290893555,0.0017580945937284537,0.002723240852355957,0.0003794385125955862,friedman_mse,30,128,5,"{'criterion': 'friedman_mse', 'max_depth': 30, 'max_leaf_nodes': 128, 'min_samples_leaf': 5}",-0.3182308508446545,-0.16066422542010383,0.03363847533406239,0.5084525840172887,-1.002343689988228,-0.6399526537069025,0.2173054241085386,0.2063877466882501,0.2097534279743445,0.26255754130952513,-0.06830962205278794,0.44238672951922126,43,-31.896575107196163,-23.383209989272128,-20.64533713524162,-15.784294686041928,-26.93901329374739,-26.00265696591756,-23.096220256525076,-18.092342408842384,-18.368587039325575,-27.352176305271374,-23.15604131873812,4.750587443090099,43,-20.54875864875865,-15.761342083842086,-14.259501424501423,-11.14396214896215,-21.06658119658119,-15.245598370927313,-15.063016917293231,-13.266601921470345,-12.980081453634085,-16.8665768588137,-15.62020210247842,3.0062563095885606,19,23.15604131873812,4.750587443090099,15.62020210247842,3.0062563095885606,-0.06830962205278794,0.44238672951922126
CART,10,20000,0.19882517258326213,0.011607980728149414,0.0014751778933174784,0.0043397188186645504,0.0007061727895622366,squared_error,,32,2,"{'criterion': 'squared_error', 'max_depth': None, 'max_leaf_nodes': 32, 'min_samples_leaf': 2}",-0.05392458338508632,-0.3511596403179571,-0.7630388860551482,0.22428002206407271,-1.180531163499705,-0.45772750197572254,-0.030023887796521986,0.01619127225749173,-0.0610465396531672,0.3963040702990891,-0.2260676838062655,0.44864243316135693,49,-28.520234033297296,-25.229239678651762,-27.88580009528964,-19.828732772943052,-28.112115065788622,-24.515471222917142,-26.49527300685192,-20.144011079202894,-21.284411997576314,-24.747819604396135,-24.676310855691476,3.09955458122234,49,-17.269982593315923,-17.828020548020554,-18.30425352425352,-14.865632457286301,-20.61306818611928,-14.761799154283088,-16.341227210182318,-13.28871175877636,-14.374503223104652,-17.476334169481987,-16.5123532824824,2.098301498554641,49,24.676310855691476,3.09955458122234,16.5123532824824,2.098301498554641,-0.2260676838062655,0.44864243316135693
CART,10,20000,0.19882517258326213,0.006789278984069824,0.00036013796874910216,0.002594923973083496,6.764632576662413e-05,squared_error,20,32,2,"{'criterion': 'squared_error', 'max_depth': 20, 'max_leaf_nodes': 32, 'min_samples_leaf': 2}",-0.05392458338508632,-0.3511596403179571,-0.7630388860551482,0.22428002206407271,-1.180531163499705,-0.45772750197572254,-0.030023887796521986,0.01619127225749173,-0.0610465396531672,0.3963040702990891,-0.2260676838062655,0.44864243316135693,49,-28.520234033297296,-25.229239678651762,-27.88580009528964,-19.828732772943052,-28.112115065788622,-24.515471222917142,-26.49527300685192,-20.144011079202894,-21.284411997576314,-24.747819604396135,-24.676310855691476,3.09955458122234,49,-17.269982593315923,-17.828020548020554,-18.30425352425352,-14.865632457286301,-20.61306818611928,-14.761799154283088,-16.341227210182318,-13.28871175877636,-14.374503223104652,-17.476334169481987,-16.5123532824824,2.098301498554641,49,24.676310855691476,3.09955458122234,16.5123532824824,2.098301498554641,-0.2260676838062655,0.44864243316135693
CART,10,20000,0.19882517258326213,0.007763266563415527,0.0011637983922185833,0.0032342910766601563,0.0007821206652480427,squared_error,30,32,2,"{'criterion': 'squared_error', 'max_depth': 30, 'max_leaf_nodes': 32, 'min_samples_leaf': 2}",-0.05392458338508632,-0.3511596403179571,-0.7630388860551482,0.22428002206407271,-1.180531163499705,-0.45772750197572254,-0.030023887796521986,0.01619127225749173,-0.0610465396531672,0.3963040702990891,-0.2260676838062655,0.44864243316135693,49,-28.520234033297296,-25.229239678651762,-27.88580009528964,-19.828732772943052,-28.112115065788622,-24.515471222917142,-26.49527300685192,-20.144011079202894,-21.284411997576314,-24.747819604396135,-24.676310855691476,3.09955458122234,49,-17.269982593315923,-17.828020548020554,-18.30425352425352,-14.865632457286301,-20.61306818611928,-14.761799154283088,-16.341227210182318,-13.28871175877636,-14.374503223104652,-17.476334169481987,-16.5123532824824,2.098301498554641,49,24.676310855691476,3.09955458122234,16.5123532824824,2.098301498554641,-0.2260676838062655,0.44864243316135693
CART,10,20000,0.19882517258326213,0.011905574798583984,0.0033757171031507105,0.005028939247131348,0.0016990624808093115,squared_error,10,32,2,"{'criterion': 'squared_error', 'max_depth': 10, 'max_leaf_nodes': 32, 'min_samples_leaf': 2}",-0.05392458338508632,-0.3511596403179571,-0.7630388860551482,0.22428002206407271,-1.2556569502473698,-0.45772750197572254,-0.030023887796521986,0.01619127225749173,-0.0610465396531672,0.3963040702990891,-0.23358026248103197,0.4648967050268482,52,-28.520234033297296,-25.229239678651762,-27.88580009528964,-19.828732772943052,-28.592287253649655,-24.515471222917142,-26.49527300685192,-20.144011079202894,-21.284411997576314,-24.747819604396135,-24.72432807447758,3.1556211760287174,52,-17.269982593315923,-17.828020548020554,-18.30425352425352,-14.865632457286301,-21.27238442543551,-14.761799154283088,-16.341227210182318,-13.28871175877636,-14.374503223104652,-17.476334169481987,-16.578284906414023,2.2322019567905995,52,24.72432807447758,3.1556211760287174,16.578284906414023,2.2322019567905995,-0.23358026248103197,0.4648967050268482
CART,10,20000,0.19882517258326213,0.006901168823242187,0.0003366805018087564,0.00265047550201416,4.7217768800170016e-05,friedman_mse,,32,2,"{'criterion': 'friedman_mse', 'max_depth': None, 'max_leaf_nodes': 32, 'min_samples_leaf': 2}",-0.05392458338508632,-0.3511596403179571,-0.7630388860551482,0.22428002206407271,-1.180531163499705,-0.7661203914525772,-0.030023887796521986,0.01619127225749173,-0.0610465396531672,0.3963040702990891,-0.25690697275395097,0.4734216267327935,53,-28.520234033297296,-25.229239678651762,-27.88580009528964,-19.828732772943052,-28.112115065788622,-26.984366337753787,-26.49527300685192,-20.144011079202894,-21.284411997576314,-24.747819604396135,-24.923200367175145,3.1743360318618508,53,-17.269982593315923,-17.828020548020554,-18.30425352425352,-14.865632457286301,-20.61306818611928,-15.528904417440982,-16.341227210182318,-13.28871175877636,-14.374503223104652,-17.476334169481987,-16.589063808798187,2.046279029220738,53,24.923200367175145,3.1743360318618508,16.589063808798187,2.046279029220738,-0.25690697275395097,0.4734216267327935
CART,10,20000,0.19882517258326213,0.00719459056854248,0.0005309456288268862,0.003024768829345703,0.000519811981192627,friedman_mse,20,32,2,"{'criterion': 'friedman_mse', 'max_depth': 20, 'max_leaf_nodes': 32, 'min_samples_leaf': 2}",-0.05392458338508632,-0.3511596403179571,-0.7630388860551482,0.22428002206407271,-1.180531163499705,-0.7661203914525772,-0.030023887796521986,0.01619127225749173,-0.0610465396531672,0.3963040702990891,-0.25690697275395097,0.4734216267327935,53,-28.520234033297296,-25.229239678651762,-27.88580009528964,-19.828732772943052,-28.112115065788622,-26.984366337753787,-26.49527300685192,-20.144011079202894,-21.284411997576314,-24.747819604396135,-24.923200367175145,3.1743360318618508,53,-17.269982593315923,-17.828020548020554,-18.30425352425352,-14.865632457286301,-20.61306818611928,-15.528904417440982,-16.341227210182318,-13.28871175877636,-14.374503223104652,-17.476334169481987,-16.589063808798187,2.046279029220738,53,24.923200367175145,3.1743360318618508,16.589063808798187,2.046279029220738,-0.25690697275395097,0.4734216267327935
CART,10,20000,0.19882517258326213,0.008094048500061036,0.001739472243517769,0.0030400753021240234,0.0006624693765173744,friedman_mse,30,32,2,"{'criterion': 'friedman_mse', 'max_depth': 30, 'max_leaf_nodes': 32, 'min_samples_leaf': 2}",-0.05392458338508632,-0.3511596403179571,-0.7630388860551482,0.22428002206407271,-1.180531163499705,-0.7661203914525772,-0.030023887796521986,0.01619127225749173,-0.0610465396531672,0.3963040702990891,-0.25690697275395097,0.4734216267327935,53,-28.520234033297296,-25.229239678651762,-27.88580009528964,-19.828732772943052,-28.112115065788622,-26.984366337753787,-26.49527300685192,-20.144011079202894,-21.284411997576314,-24.747819604396135,-24.923200367175145,3.1743360318618508,53,-17.269982593315923,-17.828020548020554,-18.30425352425352,-14.865632457286301,-20.61306818611928,-15.528904417440982,-16.341227210182318,-13.28871175877636,-14.374503223104652,-17.476334169481987,-16.589063808798187,2.046279029220738,53,24.923200367175145,3.1743360318618508,16.589063808798187,2.046279029220738,-0.25690697275395097,0.4734216267327935
CART,10,20000,0.19882517258326213,0.007705283164978027,0.0013706302531758996,0.0028834819793701174,0.0004887426164551153,friedman_mse,10,32,2,"{'criterion': 'friedman_mse', 'max_depth': 10, 'max_leaf_nodes': 32, 'min_samples_leaf': 2}",-0.05392458338508632,-0.3511596403179571,-0.7630388860551482,0.22428002206407271,-1.2556569502473698,-0.7661203914525772,-0.030023887796521986,0.01619127225749173,-0.0610465396531672,0.3963040702990891,-0.2644195514287174,0.4883785263514515,56,-28.520234033297296,-25.229239678651762,-27.88580009528964,-19.828732772943052,-28.592287253649655,-26.984366337753787,-26.49527300685192,-20.144011079202894,-21.284411997576314,-24.747819604396135,-24.971217585961245,3.22543109559375,56,-17.269982593315923,-17.828020548020554,-18.30425352425352,-14.865632457286301,-21.27238442543551,-15.528904417440982,-16.341227210182318,-13.28871175877636,-14.374503223104652,-17.476334169481987,-16.654995432729812,2.1810545530422654,56,24.971217585961245,3.22543109559375,16.654995432729812,2.1810545530422654,-0.2644195514287174,0.4883785263514515
CART,10,20000,0.19882517258326213,0.012544941902160645,0.0013659024036727933,0.004320621490478516,0.0011143305634953252,squared_error,,64,2,"{'criterion': 'squared_error', 'max_depth': None, 'max_leaf_nodes': 64, 'min_samples_leaf': 2}",-0.16812785670608976,-0.43115011941306447,-0.9929332782242126,0.07580735123523596,-1.2054945615864021,-0.4057653238981318,-0.04905246414040554,0.05212405457234437,-0.18710202249205032,0.3660805886544597,-0.29456136319983167,0.4615370565709217,57,-30.025725366888853,-25.965304861523247,-29.648214471606657,-21.643312323631786,-28.272575236053733,-24.07456700898014,-26.73888876551396,-19.772717760069032,-22.513263924761286,-25.359742710615432,-25.40143124296441,3.2508332503911954,57,-18.96840995898688,-16.91167446012517,-20.07206549860396,-16.08308082258163,-20.94349455245609,-15.322574145597903,-17.044506648322432,-12.604824528880256,-16.419908625730994,-17.000851814891917,-17.13713910561772,2.2802117621923172,57,25.40143124296441,3.2508332503911954,17.13713910561772,2.2802117621923172,-0.29456136319983167,0.4615370565709217
CART,10,20000,0.19882517258326213,0.008533692359924317,0.0007793114498408395,0.0029091596603393554,0.0004139422992725617,squared_error,20,64,2,"{'criterion': 'squared_error', 'max_depth': 20, 'max_leaf_nodes': 64, 'min_samples_leaf': 2}",-0.16812785670608976,-0.43115011941306447,-0.9929332782242126,0.07580735123523596,-1.2054945615864021,-0.4057653238981318,-0.04905246414040554,0.05212405457234437,-0.18710202249205032,0.3660805886544597,-0.29456136319983167,0.4615370565709217,57,-30.025725366888853,-25.965304861523247,-29.648214471606657,-21.643312323631786,-28.272575236053733,-24.07456700898014,-26.73888876551396,-19.772717760069032,-22.513263924761286,-25.359742710615432,-25.40143124296441,3.2508332503911954,57,-18.96840995898688,-16.91167446012517,-20.07206549860396,-16.08308082258163,-20.94349455245609,-15.322574145597903,-17.044506648322432,-12.604824528880256,-16.419908625730994,-17.000851814891917,-17.13713910561772,2.2802117621923172,57,25.40143124296441,3.2508332503911954,17.13713910561772,2.2802117621923172,-0.29456136319983167,0.4615370565709217
CART,10,20000,0.19882517258326213,0.009091997146606445,0.0010060439776605186,0.0031786441802978517,0.0005541948436500559,squared_error,30,64,2,"{'criterion': 'squared_error', 'max_depth': 30, 'max_leaf_nodes': 64, 'min_samples_leaf': 2}",-0.16812785670608976,-0.43115011941306447,-0.9929332782242126,0.07580735123523596,-1.2054945615864021,-0.4057653238981318,-0.04905246414040554,0.05212405457234437,-0.18710202249205032,0.3660805886544597,-0.29456136319983167,0.4615370565709217,57,-30.025725366888853,-25.965304861523247,-29.648214471606657,-21.643312323631786,-28.272575236053733,-24.07456700898014,-26.73888876551396,-19.772717760069032,-22.513263924761286,-25.359742710615432,-25.40143124296441,3.2508332503911954,57,-18.96840995898688,-16.91167446012517,-20.07206549860396,-16.08308082258163,-20.94349455245609,-15.322574145597903,-17.044506648322432,-12.604824528880256,-16.419908625730994,-17.000851814891917,-17.13713910561772,2.2802117621923172,57,25.40143124296441,3.2508332503911954,17.13713910561772,2.2802117621923172,-0.29456136319983167,0.4615370565709217
CART,10,20000,0.19882517258326213,0.014699649810791016,0.0015184017984414685,0.004473471641540527,0.0005271692007691272,squared_error,,128,2,"{'criterion': 'squared_error', 'max_depth': None, 'max_leaf_nodes': 128, 'min_samples_leaf': 2}",-0.08308636799820435,-0.4495031410578325,-0.9783926746293377,0.1291455109287224,-1.155857980164599,-0.46438986762314083,0.015204178954910885,-0.018921846354365446,-0.266063081338777,0.3206495361507302,-0.29512157331318933,0.45141779848100777,60,-28.912114984509397,-26.131263598125578,-29.5398585720563,-21.009478341604485,-27.952615246972854,-24.571429842479528,-25.907043180000482,-20.50033948691941,-23.249954784222126,-26.252747160794318,-25.402684519768446,2.934292873288781,60,-17.76982905982906,-17.25695970695971,-20.33846153846154,-15.467490842490843,-21.04717948717949,-15.878699874686717,-16.88206140350877,-14.023464912280705,-17.42456766917293,-17.62328149920255,-17.371199599377235,1.9963483502287858,67,25.402684519768446,2.934292873288781,17.371199599377235,1.9963483502287858,-0.29512157331318933,0.45141779848100777
CART,10,20000,0.19882517258326213,0.010166740417480469,0.0019353287480606935,0.0030762195587158204,0.0005454806406280824,squared_error,20,128,2,"{'criterion': 'squared_error', 'max_depth': 20, 'max_leaf_nodes': 128, 'min_samples_leaf': 2}",-0.08308636799820435,-0.4495031410578325,-0.9783926746293377,0.1291455109287224,-1.155857980164599,-0.46438986762314083,0.015204178954910885,-0.018921846354365446,-0.266063081338777,0.3206495361507302,-0.29512157331318933,0.45141779848100777,60,-28.912114984509397,-26.131263598125578,-29.5398585720563,-21.009478341604485,-27.952615246972854,-24.571429842479528,-25.907043180000482,-20.50033948691941,-23.249954784222126,-26.252747160794318,-25.402684519768446,2.934292873288781,60,-17.76982905982906,-17.25695970695971,-20.33846153846154,-15.467490842490843,-21.04717948717949,-15.878699874686717,-16.88206140350877,-14.023464912280705,-17.42456766917293,-17.62328149920255,-17.371199599377235,1.9963483502287858,67,25.402684519768446,2.934292873288781,17.371199599377235,1.9963483502287858,-0.29512157331318933,0.45141779848100777
CART,10,20000,0.19882517258326213,0.010011529922485352,0.0020013263802525568,0.002938675880432129,0.0005632191927899102,squared_error,30,128,2,"{'criterion': 'squared_error', 'max_depth': 30, 'max_leaf_nodes': 128, 'min_samples_leaf': 2}",-0.08308636799820435,-0.4495031410578325,-0.9783926746293377,0.1291455109287224,-1.155857980164599,-0.46438986762314083,0.015204178954910885,-0.018921846354365446,-0.266063081338777,0.3206495361507302,-0.29512157331318933,0.45141779848100777,60,-28.912114984509397,-26.131263598125578,-29.5398585720563,-21.009478341604485,-27.952615246972854,-24.571429842479528,-25.907043180000482,-20.50033948691941,-23.249954784222126,-26.252747160794318,-25.402684519768446,2.934292873288781,60,-17.76982905982906,-17.25695970695971,-20.33846153846154,-15.467490842490843,-21.04717948717949,-15.878699874686717,-16.88206140350877,-14.023464912280705,-17.42456766917293,-17.62328149920255,-17.371199599377235,1.9963483502287858,67,25.402684519768446,2.934292873288781,17.371199599377235,1.9963483502287858,-0.29512157331318933,0.45141779848100777
CART,10,20000,0.19882517258326213,0.00860426425933838,0.00043202187900729316,0.002759838104248047,0.0001097904587336676,squared_error,10,128,2,"{'criterion': 'squared_error', 'max_depth': 10, 'max_leaf_nodes': 128, 'min_samples_leaf': 2}",-0.09581931540369015,-0.4680264589379932,-0.9419075528656082,0.12727633249744197,-1.2005823418679666,-0.49235028568104067,0.021258285111816932,-0.07518827873145906,-0.3303081434375674,0.342454085010204,-0.31131936743058625,0.4559289363899993,63,-29.081566283705428,-26.29770032455744,-29.266206963998087,-21.03201334290551,-28.24107243358466,-24.804898727735587,-25.827287669966463,-21.05876395792722,-23.832552862850623,-25.82800488056349,-25.527006744779452,2.7985741851060806,63,-17.857282763532762,-17.005005232862374,-19.433620823620824,-15.677728688935586,-21.43559472934473,-15.984934325260815,-16.57890182186235,-14.388222117794486,-17.370561821219713,-17.21559153565732,-17.294744386009096,1.8821394760648975,63,25.527006744779452,2.7985741851060806,17.294744386009096,1.8821394760648975,-0.31131936743058625,0.4559289363899993
CART,10,20000,0.19882517258326213,0.008950567245483399,0.0013477423205562286,0.0030401945114135742,0.0006247943829217012,squared_error,10,64,2,"{'criterion': 'squared_error', 'max_depth': 10, 'max_leaf_nodes': 64, 'min_samples_leaf': 2}",-0.16812785670608976,-0.48373008871249357,-0.9519825554217352,0.07580735123523596,-1.240361958586139,-0.484613259304969,0.008394739796231954,-0.0692677193740594,-0.2835147281202475,0.3660805886544597,-0.3231315486539806,0.46073324433513946,64,-30.025725366888853,-26.437980774250242,-29.34202819814966,-21.643312323631786,-28.495184133891993,-24.74051520138199,-25.996456907354204,-21.000703534077925,-23.40964719050027,-25.359742710615432,-25.645129634074237,2.919142386227578,64,-18.96840995898688,-17.588642151499297,-19.320961047499512,-16.08308082258163,-21.130033013994552,-15.822167198167064,-16.626888265243526,-14.113123830503863,-17.022272347535502,-17.000851814891917,-17.36764304509037,1.8977710662375589,66,25.645129634074237,2.919142386227578,17.36764304509037,1.8977710662375589,-0.3231315486539806,0.46073324433513946
CART,10,20000,0.19882517258326213,0.009924483299255372,0.0016214897311405939,0.003059983253479004,0.0006487515710566924,friedman_mse,,128,2,"{'criterion': 'friedman_mse', 'max_depth': None, 'max_leaf_nodes': 128, 'min_samples_leaf': 2}",-0.03797844878380263,-0.4786262087098001,-0.9783926746293377,0.12947531530360223,-1.1457874377241244,-0.8858554425820808,0.009223888984454587,-0.018921846354365446,-0.4013903553280316,0.3239708233626378,-0.34842823864608485,0.4852424408637316,65,-28.303652649019583,-26.392469624956252,-29.5398585720563,-21.00549967805597,-27.887252058071756,-27.884076880027102,-25.985585923817336,-20.50033948691941,-24.46098843651872,-26.1884947983725,-25.814821810781496,2.8697664873488686,65,-16.833504273504275,-17.842429792429794,-20.33846153846154,-15.42838827838828,-20.834358974358977,-16.852384085213032,-17.11364035087719,-14.023464912280705,-17.793114035087715,-17.507492025518342,-17.456723826611984,1.917031131212874,70,25.814821810781496,2.8697664873488686,17.456723826611984,1.917031131212874,-0.34842823864608485,0.4852424408637316
CART,10,20000,0.19882517258326213,0.011165857315063477,0.002601765332664673,0.0035466909408569335,0.0009811879226867865,friedman_mse,20,128,2,"{'criterion': 'friedman_mse', 'max_depth': 20, 'max_leaf_nodes': 128, 'min_samples_leaf': 2}",-0.03797844878380263,-0.4786262087098001,-0.9783926746293377,0.12947531530360223,-1.1457874377241244,-0.8858554425820808,0.009223888984454587,-0.018921846354365446,-0.4013903553280316,0.3239708233626378,-0.34842823864608485,0.4852424408637316,65,-28.303652649019583,-26.392469624956252,-29.5398585720563,-21.00549967805597,-27.887252058071756,-27.884076880027102,-25.985585923817336,-20.50033948691941,-24.46098843651872,-26.1884947983725,-25.814821810781496,2.8697664873488686,65,-16.833504273504275,-17.842429792429794,-20.33846153846154,-15.42838827838828,-20.834358974358977,-16.852384085213032,-17.11364035087719,-14.023464912280705,-17.793114035087715,-17.507492025518342,-17.456723826611984,1.917031131212874,70,25.814821810781496,2.8697664873488686,17.456723826611984,1.917031131212874,-0.34842823864608485,0.4852424408637316
CART,10,20000,0.19882517258326213,0.009102416038513184,0.0004385816145610103,0.002673053741455078,6.878342537492743e-05,friedman_mse,30,128,2,"{'criterion': 'friedman_mse', 'max_depth': 30, 'max_leaf_nodes': 128, 'min_samples_leaf': 2}",-0.03797844878380263,-0.4786262087098001,-0.9783926746293377,0.12947531530360223,-1.1457874377241244,-0.8858554425820808,0.009223888984454587,-0.018921846354365446,-0.4013903553280316,0.3239708233626378,-0.34842823864608485,0.4852424408637316,65,-28.303652649019583,-26.392469624956252,-29.5398585720563,-21.00549967805597,-27.887252058071756,-27.884076880027102,-25.985585923817336,-20.50033948691941,-24.46098843651872,-26.1884947983725,-25.814821810781496,2.8697664873488686,65,-16.833504273504275,-17.842429792429794,-20.33846153846154,-15.42838827838828,-20.834358974358977,-16.852384085213032,-17.11364035087719,-14.023464912280705,-17.793114035087715,-17.507492025518342,-17.456723826611984,1.917031131212874,70,25.814821810781496,2.8697664873488686,17.456723826611984,1.917031131212874,-0.34842823864608485,0.4852424408637316
CART,10,20000,0.19882517258326213,0.008502817153930664,0.00031332839044819106,0.0027561426162719727,0.0001296334873353334,friedman_mse,10,128,2,"{'criterion': 'friedman_mse', 'max_depth': 10, 'max_leaf_nodes': 128, 'min_samples_leaf': 2}",-0.052241647258004065,-0.4680264589379932,-0.9419075528656082,0.12727633249744197,-1.1905117994274925,-0.9234085933683349,-0.0018543309168219668,-0.016629249144380465,-0.4038235159029515,0.342454085010204,-0.35286727303139404,0.49301560957607077,71,-28.497453983705956,-26.29770032455744,-29.266206963998087,-21.03201334290551,-28.176378411784995,-28.16033699799395,-26.13045911671587,-20.477263385313087,-24.48221439279144,-25.82800488056349,-25.83480318003298,2.8923446380146185,68,-17.02865028490028,-17.005005232862374,-19.433620823620824,-15.677728688935586,-21.222774216524215,-17.07703958841871,-16.963112348178136,-14.002695802005013,-17.370561821219713,-17.21559153565732,-17.29967803423222,1.8379454423917592,64,25.83480318003298,2.8923446380146185,17.29967803423222,1.8379454423917592,-0.35286727303139404,0.49301560957607077
CART,10,20000,0.19882517258326213,0.008231592178344727,0.0003049382909920217,0.0026996374130249024,5.727293171579346e-05,friedman_mse,,64,2,"{'criterion': 'friedman_mse', 'max_depth': None, 'max_leaf_nodes': 64, 'min_samples_leaf': 2}",-0.12530333535997595,-0.4602731870650323,-0.9929332782242126,0.07580735123523596,-1.2054945615864021,-0.8333290403493003,-0.04905246414040554,0.05212405457234437,-0.33788502167852563,0.3660805886544597,-0.35102588939418145,0.48866988917994914,68,-29.470202538394382,-26.22816372187269,-29.648214471606657,-21.643312323631786,-28.272575236053733,-27.49300940500256,-26.73888876551396,-19.772717760069032,-23.900326618845156,-25.359742710615432,-25.85271535516054,3.0936203178527757,69,-18.010717651294573,-17.497144545595255,-20.07206549860396,-16.08308082258163,-20.94349455245609,-16.33046888244001,-17.044506648322432,-12.604824528880256,-16.825610380116956,-17.000851814891917,-17.241276532518306,2.1520750069517662,60,25.85271535516054,3.0936203178527757,17.241276532518306,2.1520750069517662,-0.35102588939418145,0.48866988917994914
CART,10,20000,0.19882517258326213,0.008583521842956543,0.0008347812356605651,0.003030085563659668,0.0006303246117976994,friedman_mse,20,64,2,"{'criterion': 'friedman_mse', 'max_depth': 20, 'max_leaf_nodes': 64, 'min_samples_leaf': 2}",-0.12530333535997595,-0.4602731870650323,-0.9929332782242126,0.07580735123523596,-1.2054945615864021,-0.8333290403493003,-0.04905246414040554,0.05212405457234437,-0.33788502167852563,0.3660805886544597,-0.35102588939418145,0.48866988917994914,68,-29.470202538394382,-26.22816372187269,-29.648214471606657,-21.643312323631786,-28.272575236053733,-27.49300940500256,-26.73888876551396,-19.772717760069032,-23.900326618845156,-25.359742710615432,-25.85271535516054,3.0936203178527757,69,-18.010717651294573,-17.497144545595255,-20.07206549860396,-16.08308082258163,-20.94349455245609,-16.33046888244001,-17.044506648322432,-12.604824528880256,-16.825610380116956,-17.000851814891917,-17.241276532518306,2.1520750069517662,60,25.85271535516054,3.0936203178527757,17.241276532518306,2.1520750069517662,-0.35102588939418145,0.48866988917994914
CART,10,20000,0.19882517258326213,0.009078788757324218,0.0016048666179262082,0.0028969764709472655,0.0004824632711382701,friedman_mse,30,64,2,"{'criterion': 'friedman_mse', 'max_depth': 30, 'max_leaf_nodes': 64, 'min_samples_leaf': 2}",-0.12530333535997595,-0.4602731870650323,-0.9929332782242126,0.07580735123523596,-1.2054945615864021,-0.8333290403493003,-0.04905246414040554,0.05212405457234437,-0.33788502167852563,0.3660805886544597,-0.35102588939418145,0.48866988917994914,68,-29.470202538394382,-26.22816372187269,-29.648214471606657,-21.643312323631786,-28.272575236053733,-27.49300940500256,-26.73888876551396,-19.772717760069032,-23.900326618845156,-25.359742710615432,-25.85271535516054,3.0936203178527757,69,-18.010717651294573,-17.497144545595255,-20.07206549860396,-16.08308082258163,-20.94349455245609,-16.33046888244001,-17.044506648322432,-12.604824528880256,-16.825610380116956,-17.000851814891917,-17.241276532518306,2.1520750069517662,60,25.85271535516054,3.0936203178527757,17.241276532518306,2.1520750069517662,-0.35102588939418145,0.48866988917994914
CART,10,20000,0.19882517258326213,0.008834600448608398,0.0009212173593078657,0.0031441688537597657,0.0005437183677873123,friedman_mse,10,64,2,"{'criterion': 'friedman_mse', 'max_depth': 10, 'max_leaf_nodes': 64, 'min_samples_leaf': 2}",-0.12530333535997595,-0.48373008871249357,-0.9519825554217352,0.07580735123523596,-1.240361958586139,-0.9121769757561371,0.008394739796231954,-0.010708689786980585,-0.35703010058563156,0.3660805886544597,-0.3631011024523166,0.4975464219648345,72,-29.470202538394382,-26.437980774250242,-29.34202819814966,-21.643312323631786,-28.495184133891993,-28.077996401158995,-25.996456907354204,-20.417549442624654,-24.070725522878035,-25.359742710615432,-25.93111789529494,2.9694506974899917,72,-18.010717651294573,-17.588642151499297,-19.320961047499512,-16.08308082258163,-21.130033013994552,-16.830061935009166,-16.626888265243526,-13.72759751471439,-17.022272347535502,-17.000851814891917,-17.334110656426407,1.8550938042508376,65,25.93111789529494,2.9694506974899917,17.334110656426407,1.8550938042508376,-0.3631011024523166,0.4975464219648345
CART,10,20000,0.19882517258326213,0.008208417892456054,0.0014959497557602691,0.0030899524688720705,0.000613224550756351,friedman_mse,,32,1,"{'criterion': 'friedman_mse', 'max_depth': None, 'max_leaf_nodes': 32, 'min_samples_leaf': 1}",-1.017461440699225,-0.1716726355461946,-1.566807339825599,0.2752058609442507,-1.3375731735724816,-0.7412144841459289,-0.21234350705914173,-0.08024639559058655,-0.10586128368280434,0.41775411361030435,-0.4540220285567407,0.6410708248682052,73,-39.459441950309234,-23.493838229771107,-33.64718998093959,-19.166808693590138,-29.106834741769642,-26.793423416774917,-28.744687787310227,-21.108240272652854,-21.72925152134338,-24.304183315643094,-26.755389991010418,5.91407605621911,73,-23.93071103947761,-16.42065597800892,-20.976829230659018,-14.148733540885123,-19.99577580539119,-15.556130930473037,-17.703498465097656,-14.373313978940539,-14.53602752181935,-17.226127565878254,-17.48678040566307,3.0744405781358926,77,26.755389991010418,5.91407605621911,17.48678040566307,3.0744405781358926,-0.4540220285567407,0.6410708248682052
CART,10,20000,0.19882517258326213,0.007341217994689941,0.0007624770048172243,0.002732086181640625,0.0003694056233575374,friedman_mse,10,32,1,"{'criterion': 'friedman_mse', 'max_depth': 10, 'max_leaf_nodes': 32, 'min_samples_leaf': 1}",-1.017461440699225,-0.1716726355461946,-1.566807339825599,0.2752058609442507,-1.3375731735724816,-0.7412144841459289,-0.21234350705914173,-0.08024639559058655,-0.10586128368280434,0.41775411361030435,-0.4540220285567407,0.6410708248682052,73,-39.459441950309234,-23.493838229771107,-33.64718998093959,-19.166808693590138,-29.106834741769642,-26.793423416774917,-28.744687787310227,-21.108240272652854,-21.72925152134338,-24.304183315643094,-26.755389991010418,5.91407605621911,73,-23.93071103947761,-16.42065597800892,-20.976829230659018,-14.148733540885123,-19.99577580539119,-15.556130930473037,-17.703498465097656,-14.373313978940539,-14.53602752181935,-17.226127565878254,-17.48678040566307,3.0744405781358926,77,26.755389991010418,5.91407605621911,17.48678040566307,3.0744405781358926,-0.4540220285567407,0.6410708248682052
CART,10,20000,0.19882517258326213,0.009002304077148438,0.002054638396599976,0.003599095344543457,0.0012532600870077564,friedman_mse,20,32,1,"{'criterion': 'friedman_mse', 'max_depth': 20, 'max_leaf_nodes': 32, 'min_samples_leaf': 1}",-1.017461440699225,-0.1716726355461946,-1.566807339825599,0.2752058609442507,-1.3375731735724816,-0.7412144841459289,-0.21234350705914173,-0.08024639559058655,-0.10586128368280434,0.41775411361030435,-0.4540220285567407,0.6410708248682052,73,-39.459441950309234,-23.493838229771107,-33.64718998093959,-19.166808693590138,-29.106834741769642,-26.793423416774917,-28.744687787310227,-21.108240272652854,-21.72925152134338,-24.304183315643094,-26.755389991010418,5.91407605621911,73,-23.93071103947761,-16.42065597800892,-20.976829230659018,-14.148733540885123,-19.99577580539119,-15.556130930473037,-17.703498465097656,-14.373313978940539,-14.53602752181935,-17.226127565878254,-17.48678040566307,3.0744405781358926,77,26.755389991010418,5.91407605621911,17.48678040566307,3.0744405781358926,-0.4540220285567407,0.6410708248682052
CART,10,20000,0.19882517258326213,0.007252287864685058,0.0004854717027101875,0.0027742862701416017,0.0002568228688278972,friedman_mse,30,32,1,"{'criterion': 'friedman_mse', 'max_depth': 30, 'max_leaf_nodes': 32, 'min_samples_leaf': 1}",-1.017461440699225,-0.1716726355461946,-1.566807339825599,0.2752058609442507,-1.3375731735724816,-0.7412144841459289,-0.21234350705914173,-0.08024639559058655,-0.10586128368280434,0.41775411361030435,-0.4540220285567407,0.6410708248682052,73,-39.459441950309234,-23.493838229771107,-33.64718998093959,-19.166808693590138,-29.106834741769642,-26.793423416774917,-28.744687787310227,-21.108240272652854,-21.72925152134338,-24.304183315643094,-26.755389991010418,5.91407605621911,73,-23.93071103947761,-16.42065597800892,-20.976829230659018,-14.148733540885123,-19.99577580539119,-15.556130930473037,-17.703498465097656,-14.373313978940539,-14.53602752181935,-17.226127565878254,-17.48678040566307,3.0744405781358926,77,26.755389991010418,5.91407605621911,17.48678040566307,3.0744405781358926,-0.4540220285567407,0.6410708248682052
CART,10,20000,0.19882517258326213,0.014682722091674805,0.0029076450098893883,0.005351948738098145,0.0016988064600868625,squared_error,,32,1,"{'criterion': 'squared_error', 'max_depth': None, 'max_leaf_nodes': 32, 'min_samples_leaf': 1}",-1.017461440699225,-0.1716726355461946,-1.566807339825599,0.2752058609442507,-1.3375731735724816,-0.7843801857197634,-0.2018350433053675,-0.08024639559058655,-0.10586128368280434,0.41775411361030435,-0.4572877523387467,0.6435416185987911,77,-39.459441950309234,-23.493838229771107,-33.64718998093959,-19.166808693590138,-29.106834741769642,-27.123502364109356,-28.619838715394692,-21.108240272652854,-21.72925152134338,-24.304183315643094,-26.77591297855231,5.911105375126664,77,-23.93071103947761,-16.42065597800892,-20.976829230659018,-14.148733540885123,-19.99577580539119,-15.556130930473037,-17.531130044045025,-14.373313978940539,-14.53602752181935,-17.226127565878254,-17.469543563557806,3.073660322331788,73,26.77591297855231,5.911105375126664,17.469543563557806,3.073660322331788,-0.4572877523387467,0.6435416185987911
CART,10,20000,0.19882517258326213,0.01200401782989502,0.0033783126444508426,0.004711031913757324,0.0010647493586482654,squared_error,10,32,1,"{'criterion': 'squared_error', 'max_depth': 10, 'max_leaf_nodes': 32, 'min_samples_leaf': 1}",-1.017461440699225,-0.1716726355461946,-1.566807339825599,0.2752058609442507,-1.3375731735724816,-0.7843801857197634,-0.2018350433053675,-0.08024639559058655,-0.10586128368280434,0.41775411361030435,-0.4572877523387467,0.6435416185987911,77,-39.459441950309234,-23.493838229771107,-33.64718998093959,-19.166808693590138,-29.106834741769642,-27.123502364109356,-28.619838715394692,-21.108240272652854,-21.72925152134338,-24.304183315643094,-26.77591297855231,5.911105375126664,77,-23.93071103947761,-16.42065597800892,-20.976829230659018,-14.148733540885123,-19.99577580539119,-15.556130930473037,-17.531130044045025,-14.373313978940539,-14.53602752181935,-17.226127565878254,-17.469543563557806,3.073660322331788,73,26.77591297855231,5.911105375126664,17.469543563557806,3.073660322331788,-0.4572877523387467,0.6435416185987911
CART,10,20000,0.19882517258326213,0.00814518928527832,0.0017197411685756377,0.0030242443084716798,0.0006567948006811344,squared_error,20,32,1,"{'criterion': 'squared_error', 'max_depth': 20, 'max_leaf_nodes': 32, 'min_samples_leaf': 1}",-1.017461440699225,-0.1716726355461946,-1.566807339825599,0.2752058609442507,-1.3375731735724816,-0.7843801857197634,-0.2018350433053675,-0.08024639559058655,-0.10586128368280434,0.41775411361030435,-0.4572877523387467,0.6435416185987911,77,-39.459441950309234,-23.493838229771107,-33.64718998093959,-19.166808693590138,-29.106834741769642,-27.123502364109356,-28.619838715394692,-21.108240272652854,-21.72925152134338,-24.304183315643094,-26.77591297855231,5.911105375126664,77,-23.93071103947761,-16.42065597800892,-20.976829230659018,-14.148733540885123,-19.99577580539119,-15.556130930473037,-17.531130044045025,-14.373313978940539,-14.53602752181935,-17.226127565878254,-17.469543563557806,3.073660322331788,73,26.77591297855231,5.911105375126664,17.469543563557806,3.073660322331788,-0.4572877523387467,0.6435416185987911
CART,10,20000,0.19882517258326213,0.007545733451843261,0.0010025056010938413,0.0028852224349975586,0.000640569470742355,squared_error,30,32,1,"{'criterion': 'squared_error', 'max_depth': 30, 'max_leaf_nodes': 32, 'min_samples_leaf': 1}",-1.017461440699225,-0.1716726355461946,-1.566807339825599,0.2752058609442507,-1.3375731735724816,-0.7843801857197634,-0.2018350433053675,-0.08024639559058655,-0.10586128368280434,0.41775411361030435,-0.4572877523387467,0.6435416185987911,77,-39.459441950309234,-23.493838229771107,-33.64718998093959,-19.166808693590138,-29.106834741769642,-27.123502364109356,-28.619838715394692,-21.108240272652854,-21.72925152134338,-24.304183315643094,-26.77591297855231,5.911105375126664,77,-23.93071103947761,-16.42065597800892,-20.976829230659018,-14.148733540885123,-19.99577580539119,-15.556130930473037,-17.531130044045025,-14.373313978940539,-14.53602752181935,-17.226127565878254,-17.469543563557806,3.073660322331788,73,26.77591297855231,5.911105375126664,17.469543563557806,3.073660322331788,-0.4572877523387467,0.6435416185987911
CART,10,20000,0.19882517258326213,0.009343576431274415,0.0012041932331158887,0.0030156612396240235,0.0004947291016890011,squared_error,10,64,1,"{'criterion': 'squared_error', 'max_depth': 10, 'max_leaf_nodes': 64, 'min_samples_leaf': 1}",-1.0218336264676342,-0.250213268363225,-1.4463501162674057,0.1276384581414146,-1.94899146339,-0.6805550115825785,-0.30812595399101883,-0.1878294924120274,-0.380507291228519,0.4143555740011057,-0.5682412191559888,0.6851577010786172,81,-39.502176506692024,-24.268497109850365,-32.848191981527044,-21.027649406250564,-32.6925751355143,-26.322579036880484,-29.8586062458314,-22.134395625024094,-24.278049500214813,-24.375011251863004,-27.730773179964807,5.543511333023885,81,-24.243466952525655,-16.44328764802449,-20.220005271543734,-14.914643467643463,-21.571616926520772,-15.739286499172435,-18.584192916690053,-15.235170586331579,-15.54073616214408,-16.094331527198563,-17.85867379577948,3.019681064568943,81,27.730773179964807,5.543511333023885,17.85867379577948,3.019681064568943,-0.5682412191559888,0.6851577010786172
CART,10,20000,0.19882517258326213,0.01410377025604248,0.0015341464575711144,0.005104613304138183,0.0013189799909902376,squared_error,,64,1,"{'criterion': 'squared_error', 'max_depth': None, 'max_leaf_nodes': 64, 'min_samples_leaf': 1}",-1.0252126058817255,-0.21815301021139932,-1.4463501162674057,0.15789399171041496,-1.9695187472524847,-0.6832173008601945,-0.26433878832934976,-0.27449168550745506,-0.5002383977163294,0.4143555740011057,-0.5809271086314822,0.6894698972251191,82,-39.53517163493186,-23.955307602195976,-32.848191981527044,-20.659787714713186,-32.80616074571027,-26.343420540838636,-29.354621256526286,-22.9276276146589,-25.30897626850966,-24.375011251863004,-27.811427661147484,5.479391909537911,82,-24.129457738225742,-16.182346758848308,-20.220005271543734,-14.611686609686608,-22.074501449405297,-15.637872651084727,-18.134201799021742,-15.72054580896686,-16.94846394935404,-16.094331527198563,-17.975341356333566,2.9901430671284785,83,27.811427661147484,5.479391909537911,17.975341356333566,2.9901430671284785,-0.5809271086314822,0.6894698972251191
CART,10,20000,0.19882517258326213,0.009589409828186036,0.001546878744943786,0.003014802932739258,0.0004894268763579816,squared_error,20,64,1,"{'criterion': 'squared_error', 'max_depth': 20, 'max_leaf_nodes': 64, 'min_samples_leaf': 1}",-1.0252126058817255,-0.21815301021139932,-1.4463501162674057,0.15789399171041496,-1.9695187472524847,-0.6832173008601945,-0.26433878832934976,-0.27449168550745506,-0.5002383977163294,0.4143555740011057,-0.5809271086314822,0.6894698972251191,82,-39.53517163493186,-23.955307602195976,-32.848191981527044,-20.659787714713186,-32.80616074571027,-26.343420540838636,-29.354621256526286,-22.9276276146589,-25.30897626850966,-24.375011251863004,-27.811427661147484,5.479391909537911,82,-24.129457738225742,-16.182346758848308,-20.220005271543734,-14.611686609686608,-22.074501449405297,-15.637872651084727,-18.134201799021742,-15.72054580896686,-16.94846394935404,-16.094331527198563,-17.975341356333566,2.9901430671284785,83,27.811427661147484,5.479391909537911,17.975341356333566,2.9901430671284785,-0.5809271086314822,0.6894698972251191
CART,10,20000,0.19882517258326213,0.008653378486633301,0.00027707290665990737,0.002735400199890137,0.00011196429163098077,squared_error,30,64,1,"{'criterion': 'squared_error', 'max_depth': 30, 'max_leaf_nodes': 64, 'min_samples_leaf': 1}",-1.0252126058817255,-0.21815301021139932,-1.4463501162674057,0.15789399171041496,-1.9695187472524847,-0.6832173008601945,-0.26433878832934976,-0.27449168550745506,-0.5002383977163294,0.4143555740011057,-0.5809271086314822,0.6894698972251191,82,-39.53517163493186,-23.955307602195976,-32.848191981527044,-20.659787714713186,-32.80616074571027,-26.343420540838636,-29.354621256526286,-22.9276276146589,-25.30897626850966,-24.375011251863004,-27.811427661147484,5.479391909537911,82,-24.129457738225742,-16.182346758848308,-20.220005271543734,-14.611686609686608,-22.074501449405297,-15.637872651084727,-18.134201799021742,-15.72054580896686,-16.94846394935404,-16.094331527198563,-17.975341356333566,2.9901430671284785,83,27.811427661147484,5.479391909537911,17.975341356333566,2.9901430671284785,-0.5809271086314822,0.6894698972251191
CART,10,20000,0.19882517258326213,0.009757232666015626,0.0016468561727302276,0.0029884099960327147,0.0006094579473974124,squared_error,10,128,1,"{'criterion': 'squared_error', 'max_depth': 10, 'max_leaf_nodes': 128, 'min_samples_leaf': 1}",-1.0611062623301781,-0.2151792298102635,-1.4921688968630824,0.03774489760580457,-1.8838520747944902,-0.7334385487723905,-0.23556461969488907,-0.22735647668339176,-0.4594743027135073,0.40775972635378976,-0.5862635787702599,0.6733935319260732,85,-39.88398176058338,-23.92604963804203,-33.15437916023614,-22.084500604506236,-32.329490676563864,-26.73352928603016,-29.01866857241882,-22.499661039621213,-24.962763749345182,-24.51188928236432,-27.910491376971134,5.406831845685996,85,-25.11451742701743,-15.712112332112333,-20.712326562326567,-16.283571428571424,-21.49386641549793,-16.468841547912586,-18.586810469859387,-15.3799843358396,-16.295235646148214,-15.858874984664459,-18.190614114994993,3.082877039220951,89,27.910491376971134,5.406831845685996,18.190614114994993,3.082877039220951,-0.5862635787702599,0.6733935319260732
CART,10,20000,0.19882517258326213,0.009331059455871583,0.0014547717440356526,0.0030747175216674803,0.0006939800837260217,friedman_mse,10,64,1,"{'criterion': 'friedman_mse', 'max_depth': 10, 'max_leaf_nodes': 64, 'min_samples_leaf': 1}",-1.0218336264676342,-0.250213268363225,-1.4463501162674057,0.1276384581414146,-1.8400170797633488,-1.0019097495181901,-0.3431965436229345,-0.1878294924120274,-0.380507291228519,0.4143555740011057,-0.5929863135500765,0.6751051266469651,86,-39.502176506692024,-24.268497109850365,-32.848191981527044,-21.027649406250564,-32.0828432026466,-28.729252018435577,-30.256210516823465,-22.134395625024094,-24.278049500214813,-24.375011251863004,-27.950227711932758,5.495532006515129,86,-24.243466952525655,-16.44328764802449,-20.220005271543734,-14.914643467643463,-21.035719490623336,-16.544549657067172,-19.040771864058474,-15.235170586331579,-15.54073616214408,-16.094331527198563,-17.931268262716053,2.924821498707575,82,27.950227711932758,5.495532006515129,17.931268262716053,2.924821498707575,-0.5929863135500765,0.6751051266469651
CART,10,20000,0.19882517258326213,0.009380841255187988,0.0008596051282185717,0.0031205415725708008,0.0006723748550815355,friedman_mse,,64,1,"{'criterion': 'friedman_mse', 'max_depth': None, 'max_leaf_nodes': 64, 'min_samples_leaf': 1}",-1.0252126058817255,-0.2442329136932384,-1.4463501162674057,0.15789399171041496,-1.8605443636258339,-0.8753626571924158,-0.29940937796126565,-0.27449168550745506,-0.5002383977163294,0.4143555740011057,-0.5953592552134148,0.6706600565904041,87,-39.53517163493186,-24.210383745807235,-32.848191981527044,-20.659787714713186,-32.19857981103733,-27.806396019488908,-29.758959945012222,-22.9276276146589,-25.30897626850966,-24.375011251863004,-27.962908598754932,5.400573200558865,87,-24.129457738225742,-16.58362881013036,-20.220005271543734,-14.611686609686608,-21.538604013507857,-15.828223528277709,-18.590780746390166,-15.72054580896686,-16.94846394935404,-16.094331527198563,-18.026572800328164,2.8896185650112396,86,27.962908598754932,5.400573200558865,18.026572800328164,2.8896185650112396,-0.5953592552134148,0.6706600565904041
CART,10,20000,0.19882517258326213,0.009725141525268554,0.0015845382310232083,0.0031437397003173826,0.0006994542609010309,friedman_mse,20,64,1,"{'criterion': 'friedman_mse', 'max_depth': 20, 'max_leaf_nodes': 64, 'min_samples_leaf': 1}",-1.0252126058817255,-0.2442329136932384,-1.4463501162674057,0.15789399171041496,-1.8605443636258339,-0.8753626571924158,-0.29940937796126565,-0.27449168550745506,-0.5002383977163294,0.4143555740011057,-0.5953592552134148,0.6706600565904041,87,-39.53517163493186,-24.210383745807235,-32.848191981527044,-20.659787714713186,-32.19857981103733,-27.806396019488908,-29.758959945012222,-22.9276276146589,-25.30897626850966,-24.375011251863004,-27.962908598754932,5.400573200558865,87,-24.129457738225742,-16.58362881013036,-20.220005271543734,-14.611686609686608,-21.538604013507857,-15.828223528277709,-18.590780746390166,-15.72054580896686,-16.94846394935404,-16.094331527198563,-18.026572800328164,2.8896185650112396,86,27.962908598754932,5.400573200558865,18.026572800328164,2.8896185650112396,-0.5953592552134148,0.6706600565904041
CART,10,20000,0.19882517258326213,0.008921480178833008,0.0006616673935706533,0.0030173063278198242,0.0005926094069057402,friedman_mse,30,64,1,"{'criterion': 'friedman_mse', 'max_depth': 30, 'max_leaf_nodes': 64, 'min_samples_leaf': 1}",-1.0252126058817255,-0.2442329136932384,-1.4463501162674057,0.15789399171041496,-1.8605443636258339,-0.8753626571924158,-0.29940937796126565,-0.27449168550745506,-0.5002383977163294,0.4143555740011057,-0.5953592552134148,0.6706600565904041,87,-39.53517163493186,-24.210383745807235,-32.848191981527044,-20.659787714713186,-32.19857981103733,-27.806396019488908,-29.758959945012222,-22.9276276146589,-25.30897626850966,-24.375011251863004,-27.962908598754932,5.400573200558865,87,-24.129457738225742,-16.58362881013036,-20.220005271543734,-14.611686609686608,-21.538604013507857,-15.828223528277709,-18.590780746390166,-15.72054580896686,-16.94846394935404,-16.094331527198563,-18.026572800328164,2.8896185650112396,86,27.962908598754932,5.400573200558865,18.026572800328164,2.8896185650112396,-0.5953592552134148,0.6706600565904041
CART,10,20000,0.19882517258326213,0.01522376537322998,0.0016871378129644776,0.00429239273071289,0.0008031121410808812,squared_error,,128,1,"{'criterion': 'squared_error', 'max_depth': None, 'max_leaf_nodes': 128, 'min_samples_leaf': 1}",-1.0397729482072786,-0.22833223038021355,-1.5134764766886537,0.14381280188249201,-1.8768463937527549,-0.7227604166531283,-0.22654252755302084,-0.3214310084916736,-0.6479729223702557,0.3899868794340031,-0.6043335242780484,0.6755663966595081,90,-39.67703690810517,-24.05518793491031,-33.295809386022576,-20.831801884266614,-32.29019812388082,-26.651061655947167,-28.912527305937495,-23.346020522011486,-26.525860173581023,-24.876965614711235,-28.046246950937395,5.347579866820718,90,-24.5329242979243,-16.601597581162803,-20.740858678358684,-15.32921855921856,-22.17449124949125,-16.547814459792015,-19.0523973395026,-16.185855263157894,-18.50280701754386,-15.968942526771475,-18.563690697292344,2.9054161089688666,94,28.046246950937395,5.347579866820718,18.563690697292344,2.9054161089688666,-0.6043335242780484,0.6755663966595081
CART,10,20000,0.19882517258326213,0.01047511100769043,0.0012516873213941238,0.0028009653091430665,0.00044425364264278824,squared_error,20,128,1,"{'criterion': 'squared_error', 'max_depth': 20, 'max_leaf_nodes': 128, 'min_samples_leaf': 1}",-1.0397729482072786,-0.22833223038021355,-1.5134764766886537,0.14381280188249201,-1.8768463937527549,-0.7227604166531283,-0.22654252755302084,-0.3214310084916736,-0.6479729223702557,0.3899868794340031,-0.6043335242780484,0.6755663966595081,90,-39.67703690810517,-24.05518793491031,-33.295809386022576,-20.831801884266614,-32.29019812388082,-26.651061655947167,-28.912527305937495,-23.346020522011486,-26.525860173581023,-24.876965614711235,-28.046246950937395,5.347579866820718,90,-24.5329242979243,-16.601597581162803,-20.740858678358684,-15.32921855921856,-22.17449124949125,-16.547814459792015,-19.0523973395026,-16.185855263157894,-18.50280701754386,-15.968942526771475,-18.563690697292344,2.9054161089688666,94,28.046246950937395,5.347579866820718,18.563690697292344,2.9054161089688666,-0.6043335242780484,0.6755663966595081
CART,10,20000,0.19882517258326213,0.010890603065490723,0.0017460048056164494,0.003154277801513672,0.0008152388895485565,squared_error,30,128,1,"{'criterion': 'squared_error', 'max_depth': 30, 'max_leaf_nodes': 128, 'min_samples_leaf': 1}",-1.0397729482072786,-0.22833223038021355,-1.5134764766886537,0.14381280188249201,-1.8768463937527549,-0.7227604166531283,-0.22654252755302084,-0.3214310084916736,-0.6479729223702557,0.3899868794340031,-0.6043335242780484,0.6755663966595081,90,-39.67703690810517,-24.05518793491031,-33.295809386022576,-20.831801884266614,-32.29019812388082,-26.651061655947167,-28.912527305937495,-23.346020522011486,-26.525860173581023,-24.876965614711235,-28.046246950937395,5.347579866820718,90,-24.5329242979243,-16.601597581162803,-20.740858678358684,-15.32921855921856,-22.17449124949125,-16.547814459792015,-19.0523973395026,-16.185855263157894,-18.50280701754386,-15.968942526771475,-18.563690697292344,2.9054161089688666,94,28.046246950937395,5.347579866820718,18.563690697292344,2.9054161089688666,-0.6043335242780484,0.6755663966595081
CART,10,20000,0.19882517258326213,0.012388968467712402,0.0018512310086697212,0.0034985780715942384,0.0007035429812134751,friedman_mse,,128,1,"{'criterion': 'friedman_mse', 'max_depth': None, 'max_leaf_nodes': 128, 'min_samples_leaf': 1}",-1.0612831041778676,-0.3604609819037836,-1.5134764766886537,0.14381280188249201,-1.7831746785013514,-0.8403133595843788,-0.30883809960169795,-0.30219514510002377,-0.5984479531812765,0.3939692983845354,-0.6230407698472006,0.6535780152219152,93,-39.885692736352524,-25.31592939884776,-33.295809386022576,-20.831801884266614,-31.760154402962044,-27.545328823970795,-29.866732673606904,-23.175475422443583,-26.124241516079987,-24.795629066976783,-28.259679531152955,5.3115057352734665,93,-24.620897435897433,-16.850956555521776,-20.740858678358684,-15.32921855921856,-21.407824582824585,-16.67676182821307,-19.95415172546751,-15.945065789473684,-18.123859649122807,-15.683416210982003,-18.53330110150801,2.893880711621855,91,28.259679531152955,5.3115057352734665,18.53330110150801,2.893880711621855,-0.6230407698472006,0.6535780152219152
CART,10,20000,0.19882517258326213,0.010199642181396485,0.0004700545267764493,0.0028544902801513673,0.0001439938951603727,friedman_mse,20,128,1,"{'criterion': 'friedman_mse', 'max_depth': 20, 'max_leaf_nodes': 128, 'min_samples_leaf': 1}",-1.0612831041778676,-0.3604609819037836,-1.5134764766886537,0.14381280188249201,-1.7831746785013514,-0.8403133595843788,-0.30883809960169795,-0.30219514510002377,-0.5984479531812765,0.3939692983845354,-0.6230407698472006,0.6535780152219152,93,-39.885692736352524,-25.31592939884776,-33.295809386022576,-20.831801884266614,-31.760154402962044,-27.545328823970795,-29.866732673606904,-23.175475422443583,-26.124241516079987,-24.795629066976783,-28.259679531152955,5.3115057352734665,93,-24.620897435897433,-16.850956555521776,-20.740858678358684,-15.32921855921856,-21.407824582824585,-16.67676182821307,-19.95415172546751,-15.945065789473684,-18.123859649122807,-15.683416210982003,-18.53330110150801,2.893880711621855,91,28.259679531152955,5.3115057352734665,18.53330110150801,2.893880711621855,-0.6230407698472006,0.6535780152219152
CART,10,20000,0.19882517258326213,0.010233902931213379,0.0007327949721809013,0.002798914909362793,0.0004258897745838782,friedman_mse,30,128,1,"{'criterion': 'friedman_mse', 'max_depth': 30, 'max_leaf_nodes': 128, 'min_samples_leaf': 1}",-1.0612831041778676,-0.3604609819037836,-1.5134764766886537,0.14381280188249201,-1.7831746785013514,-0.8403133595843788,-0.30883809960169795,-0.30219514510002377,-0.5984479531812765,0.3939692983845354,-0.6230407698472006,0.6535780152219152,93,-39.885692736352524,-25.31592939884776,-33.295809386022576,-20.831801884266614,-31.760154402962044,-27.545328823970795,-29.866732673606904,-23.175475422443583,-26.124241516079987,-24.795629066976783,-28.259679531152955,5.3115057352734665,93,-24.620897435897433,-16.850956555521776,-20.740858678358684,-15.32921855921856,-21.407824582824585,-16.67676182821307,-19.95415172546751,-15.945065789473684,-18.123859649122807,-15.683416210982003,-18.53330110150801,2.893880711621855,91,28.259679531152955,5.3115057352734665,18.53330110150801,2.893880711621855,-0.6230407698472006,0.6535780152219152
CART,10,20000,0.19882517258326213,0.009933018684387207,0.0016276455258080673,0.0033067941665649416,0.0009637333972090428,friedman_mse,10,128,1,"{'criterion': 'friedman_mse', 'max_depth': 10, 'max_leaf_nodes': 128, 'min_samples_leaf': 1}",-1.0545320964274985,-0.3238900281695991,-1.4921688968630824,0.03474134124533246,-1.8067533421802167,-1.092483224446441,-0.32850710243643744,-0.22735647668339176,-0.4674868549767581,0.40775972635378976,-0.6350676954584302,0.6643722574868174,96,-39.8203233905088,-24.973348973943384,-33.15437916023614,-22.11894072385267,-31.8944044420604,-29.371969204143216,-30.09031199100281,-22.499661039621213,-25.031193072588465,-24.51188928236432,-28.34664212803214,5.30552623103955,96,-24.678619991119987,-16.142881562881566,-20.712326562326567,-16.44639194139194,-21.025276671908184,-17.23331523212311,-19.69338941722781,-15.3799843358396,-16.211025119832424,-15.858874984664459,-18.33820858193156,2.8971782570926288,90,28.34664212803214,5.30552623103955,18.33820858193156,2.8971782570926288,-0.6350676954584302,0.6643722574868174
