{"type":"FeatureCollection","features":[{"type":"Feature","geometry":{"type":"Point","coordinates":[-7.367946575549709,41.434881104335055]},"id":"00000000000000000052","properties":{"CaCO3":"NA","CaCO3__20_":"","Depth":"0-20 cm","EC":2.36,"Elev":561,"K":34.0,"LC":"A22","LC0_Desc":"Artificial land","LC1_Desc":"Non built-up linear features","LU":"U312","LU1_Desc":"Road transport","N":1.9,"NUTS_0":"PT","NUTS_1":"PT1","NUTS_2":"PT11","NUTS_3":"PT11E","OC":17.2,"OC__20_30_":"","Ox_Al":0.0,"Ox_Fe":0.0,"P":"< LOD","POINTID":28782204,"POINTID_1":28782204,"TH_LAT":41.43488001,"TH_LONG":-7.367945628,"pH_CaCl2":4.2,"pH_H2O":5.53}},{"type":"Feature","geometry":{"type":"Point","coordinates":[-7.989259879932643,37.220232429740136]},"id":"0000000000000000007e","properties":{"CaCO3":"NA","CaCO3__20_":"","Depth":"0-20 cm","EC":3.54,"Elev":267,"K":61.7,"LC":"D10","LC0_Desc":"Shrubland","LC1_Desc":"Shrubland with sparse tree cover","LU":"U414","LU1_Desc":"Abandoned residential areas","N":1.4,"NUTS_0":"PT","NUTS_1":"PT1","NUTS_2":"PT15","NUTS_3":"PT150","OC":21.6,"OC__20_30_":"","Ox_Al":0.0,"Ox_Fe":0.0,"P":"< LOD","POINTID":27281760,"POINTID_1":27281760,"TH_LAT":37.22023173,"TH_LONG":-7.98926198,"pH_CaCl2":4.7,"pH_H2O":5.66}},{"type":"Feature","geometry":{"type":"Point","coordinates":[-7.983146452388372,41.6009647821717]},"id":"00000000000000000004","properties":{"CaCO3":"NA","CaCO3__20_":"","Depth":"0-10 cm","EC":3.73,"Elev":1238,"K":34.0,"LC":"D20","LC0_Desc":"Shrubland","LC1_Desc":"Shrubland without tree cover","LU":"U210","LU1_Desc":"Energy production","N":2.9,"NUTS_0":"PT","NUTS_1":"PT1","NUTS_2":"PT11","NUTS_3":"PT119","OC":40.7,"OC__20_30_":"","Ox_Al":0.0,"Ox_Fe":0.0,"P":"< LOD","POINTID":28322234,"POINTID_1":28322234,"TH_LAT":41.60096343,"TH_LONG":-7.983146225,"pH_CaCl2":4.3,"pH_H2O":5.06}},{"type":"Feature","geometry":{"type":"Point","coordinates":[-8.211523771941653,40.967901746512936]},"id":"00000000000000000019","properties":{"CaCO3":"NA","CaCO3__20_":"NA","Depth":"0-20 cm","EC":14.02,"Elev":421,"K":62.6,"LC":"B44","LC0_Desc":"Cropland","LC1_Desc":"Floriculture and ornamental plants","LU":"U370","LU1_Desc":"Residential","N":4.9,"NUTS_0":"PT","NUTS_1":"PT1","NUTS_2":"PT11","NUTS_3":"PT11A","OC":63.9,"OC__20_30_":"56","Ox_Al":0.0,"Ox_Fe":0.0,"P":"157.7","POINTID":27982170,"POINTID_1":27982170,"TH_LAT":40.96790225,"TH_LONG":-8.211525863,"pH_CaCl2":5.0,"pH_H2O":5.58}},{"type":"Feature","geometry":{"type":"Point","coordinates":[-7.108324334914929,40.688115450914474]},"id":"000000000000000000fc","properties":{"CaCO3":"NA","CaCO3__20_":"1","Depth":"0-20 cm","EC":6.07,"Elev":690,"K":374.6,"LC":"B16","LC0_Desc":"Cropland","LC1_Desc":"Maize","LU":"U111","LU1_Desc":"Agriculture (excluding fallow land and kitchen gardens)","N":1.1,"NUTS_0":"PT","NUTS_1":"PT1","NUTS_2":"PT16","NUTS_3":"PT16J","OC":12.0,"OC__20_30_":"5.4","Ox_Al":0.0,"Ox_Fe":0.0,"P":"37.2","POINTID":28822118,"POINTID_1":28822118,"TH_LAT":40.68811571,"TH_LONG":-7.108326512,"pH_CaCl2":4.9,"pH_H2O":5.6}},{"type":"Feature","geometry":{"type":"Point","coordinates":[-7.644972687596088,37.93306878324505]},"id":"0000000000000000016a","properties":{"CaCO3":"18","CaCO3__20_":"23","Depth":"0-20 cm","EC":18.93,"Elev":199,"K":442.8,"LC":"B32","LC0_Desc":"Cropland","LC1_Desc":"Rape and turnip rape","LU":"U111","LU1_Desc":"Agriculture (excluding fallow land and kitchen gardens)","N":1.2,"NUTS_0":"PT","NUTS_1":"PT1","NUTS_2":"PT18","NUTS_3":"PT184","OC":14.4,"OC__20_30_":"13.3","Ox_Al":2.8,"Ox_Fe":1.5,"P":"< LOD","POINTID":27741830,"POINTID_1":27741830,"TH_LAT":37.93306867,"TH_LONG":-7.644974287,"pH_CaCl2":7.2,"pH_H2O":7.88}},{"type":"Feature","geometry":{"type":"Point","coordinates":[-8.225788436211628,37.155735992103104]},"id":"00000000000000000079","properties":{"CaCO3":"577","CaCO3__20_":"627","Depth":"0-20 cm","EC":16.61,"Elev":182,"K":360.2,"LC":"B74","LC0_Desc":"Cropland","LC1_Desc":"Nuts trees","LU":"U111","LU1_Desc":"Agriculture (excluding fallow land and kitchen gardens)","N":1.8,"NUTS_0":"PT","NUTS_1":"PT1","NUTS_2":"PT15","NUTS_3":"PT150","OC":21.1,"OC__20_30_":"16.3","Ox_Al":0.0,"Ox_Fe":0.0,"P":"< LOD","POINTID":27061758,"POINTID_1":27061758,"TH_LAT":37.15573516,"TH_LONG":-8.225788031,"pH_CaCl2":7.0,"pH_H2O":7.78}},{"type":"Feature","geometry":{"type":"Point","coordinates":[-8.028477673697699,37.194146688577476]},"id":"0000000000000000007d","properties":{"CaCO3":"613","CaCO3__20_":"591","Depth":"0-20 cm","EC":16.49,"Elev":197,"K":227.9,"LC":"B81","LC0_Desc":"Cropland","LC1_Desc":"Olive groves","LU":"U111","LU1_Desc":"Agriculture (excluding fallow land and kitchen gardens)","N":1.9,"NUTS_0":"PT","NUTS_1":"PT1","NUTS_2":"PT15","NUTS_3":"PT150","OC":20.7,"OC__20_30_":"18","Ox_Al":0.5,"Ox_Fe":2.1,"P":"< LOD","POINTID":27241758,"POINTID_1":27241758,"TH_LAT":37.1941453,"TH_LONG":-8.02847573,"pH_CaCl2":7.0,"pH_H2O":7.65}},{"type":"Feature","geometry":{"type":"Point","coordinates":[-7.917530780386914,37.12302848587607]},"id":"0000000000000000007f","properties":{"CaCO3":"334","CaCO3__20_":"429","Depth":"0-20 cm","EC":21.8,"Elev":257,"K":608.7,"LC":"B81","LC0_Desc":"Cropland","LC1_Desc":"Olive groves","LU":"U111","LU1_Desc":"Agriculture (excluding fallow land and kitchen gardens)","N":3.6,"NUTS_0":"PT","NUTS_1":"PT1","NUTS_2":"PT15","NUTS_3":"PT150","OC":57.2,"OC__20_30_":"30.3","Ox_Al":0.7,"Ox_Fe":0.9,"P":"< LOD","POINTID":27321748,"POINTID_1":27321748,"TH_LAT":37.12302697,"TH_LONG":-7.917530136,"pH_CaCl2":6.9,"pH_H2O":7.35}},{"type":"Feature","geometry":{"type":"Point","coordinates":[-8.781343377359395,39.54593455247853]},"id":"00000000000000000095","properties":{"CaCO3":"280","CaCO3__20_":"309","Depth":"0-20 cm","EC":25.1,"Elev":360,"K":417.6,"LC":"B81","LC0_Desc":"Cropland","LC1_Desc":"Olive groves","LU":"U111","LU1_Desc":"Agriculture (excluding fallow land and kitchen gardens)","N":3.5,"NUTS_0":"PT","NUTS_1":"PT1","NUTS_2":"PT16","NUTS_3":"PT16F","OC":34.1,"OC__20_30_":"25","Ox_Al":0.0,"Ox_Fe":0.0,"P":"< LOD","POINTID":27162028,"POINTID_1":27162028,"TH_LAT":39.54593442,"TH_LONG":-8.781341154,"pH_CaCl2":7.0,"pH_H2O":7.33}},{"type":"Feature","geometry":{"type":"Point","coordinates":[-8.795563450618834,39.432075866179844]},"id":"00000000000000000127","properties":{"CaCO3":"19","CaCO3__20_":"19","Depth":"0-20 cm","EC":15.43,"Elev":158,"K":121.3,"LC":"B81","LC0_Desc":"Cropland","LC1_Desc":"Olive groves","LU":"U111","LU1_Desc":"Agriculture (excluding fallow land and kitchen gardens)","N":1.5,"NUTS_0":"PT","NUTS_1":"PT1","NUTS_2":"PT18","NUTS_3":"PT185","OC":14.5,"OC__20_30_":"13.7","Ox_Al":0.0,"Ox_Fe":0.0,"P":"< LOD","POINTID":27122016,"POINTID_1":27122016,"TH_LAT":39.43207414,"TH_LONG":-8.795564111,"pH_CaCl2":7.0,"pH_H2O":7.6}},{"type":"Feature","geometry":{"type":"Point","coordinates":[-8.561772782386665,40.347114616054306]},"id":"000000000000000000a7","properties":{"CaCO3":"467","CaCO3__20_":"384","Depth":"0-20 cm","EC":16.44,"Elev":135,"K":230.9,"LC":"B82","LC0_Desc":"Cropland","LC1_Desc":"Vineyards","LU":"U111","LU1_Desc":"Agriculture (excluding fallow land and kitchen gardens)","N":1.0,"NUTS_0":"PT","NUTS_1":"PT1","NUTS_2":"PT16","NUTS_3":"PT16E","OC":7.2,"OC__20_30_":"20.6","Ox_Al":5.6,"Ox_Fe":3.3,"P":"< LOD","POINTID":27542110,"POINTID_1":27542110,"TH_LAT":40.34711342,"TH_LONG":-8.561770601,"pH_CaCl2":7.5,"pH_H2O":8.35}},{"type":"Feature","geometry":{"type":"Point","coordinates":[-8.48101400320771,37.160966517638784]},"id":"00000000000000000078","properties":{"CaCO3":"124","CaCO3__20_":"126","Depth":"0-20 cm","EC":23.3,"Elev":66,"K":643.7,"LC":"B84","LC0_Desc":"Cropland","LC1_Desc":"Permanent industrial crops","LU":"U111","LU1_Desc":"Agriculture (excluding fallow land and kitchen gardens)","N":3.5,"NUTS_0":"PT","NUTS_1":"PT1","NUTS_2":"PT15","NUTS_3":"PT150","OC":48.9,"OC__20_30_":"36.7","Ox_Al":1.2,"Ox_Fe":2.2,"P":"< LOD","POINTID":26841764,"POINTID_1":26841764,"TH_LAT":37.16096582,"TH_LONG":-8.481015615,"pH_CaCl2":7.1,"pH_H2O":7.79}},{"type":"Feature","geometry":{"type":"Point","coordinates":[-8.172595819745073,38.49848279682198]},"id":"00000000000000000148","properties":{"CaCO3":"36","CaCO3__20_":"44","Depth":"0-20 cm","EC":39.8,"Elev":248,"K":45.0,"LC":"E20","LC0_Desc":"Grassland","LC1_Desc":"Grassland without tree/shrub cover","LU":"U111","LU1_Desc":"Agriculture (excluding fallow land and kitchen gardens)","N":0.6,"NUTS_0":"PT","NUTS_1":"PT1","NUTS_2":"PT18","NUTS_3":"PT187","OC":7.7,"OC__20_30_":"8.1","Ox_Al":0.0,"Ox_Fe":0.0,"P":"< LOD","POINTID":27421902,"POINTID_1":27421902,"TH_LAT":38.49848408,"TH_LONG":-8.172593972,"pH_CaCl2":7.1,"pH_H2O":7.44}},{"type":"Feature","geometry":{"type":"Point","coordinates":[-8.630848716805597,37.70546288817401]},"id":"00000000000000000113","properties":{"CaCO3":"NA","CaCO3__20_":"","Depth":"0-20 cm","EC":5.2,"Elev":185,"K":49.3,"LC":"B11","LC0_Desc":"Cropland","LC1_Desc":"Common wheat","LU":"U111","LU1_Desc":"Agriculture (excluding fallow land and kitchen gardens)","N":1.7,"NUTS_0":"PT","NUTS_1":"PT1","NUTS_2":"PT18","NUTS_3":"PT181","OC":15.5,"OC__20_30_":"","Ox_Al":1.2,"Ox_Fe":4.0,"P":"10.8","POINTID":26841826,"POINTID_1":26841826,"TH_LAT":37.70546324,"TH_LONG":-8.630849544,"pH_CaCl2":4.7,"pH_H2O":5.46}},{"type":"Feature","geometry":{"type":"Point","coordinates":[-8.202449501297894,38.01172732582784]},"id":"00000000000000000138","properties":{"CaCO3":"NA","CaCO3__20_":"","Depth":"0-20 cm","EC":6.23,"Elev":149,"K":63.3,"LC":"B11","LC0_Desc":"Cropland","LC1_Desc":"Common wheat","LU":"U111","LU1_Desc":"Agriculture (excluding fallow land and kitchen gardens)","N":1.6,"NUTS_0":"PT","NUTS_1":"PT1","NUTS_2":"PT18","NUTS_3":"PT184","OC":24.0,"OC__20_30_":"","Ox_Al":0.0,"Ox_Fe":0.0,"P":"20","POINTID":27281850,"POINTID_1":27281850,"TH_LAT":38.01172717,"TH_LONG":-8.202449758,"pH_CaCl2":5.1,"pH_H2O":5.78}},{"type":"Feature","geometry":{"type":"Point","coordinates":[-7.983712758222157,37.979822457790426]},"id":"00000000000000000002","properties":{"CaCO3":"NA","CaCO3__20_":"","Depth":"0-10 cm","EC":5.83,"Elev":216,"K":140.0,"LC":"B13","LC0_Desc":"Cropland","LC1_Desc":"Barley","LU":"U111","LU1_Desc":"Agriculture (excluding fallow land and kitchen gardens)","N":0.7,"NUTS_0":"PT","NUTS_1":"PT1","NUTS_2":"PT18","NUTS_3":"PT184","OC":9.7,"OC__20_30_":"","Ox_Al":0.0,"Ox_Fe":0.0,"P":"52.7","POINTID":27461842,"POINTID_1":27461842,"TH_LAT":37.97982158,"TH_LONG":-7.983712405,"pH_CaCl2":6.2,"pH_H2O":6.9}},{"type":"Feature","geometry":{"type":"Point","coordinates":[-8.318925679914953,37.841024019299816]},"id":"00000000000000000128","properties":{"CaCO3":"NA","CaCO3__20_":"","Depth":"0-20 cm","EC":12.89,"Elev":179,"K":126.5,"LC":"B13","LC0_Desc":"Cropland","LC1_Desc":"Barley","LU":"U111","LU1_Desc":"Agriculture (excluding fallow land and kitchen gardens)","N":1.2,"NUTS_0":"PT","NUTS_1":"PT1","NUTS_2":"PT18","NUTS_3":"PT184","OC":9.8,"OC__20_30_":"","Ox_Al":0.0,"Ox_Fe":0.0,"P":"18.9","POINTID":27141834,"POINTID_1":27141834,"TH_LAT":37.84102488,"TH_LONG":-8.318924201,"pH_CaCl2":5.0,"pH_H2O":5.54}},{"type":"Feature","geometry":{"type":"Point","coordinates":[-7.560878500829154,37.96728792472919]},"id":"00000000000000000173","properties":{"CaCO3":"NA","CaCO3__20_":"","Depth":"0-20 cm","EC":8.29,"Elev":221,"K":188.5,"LC":"B13","LC0_Desc":"Cropland","LC1_Desc":"Barley","LU":"U111","LU1_Desc":"Agriculture (excluding fallow land and kitchen gardens)","N":0.9,"NUTS_0":"PT","NUTS_1":"PT1","NUTS_2":"PT18","NUTS_3":"PT184","OC":8.0,"OC__20_30_":"","Ox_Al":0.0,"Ox_Fe":0.0,"P":"30.3","POINTID":27821832,"POINTID_1":27821832,"TH_LAT":37.96728984,"TH_LONG":-7.560880299,"pH_CaCl2":6.1,"pH_H2O":6.85}},{"type":"Feature","geometry":{"type":"Point","coordinates":[-7.531403842865875,38.12060073714877]},"id":"0000000000000000017b","properties":{"CaCO3":"147","CaCO3__20_":"","Depth":"0-20 cm","EC":16.57,"Elev":222,"K":174.6,"LC":"B13","LC0_Desc":"Cropland","LC1_Desc":"Barley","LU":"U111","LU1_Desc":"Agriculture (excluding fallow land and kitchen gardens)","N":0.7,"NUTS_0":"PT","NUTS_1":"PT1","NUTS_2":"PT18","NUTS_3":"PT184","OC":9.0,"OC__20_30_":"","Ox_Al":0.0,"Ox_Fe":0.0,"P":"< LOD","POINTID":27881848,"POINTID_1":27881848,"TH_LAT":38.12060219,"TH_LONG":-7.53140522,"pH_CaCl2":7.3,"pH_H2O":8.14}},{"type":"Feature","geometry":{"type":"Point","coordinates":[-6.790724862383246,41.82959181138398]},"id":"0000000000000000006a","properties":{"CaCO3":"NA","CaCO3__20_":"","Depth":"0-20 cm","EC":2.77,"Elev":786,"K":28.4,"LC":"B14","LC0_Desc":"Cropland","LC1_Desc":"Rye","LU":"U111","LU1_Desc":"Agriculture (excluding fallow land and kitchen gardens)","N":0.7,"NUTS_0":"PT","NUTS_1":"PT1","NUTS_2":"PT11","NUTS_3":"PT11E","OC":7.3,"OC__20_30_":"","Ox_Al":0.4,"Ox_Fe":1.7,"P":"27.7","POINTID":29342236,"POINTID_1":29342236,"TH_LAT":41.82959097,"TH_LONG":-6.790723619,"pH_CaCl2":5.3,"pH_H2O":6.46}},{"type":"Feature","geometry":{"type":"Point","coordinates":[-7.19590553870566,40.65425303751461]},"id":"000000000000000000f4","properties":{"CaCO3":"NA","CaCO3__20_":"","Depth":"0-20 cm","EC":11.27,"Elev":821,"K":82.3,"LC":"B14","LC0_Desc":"Cropland","LC1_Desc":"Rye","LU":"U111","LU1_Desc":"Agriculture (excluding fallow land and kitchen gardens)","N":1.6,"NUTS_0":"PT","NUTS_1":"PT1","NUTS_2":"PT16","NUTS_3":"PT16J","OC":17.5,"OC__20_30_":"","Ox_Al":0.6,"Ox_Fe":1.3,"P":"36.6","POINTID":28742116,"POINTID_1":28742116,"TH_LAT":40.65425184,"TH_LONG":-7.195904483,"pH_CaCl2":4.4,"pH_H2O":5.0}},{"type":"Feature","geometry":{"type":"Point","coordinates":[-6.857767446721806,40.658123537228995]},"id":"00000000000000000102","properties":{"CaCO3":"NA","CaCO3__20_":"","Depth":"0-20 cm","EC":2.84,"Elev":837,"K":41.0,"LC":"B14","LC0_Desc":"Cropland","LC1_Desc":"Rye","LU":"U111","LU1_Desc":"Agriculture (excluding fallow land and kitchen gardens)","N":0.9,"NUTS_0":"PT","NUTS_1":"PT1","NUTS_2":"PT16","NUTS_3":"PT16J","OC":8.0,"OC__20_30_":"","Ox_Al":0.6,"Ox_Fe":1.7,"P":"15.3","POINTID":29022110,"POINTID_1":29022110,"TH_LAT":40.65812421,"TH_LONG":-6.857765868,"pH_CaCl2":4.9,"pH_H2O":6.05}},{"type":"Feature","geometry":{"type":"Point","coordinates":[-8.702020428719647,37.87653630008947]},"id":"00000000000000000112","properties":{"CaCO3":"NA","CaCO3__20_":"","Depth":"0-20 cm","EC":10.21,"Elev":210,"K":59.1,"LC":"B15","LC0_Desc":"Cropland","LC1_Desc":"Oats","LU":"U111","LU1_Desc":"Agriculture (excluding fallow land and kitchen gardens)","N":2.4,"NUTS_0":"PT","NUTS_1":"PT1","NUTS_2":"PT18","NUTS_3":"PT181","OC":20.7,"OC__20_30_":"","Ox_Al":0.0,"Ox_Fe":0.0,"P":"< LOD","POINTID":26821846,"POINTID_1":26821846,"TH_LAT":37.87653787,"TH_LONG":-8.702020387,"pH_CaCl2":5.0,"pH_H2O":5.53}},{"type":"Feature","geometry":{"type":"Point","coordinates":[-8.440962357545658,39.44562261518021]},"id":"0000000000000000014b","properties":{"CaCO3":"NA","CaCO3__20_":"","Depth":"0-20 cm","EC":19.46,"Elev":74,"K":217.0,"LC":"B15","LC0_Desc":"Cropland","LC1_Desc":"Oats","LU":"U111","LU1_Desc":"Agriculture (excluding fallow land and kitchen gardens)","N":1.3,"NUTS_0":"PT","NUTS_1":"PT1","NUTS_2":"PT18","NUTS_3":"PT185","OC":10.6,"OC__20_30_":"","Ox_Al":0.6,"Ox_Fe":2.5,"P":"25.4","POINTID":27422010,"POINTID_1":27422010,"TH_LAT":39.44562452,"TH_LONG":-8.440962163,"pH_CaCl2":6.8,"pH_H2O":7.33}},{"type":"Feature","geometry":{"type":"Point","coordinates":[-7.400868118627301,37.978542695788086]},"id":"00000000000000000187","properties":{"CaCO3":"NA","CaCO3__20_":"","Depth":"0-20 cm","EC":7.29,"Elev":257,"K":111.5,"LC":"B15","LC0_Desc":"Cropland","LC1_Desc":"Oats","LU":"U111","LU1_Desc":"Agriculture (excluding fallow land and kitchen gardens)","N":1.0,"NUTS_0":"PT","NUTS_1":"PT1","NUTS_2":"PT18","NUTS_3":"PT184","OC":11.4,"OC__20_30_":"","Ox_Al":0.5,"Ox_Fe":0.4,"P":"17.3","POINTID":27961830,"POINTID_1":27961830,"TH_LAT":37.97854304,"TH_LONG":-7.400866372,"pH_CaCl2":6.0,"pH_H2O":6.64}},{"type":"Feature","geometry":{"type":"Point","coordinates":[-8.671065349206625,41.26925225480586]},"id":"00000000000000000009","properties":{"CaCO3":"NA","CaCO3__20_":"","Depth":"0-20 cm","EC":21.34,"Elev":112,"K":107.6,"LC":"B16","LC0_Desc":"Cropland","LC1_Desc":"Maize","LU":"U111","LU1_Desc":"Agriculture (excluding fallow land and kitchen gardens)","N":2.2,"NUTS_0":"PT","NUTS_1":"PT1","NUTS_2":"PT11","NUTS_3":"PT11A","OC":18.2,"OC__20_30_":"","Ox_Al":0.0,"Ox_Fe":0.0,"P":"31.3","POINTID":27682212,"POINTID_1":27682212,"TH_LAT":41.26925031,"TH_LONG":-8.671064479,"pH_CaCl2":4.6,"pH_H2O":5.15}},{"type":"Feature","geometry":{"type":"Point","coordinates":[-7.287754102204537,41.41215752536669]},"id":"00000000000000000055","properties":{"CaCO3":"NA","CaCO3__20_":"","Depth":"0-20 cm","EC":5.35,"Elev":423,"K":148.0,"LC":"B16","LC0_Desc":"Cropland","LC1_Desc":"Maize","LU":"U111","LU1_Desc":"Agriculture (excluding fallow land and kitchen gardens)","N":2.1,"NUTS_0":"PT","NUTS_1":"PT1","NUTS_2":"PT11","NUTS_3":"PT11E","OC":16.5,"OC__20_30_":"","Ox_Al":0.0,"Ox_Fe":0.0,"P":"31.1","POINTID":28842200,"POINTID_1":28842200,"TH_LAT":41.41215899,"TH_LONG":-7.287754038,"pH_CaCl2":4.9,"pH_H2O":5.99}},{"type":"Feature","geometry":{"type":"Point","coordinates":[-7.405764211583985,40.1927137829777]},"id":"000000000000000000e2","properties":{"CaCO3":"NA","CaCO3__20_":"","Depth":"0-20 cm","EC":5.83,"Elev":506,"K":45.6,"LC":"B16","LC0_Desc":"Cropland","LC1_Desc":"Maize","LU":"U111","LU1_Desc":"Agriculture (excluding fallow land and kitchen gardens)","N":1.0,"NUTS_0":"PT","NUTS_1":"PT1","NUTS_2":"PT16","NUTS_3":"PT16J","OC":6.4,"OC__20_30_":"","Ox_Al":0.4,"Ox_Fe":1.9,"P":"< LOD","POINTID":28462070,"POINTID_1":28462070,"TH_LAT":40.19271441,"TH_LONG":-7.405762148,"pH_CaCl2":5.2,"pH_H2O":6.51}},{"type":"Feature","geometry":{"type":"Point","coordinates":[-8.43083127995223,39.410582999102225]},"id":"0000000000000000014a","properties":{"CaCO3":"NA","CaCO3__20_":"","Depth":"0-20 cm","EC":10.79,"Elev":78,"K":43.9,"LC":"B16","LC0_Desc":"Cropland","LC1_Desc":"Maize","LU":"U111","LU1_Desc":"Agriculture (excluding fallow land and kitchen gardens)","N":0.7,"NUTS_0":"PT","NUTS_1":"PT1","NUTS_2":"PT18","NUTS_3":"PT185","OC":5.1,"OC__20_30_":"","Ox_Al":0.0,"Ox_Fe":0.0,"P":"32.4","POINTID":27422006,"POINTID_1":27422006,"TH_LAT":39.41058515,"TH_LONG":-8.430829259,"pH_CaCl2":5.3,"pH_H2O":5.92}},{"type":"Feature","geometry":{"type":"Point","coordinates":[-8.92555516452889,38.73964881819655]},"id":"00000000000000000109","properties":{"CaCO3":"NA","CaCO3__20_":"","Depth":"0-20 cm","EC":10.18,"Elev":57,"K":36.7,"LC":"B21","LC0_Desc":"Cropland","LC1_Desc":"Potatoes","LU":"U111","LU1_Desc":"Agriculture (excluding fallow land and kitchen gardens)","N":0.6,"NUTS_0":"PT","NUTS_1":"PT1","NUTS_2":"PT17","NUTS_3":"PT170","OC":4.3,"OC__20_30_":"","Ox_Al":0.0,"Ox_Fe":0.0,"P":"60.4","POINTID":26841944,"POINTID_1":26841944,"TH_LAT":38.73964766,"TH_LONG":-8.925556639,"pH_CaCl2":4.6,"pH_H2O":4.87}},{"type":"Feature","geometry":{"type":"Point","coordinates":[-8.685026794604966,38.9725030752075]},"id":"00000000000000000126","properties":{"CaCO3":"NA","CaCO3__20_":"","Depth":"0-20 cm","EC":9.41,"Elev":93,"K":30.4,"LC":"B21","LC0_Desc":"Cropland","LC1_Desc":"Potatoes","LU":"U111","LU1_Desc":"Agriculture (excluding fallow land and kitchen gardens)","N":0.4,"NUTS_0":"PT","NUTS_1":"PT1","NUTS_2":"PT18","NUTS_3":"PT185","OC":2.6,"OC__20_30_":"","Ox_Al":0.0,"Ox_Fe":0.0,"P":"41.7","POINTID":27101964,"POINTID_1":27101964,"TH_LAT":38.97250221,"TH_LONG":-8.685027762,"pH_CaCl2":5.9,"pH_H2O":6.37}},{"type":"Feature","geometry":{"type":"Point","coordinates":[-7.956784246960397,37.96647190923641]},"id":"00000000000000000150","properties":{"CaCO3":"1","CaCO3__20_":"","Depth":"0-20 cm","EC":9.09,"Elev":231,"K":95.6,"LC":"B31","LC0_Desc":"Cropland","LC1_Desc":"Sunflower","LU":"U111","LU1_Desc":"Agriculture (excluding fallow land and kitchen gardens)","N":1.0,"NUTS_0":"PT","NUTS_1":"PT1","NUTS_2":"PT18","NUTS_3":"PT184","OC":7.6,"OC__20_30_":"","Ox_Al":0.0,"Ox_Fe":0.0,"P":"24.7","POINTID":27481840,"POINTID_1":27481840,"TH_LAT":37.96647333,"TH_LONG":-7.956786288,"pH_CaCl2":5.3,"pH_H2O":6.14}},{"type":"Feature","geometry":{"type":"Point","coordinates":[-7.848539568887999,38.68952852235582]},"id":"0000000000000000016e","properties":{"CaCO3":"NA","CaCO3__20_":"","Depth":"0-20 cm","EC":4.56,"Elev":341,"K":65.7,"LC":"B53","LC0_Desc":"Cropland","LC1_Desc":"Other Leguminous  and mixtures for fodder","LU":"U111","LU1_Desc":"Agriculture (excluding fallow land and kitchen gardens)","N":0.9,"NUTS_0":"PT","NUTS_1":"PT1","NUTS_2":"PT18","NUTS_3":"PT187","OC":8.3,"OC__20_30_":"","Ox_Al":0.0,"Ox_Fe":0.0,"P":"16.7","POINTID":27741916,"POINTID_1":27741916,"TH_LAT":38.68952858,"TH_LONG":-7.848538492,"pH_CaCl2":5.4,"pH_H2O":6.2}},{"type":"Feature","geometry":{"type":"Point","coordinates":[-8.667761155326025,41.41779382909826]},"id":"0000000000000000000b","properties":{"CaCO3":"<  LOD","CaCO3__20_":"","Depth":"0-20 cm","EC":13.6,"Elev":106,"K":382.65,"LC":"B55","LC0_Desc":"Cropland","LC1_Desc":"Temporary grassland","LU":"U111","LU1_Desc":"Agriculture (excluding fallow land and kitchen gardens)","N":3.75,"NUTS_0":"PT","NUTS_1":"PT1","NUTS_2":"PT11","NUTS_3":"PT11A","OC":41.6,"OC__20_30_":"","Ox_Al":0.0,"Ox_Fe":0.0,"P":"119.9","POINTID":27722228,"POINTID_1":27722228,"TH_LAT":41.41779435,"TH_LONG":-8.667760969,"pH_CaCl2":5.0,"pH_H2O":5.85}},{"type":"Feature","geometry":{"type":"Point","coordinates":[-7.159603997029558,39.99700383774195]},"id":"000000000000000000ea","properties":{"CaCO3":"NA","CaCO3__20_":"","Depth":"0-20 cm","EC":3.35,"Elev":326,"K":39.6,"LC":"B55","LC0_Desc":"Cropland","LC1_Desc":"Temporary grassland","LU":"U111","LU1_Desc":"Agriculture (excluding fallow land and kitchen gardens)","N":2.1,"NUTS_0":"PT","NUTS_1":"PT1","NUTS_2":"PT16","NUTS_3":"PT16H","OC":14.3,"OC__20_30_":"","Ox_Al":0.0,"Ox_Fe":0.0,"P":"17.8","POINTID":28622044,"POINTID_1":28622044,"TH_LAT":39.99700588,"TH_LONG":-7.159603289,"pH_CaCl2":4.8,"pH_H2O":5.79}},{"type":"Feature","geometry":{"type":"Point","coordinates":[-7.154565212839163,40.67997759149194]},"id":"000000000000000000f8","properties":{"CaCO3":"NA","CaCO3__20_":"","Depth":"0-20 cm","EC":5.56,"Elev":788,"K":177.1,"LC":"B55","LC0_Desc":"Cropland","LC1_Desc":"Temporary grassland","LU":"U111","LU1_Desc":"Agriculture (excluding fallow land and kitchen gardens)","N":0.7,"NUTS_0":"PT","NUTS_1":"PT1","NUTS_2":"PT16","NUTS_3":"PT16J","OC":4.9,"OC__20_30_":"","Ox_Al":0.0,"Ox_Fe":0.0,"P":"40.8","POINTID":28782118,"POINTID_1":28782118,"TH_LAT":40.67997882,"TH_LONG":-7.154566217,"pH_CaCl2":5.6,"pH_H2O":6.38}},{"type":"Feature","geometry":{"type":"Point","coordinates":[-8.721555750434794,39.26150633268343]},"id":"00000000000000000129","properties":{"CaCO3":"NA","CaCO3__20_":"","Depth":"0-20 cm","EC":4.54,"Elev":103,"K":88.9,"LC":"B55","LC0_Desc":"Cropland","LC1_Desc":"Temporary grassland","LU":"U111","LU1_Desc":"Agriculture (excluding fallow land and kitchen gardens)","N":1.1,"NUTS_0":"PT","NUTS_1":"PT1","NUTS_2":"PT18","NUTS_3":"PT185","OC":8.2,"OC__20_30_":"","Ox_Al":0.0,"Ox_Fe":0.0,"P":"< LOD","POINTID":27141996,"POINTID_1":27141996,"TH_LAT":39.26150549,"TH_LONG":-8.721555462,"pH_CaCl2":5.8,"pH_H2O":6.6}},{"type":"Feature","geometry":{"type":"Point","coordinates":[-7.354368612841968,39.131857969554495]},"id":"000000000000000001a3","properties":{"CaCO3":"NA","CaCO3__20_":"","Depth":"0-20 cm","EC":7.45,"Elev":380,"K":102.7,"LC":"B55","LC0_Desc":"Cropland","LC1_Desc":"Temporary grassland","LU":"U111","LU1_Desc":"Agriculture (excluding fallow land and kitchen gardens)","N":2.0,"NUTS_0":"PT","NUTS_1":"PT1","NUTS_2":"PT18","NUTS_3":"PT186","OC":20.8,"OC__20_30_":"","Ox_Al":1.1,"Ox_Fe":1.2,"P":"13.9","POINTID":28261954,"POINTID_1":28261954,"TH_LAT":39.13185668,"TH_LONG":-7.354370566,"pH_CaCl2":6.1,"pH_H2O":7.0}},{"type":"Feature","geometry":{"type":"Point","coordinates":[-7.453784270828541,41.05091237172389]},"id":"00000000000000000040","properties":{"CaCO3":"NA","CaCO3__20_":"","Depth":"0-20 cm","EC":17.09,"Elev":795,"K":144.5,"LC":"B71","LC0_Desc":"Cropland","LC1_Desc":"Apple fruit","LU":"U111","LU1_Desc":"Agriculture (excluding fallow land and kitchen gardens)","N":1.0,"NUTS_0":"PT","NUTS_1":"PT1","NUTS_2":"PT11","NUTS_3":"PT11D","OC":7.3,"OC__20_30_":"","Ox_Al":0.0,"Ox_Fe":0.0,"P":"37.8","POINTID":28622164,"POINTID_1":28622164,"TH_LAT":41.05091337,"TH_LONG":-7.453782574,"pH_CaCl2":6.1,"pH_H2O":6.64}},{"type":"Feature","geometry":{"type":"Point","coordinates":[-9.165267518960034,39.22887909027537]},"id":"0000000000000000008d","properties":{"CaCO3":"7","CaCO3__20_":"","Depth":"0-20 cm","EC":12.41,"Elev":103,"K":204.5,"LC":"B72","LC0_Desc":"Cropland","LC1_Desc":"Pear fruit","LU":"U111","LU1_Desc":"Agriculture (excluding fallow land and kitchen gardens)","N":0.7,"NUTS_0":"PT","NUTS_1":"PT1","NUTS_2":"PT16","NUTS_3":"PT16B","OC":8.6,"OC__20_30_":"","Ox_Al":0.0,"Ox_Fe":0.0,"P":"54","POINTID":26762002,"POINTID_1":26762002,"TH_LAT":39.22887796,"TH_LONG":-9.16526974,"pH_CaCl2":7.0,"pH_H2O":7.68}},{"type":"Feature","geometry":{"type":"Point","coordinates":[-8.988562262414078,39.59761553368796]},"id":"00000000000000000092","properties":{"CaCO3":"NA","CaCO3__20_":"","Depth":"0-20 cm","EC":13.26,"Elev":71,"K":186.0,"LC":"B72","LC0_Desc":"Cropland","LC1_Desc":"Pear fruit","LU":"U111","LU1_Desc":"Agriculture (excluding fallow land and kitchen gardens)","N":1.3,"NUTS_0":"PT","NUTS_1":"PT1","NUTS_2":"PT16","NUTS_3":"PT16B","OC":11.5,"OC__20_30_":"","Ox_Al":0.0,"Ox_Fe":0.0,"P":"81.6","POINTID":27002038,"POINTID_1":27002038,"TH_LAT":39.59761767,"TH_LONG":-8.988560552,"pH_CaCl2":6.1,"pH_H2O":6.64}},{"type":"Feature","geometry":{"type":"Point","coordinates":[-7.551741802770641,41.05181756923773]},"id":"00000000000000000034","properties":{"CaCO3":"NA","CaCO3__20_":"","Depth":"0-20 cm","EC":3.19,"Elev":945,"K":82.3,"LC":"B74","LC0_Desc":"Cropland","LC1_Desc":"Nuts trees","LU":"U111","LU1_Desc":"Agriculture (excluding fallow land and kitchen gardens)","N":1.1,"NUTS_0":"PT","NUTS_1":"PT1","NUTS_2":"PT11","NUTS_3":"PT11D","OC":9.5,"OC__20_30_":"","Ox_Al":0.0,"Ox_Fe":0.0,"P":"56","POINTID":28542166,"POINTID_1":28542166,"TH_LAT":41.05181635,"TH_LONG":-7.551740486,"pH_CaCl2":4.3,"pH_H2O":5.47}},{"type":"Feature","geometry":{"type":"Point","coordinates":[-7.623747366581686,41.72127578769472]},"id":"00000000000000000047","properties":{"CaCO3":"NA","CaCO3__20_":"","Depth":"0-20 cm","EC":11.13,"Elev":630,"K":117.0,"LC":"B74","LC0_Desc":"Cropland","LC1_Desc":"Nuts trees","LU":"U111","LU1_Desc":"Agriculture (excluding fallow land and kitchen gardens)","N":1.8,"NUTS_0":"PT","NUTS_1":"PT1","NUTS_2":"PT11","NUTS_3":"PT11B","OC":22.6,"OC__20_30_":"","Ox_Al":0.0,"Ox_Fe":0.0,"P":"62.1","POINTID":28642240,"POINTID_1":28642240,"TH_LAT":41.72127372,"TH_LONG":-7.62374721,"pH_CaCl2":4.4,"pH_H2O":4.95}},{"type":"Feature","geometry":{"type":"Point","coordinates":[-7.440032403179715,41.514288775894826]},"id":"0000000000000000004d","properties":{"CaCO3":"NA","CaCO3__20_":"","Depth":"0-20 cm","EC":5.03,"Elev":798,"K":95.3,"LC":"B74","LC0_Desc":"Cropland","LC1_Desc":"Nuts trees","LU":"U111","LU1_Desc":"Agriculture (excluding fallow land and kitchen gardens)","N":5.8,"NUTS_0":"PT","NUTS_1":"PT1","NUTS_2":"PT11","NUTS_3":"PT11B","OC":106.3,"OC__20_30_":"","Ox_Al":5.7,"Ox_Fe":4.1,"P":"11.8","POINTID":28742214,"POINTID_1":28742214,"TH_LAT":41.5142878,"TH_LONG":-7.440031191,"pH_CaCl2":4.3,"pH_H2O":5.37}},{"type":"Feature","geometry":{"type":"Point","coordinates":[-7.51430319032591,37.25516502739283]},"id":"00000000000000000089","properties":{"CaCO3":"NA","CaCO3__20_":"","Depth":"0-20 cm","EC":5.7,"Elev":175,"K":221.0,"LC":"B74","LC0_Desc":"Cropland","LC1_Desc":"Nuts trees","LU":"U111","LU1_Desc":"Agriculture (excluding fallow land and kitchen gardens)","N":2.3,"NUTS_0":"PT","NUTS_1":"PT1","NUTS_2":"PT15","NUTS_3":"PT150","OC":23.6,"OC__20_30_":"","Ox_Al":0.6,"Ox_Fe":0.9,"P":"< LOD","POINTID":27701754,"POINTID_1":27701754,"TH_LAT":37.25516696,"TH_LONG":-7.514302953,"pH_CaCl2":5.7,"pH_H2O":6.42}},{"type":"Feature","geometry":{"type":"Point","coordinates":[-7.598687218661318,39.677906107256305]},"id":"000000000000000000c9","properties":{"CaCO3":"NA","CaCO3__20_":"","Depth":"0-20 cm","EC":6.19,"Elev":159,"K":125.5,"LC":"B74","LC0_Desc":"Cropland","LC1_Desc":"Nuts trees","LU":"U111","LU1_Desc":"Agriculture (excluding fallow land and kitchen gardens)","N":0.4,"NUTS_0":"PT","NUTS_1":"PT1","NUTS_2":"PT16","NUTS_3":"PT16H","OC":3.8,"OC__20_30_":"","Ox_Al":0.0,"Ox_Fe":0.0,"P":"14.9","POINTID":28182018,"POINTID_1":28182018,"TH_LAT":39.67790499,"TH_LONG":-7.598686238,"pH_CaCl2":5.8,"pH_H2O":6.35}},{"type":"Feature","geometry":{"type":"Point","coordinates":[-8.682150674425493,38.88050736137386]},"id":"00000000000000000123","properties":{"CaCO3":"NA","CaCO3__20_":"","Depth":"0-20 cm","EC":7.7,"Elev":113,"K":67.7,"LC":"B75","LC0_Desc":"Cropland","LC1_Desc":"Other fruit trees and berries","LU":"U111","LU1_Desc":"Agriculture (excluding fallow land and kitchen gardens)","N":0.7,"NUTS_0":"PT","NUTS_1":"PT1","NUTS_2":"PT18","NUTS_3":"PT185","OC":6.7,"OC__20_30_":"","Ox_Al":1.1,"Ox_Fe":1.3,"P":"18","POINTID":27081954,"POINTID_1":27081954,"TH_LAT":38.88050631,"TH_LONG":-8.682148589,"pH_CaCl2":5.6,"pH_H2O":6.25}},{"type":"Feature","geometry":{"type":"Point","coordinates":[-8.10413970037257,37.9937036393698]},"id":"00000000000000000001","properties":{"CaCO3":"22","CaCO3__20_":"","Depth":"0-10 cm","EC":13.46,"Elev":223,"K":303.2,"LC":"B81","LC0_Desc":"Cropland","LC1_Desc":"Olive groves","LU":"U111","LU1_Desc":"Agriculture (excluding fallow land and kitchen gardens)","N":0.9,"NUTS_0":"PT","NUTS_1":"PT1","NUTS_2":"PT18","NUTS_3":"PT184","OC":10.3,"OC__20_30_":"","Ox_Al":2.0,"Ox_Fe":4.0,"P":"22.5","POINTID":27361846,"POINTID_1":27361846,"TH_LAT":37.99370508,"TH_LONG":-8.104139267,"pH_CaCl2":7.2,"pH_H2O":7.92}},{"type":"Feature","geometry":{"type":"Point","coordinates":[-6.630027778619165,41.24948951893699]},"id":"00000000000000000008","properties":{"CaCO3":"NA","CaCO3__20_":"","Depth":"0-20 cm","EC":2.35,"Elev":698,"K":78.3,"LC":"B81","LC0_Desc":"Cropland","LC1_Desc":"Olive groves","LU":"U111","LU1_Desc":"Agriculture (excluding fallow land and kitchen gardens)","N":0.6,"NUTS_0":"ES","NUTS_1":"ES4","NUTS_2":"ES41","NUTS_3":"ES415","OC":4.0,"OC__20_30_":"","Ox_Al":0.0,"Ox_Fe":0.0,"P":"< LOD","POINTID":29342170,"POINTID_1":29342170,"TH_LAT":41.24948849,"TH_LONG":-6.630026607,"pH_CaCl2":4.8,"pH_H2O":6.06}},{"type":"Feature","geometry":{"type":"Point","coordinates":[-7.440576413508237,41.090148001893155]},"id":"00000000000000000044","properties":{"CaCO3":"NA","CaCO3__20_":"","Depth":"0-20 cm","EC":7.83,"Elev":613,"K":43.6,"LC":"B81","LC0_Desc":"Cropland","LC1_Desc":"Olive groves","LU":"U111","LU1_Desc":"Agriculture (excluding fallow land and kitchen gardens)","N":0.8,"NUTS_0":"PT","NUTS_1":"PT1","NUTS_2":"PT11","NUTS_3":"PT11D","OC":4.8,"OC__20_30_":"","Ox_Al":0.0,"Ox_Fe":0.0,"P":"< LOD","POINTID":28642168,"POINTID_1":28642168,"TH_LAT":41.09014788,"TH_LONG":-7.440574931,"pH_CaCl2":4.9,"pH_H2O":5.54}},{"type":"Feature","geometry":{"type":"Point","coordinates":[-7.257713138407473,41.30686923129272]},"id":"00000000000000000054","properties":{"CaCO3":"NA","CaCO3__20_":"","Depth":"0-20 cm","EC":3.69,"Elev":440,"K":99.6,"LC":"B81","LC0_Desc":"Cropland","LC1_Desc":"Olive groves","LU":"U111","LU1_Desc":"Agriculture (excluding fallow land and kitchen gardens)","N":1.0,"NUTS_0":"PT","NUTS_1":"PT1","NUTS_2":"PT11","NUTS_3":"PT11E","OC":8.1,"OC__20_30_":"","Ox_Al":0.0,"Ox_Fe":0.0,"P":"53.6","POINTID":28842188,"POINTID_1":28842188,"TH_LAT":41.30686838,"TH_LONG":-7.257711759,"pH_CaCl2":4.8,"pH_H2O":5.94}},{"type":"Feature","geometry":{"type":"Point","coordinates":[-8.426327587888249,40.299063343102375]},"id":"000000000000000000af","properties":{"CaCO3":"702","CaCO3__20_":"","Depth":"0-20 cm","EC":20.87,"Elev":110,"K":163.7,"LC":"B81","LC0_Desc":"Cropland","LC1_Desc":"Olive groves","LU":"U111","LU1_Desc":"Agriculture (excluding fallow land and kitchen gardens)","N":1.6,"NUTS_0":"PT","NUTS_1":"PT1","NUTS_2":"PT16","NUTS_3":"PT16E","OC":11.0,"OC__20_30_":"","Ox_Al":0.8,"Ox_Fe":0.9,"P":"< LOD","POINTID":27642102,"POINTID_1":27642102,"TH_LAT":40.29906157,"TH_LONG":-8.426326777,"pH_CaCl2":7.1,"pH_H2O":7.9}},{"type":"Feature","geometry":{"type":"Point","coordinates":[-7.731675448479289,40.57644618323303]},"id":"000000000000000000d5","properties":{"CaCO3":"NA","CaCO3__20_":"","Depth":"0-20 cm","EC":3.61,"Elev":552,"K":119.9,"LC":"B81","LC0_Desc":"Cropland","LC1_Desc":"Olive groves","LU":"U111","LU1_Desc":"Agriculture (excluding fallow land and kitchen gardens)","N":0.6,"NUTS_0":"PT","NUTS_1":"PT1","NUTS_2":"PT16","NUTS_3":"PT16G","OC":5.4,"OC__20_30_":"","Ox_Al":0.0,"Ox_Fe":0.0,"P":"22.6","POINTID":28282118,"POINTID_1":28282118,"TH_LAT":40.57644828,"TH_LONG":-7.731676108,"pH_CaCl2":4.2,"pH_H2O":5.12}},{"type":"Feature","geometry":{"type":"Point","coordinates":[-7.688560400393521,40.510491619551516]},"id":"000000000000000000d8","properties":{"CaCO3":"NA","CaCO3__20_":"","Depth":"0-20 cm","EC":15.83,"Elev":513,"K":97.9,"LC":"B81","LC0_Desc":"Cropland","LC1_Desc":"Olive groves","LU":"U111","LU1_Desc":"Agriculture (excluding fallow land and kitchen gardens)","N":2.2,"NUTS_0":"PT","NUTS_1":"PT1","NUTS_2":"PT16","NUTS_3":"PT16J","OC":26.2,"OC__20_30_":"","Ox_Al":1.2,"Ox_Fe":1.7,"P":"11.5","POINTID":28302110,"POINTID_1":28302110,"TH_LAT":40.51049372,"TH_LONG":-7.688560002,"pH_CaCl2":5.2,"pH_H2O":5.61}},{"type":"Feature","geometry":{"type":"Point","coordinates":[-7.507382665490962,39.95294791933391]},"id":"000000000000000000d9","properties":{"CaCO3":"NA","CaCO3__20_":"","Depth":"0-20 cm","EC":13.04,"Elev":402,"K":179.5,"LC":"B81","LC0_Desc":"Cropland","LC1_Desc":"Olive groves","LU":"U111","LU1_Desc":"Agriculture (excluding fallow land and kitchen gardens)","N":2.3,"NUTS_0":"PT","NUTS_1":"PT1","NUTS_2":"PT16","NUTS_3":"PT16H","OC":22.7,"OC__20_30_":"","Ox_Al":0.0,"Ox_Fe":0.0,"P":"62.6","POINTID":28322046,"POINTID_1":28322046,"TH_LAT":39.95294733,"TH_LONG":-7.507380815,"pH_CaCl2":4.7,"pH_H2O":5.35}},{"type":"Feature","geometry":{"type":"Point","coordinates":[-7.422833650416575,39.820664227482375]},"id":"000000000000000000da","properties":{"CaCO3":"NA","CaCO3__20_":"","Depth":"0-20 cm","EC":8.57,"Elev":354,"K":376.7,"LC":"B81","LC0_Desc":"Cropland","LC1_Desc":"Olive groves","LU":"U111","LU1_Desc":"Agriculture (excluding fallow land and kitchen gardens)","N":5.2,"NUTS_0":"PT","NUTS_1":"PT1","NUTS_2":"PT16","NUTS_3":"PT16H","OC":58.1,"OC__20_30_":"","Ox_Al":0.4,"Ox_Fe":0.8,"P":"12.3","POINTID":28362030,"POINTID_1":28362030,"TH_LAT":39.82066416,"TH_LONG":-7.422832378,"pH_CaCl2":5.4,"pH_H2O":6.04}},{"type":"Feature","geometry":{"type":"Point","coordinates":[-7.427181273943683,40.096620155275936]},"id":"000000000000000000e0","properties":{"CaCO3":"NA","CaCO3__20_":"","Depth":"0-20 cm","EC":6.76,"Elev":476,"K":163.1,"LC":"B81","LC0_Desc":"Cropland","LC1_Desc":"Olive groves","LU":"U111","LU1_Desc":"Agriculture (excluding fallow land and kitchen gardens)","N":3.3,"NUTS_0":"PT","NUTS_1":"PT1","NUTS_2":"PT16","NUTS_3":"PT16J","OC":43.8,"OC__20_30_":"","Ox_Al":0.0,"Ox_Fe":0.0,"P":"17.2","POINTID":28422060,"POINTID_1":28422060,"TH_LAT":40.09661889,"TH_LONG":-7.427181944,"pH_CaCl2":5.4,"pH_H2O":6.05}},{"type":"Feature","geometry":{"type":"Point","coordinates":[-7.08904318195983,39.82515900134426]},"id":"000000000000000000ec","properties":{"CaCO3":"NA","CaCO3__20_":"","Depth":"0-20 cm","EC":4.79,"Elev":412,"K":131.3,"LC":"B81","LC0_Desc":"Cropland","LC1_Desc":"Olive groves","LU":"U111","LU1_Desc":"Agriculture (excluding fallow land and kitchen gardens)","N":2.2,"NUTS_0":"PT","NUTS_1":"PT1","NUTS_2":"PT16","NUTS_3":"PT16H","OC":18.9,"OC__20_30_":"","Ox_Al":0.0,"Ox_Fe":0.0,"P":"< LOD","POINTID":28642024,"POINTID_1":28642024,"TH_LAT":39.8251605,"TH_LONG":-7.089041269,"pH_CaCl2":5.2,"pH_H2O":5.83}},{"type":"Feature","geometry":{"type":"Point","coordinates":[-7.314468576615734,40.81758990910234]},"id":"000000000000000000f0","properties":{"CaCO3":"NA","CaCO3__20_":"","Depth":"0-20 cm","EC":27.66,"Elev":716,"K":169.7,"LC":"B81","LC0_Desc":"Cropland","LC1_Desc":"Olive groves","LU":"U111","LU1_Desc":"Agriculture (excluding fallow land and kitchen gardens)","N":1.2,"NUTS_0":"PT","NUTS_1":"PT1","NUTS_2":"PT16","NUTS_3":"PT16J","OC":9.8,"OC__20_30_":"","Ox_Al":0.0,"Ox_Fe":0.0,"P":"28.8","POINTID":28682136,"POINTID_1":28682136,"TH_LAT":40.81759138,"TH_LONG":-7.314469231,"pH_CaCl2":4.5,"pH_H2O":4.82}},{"type":"Feature","geometry":{"type":"Point","coordinates":[-7.088909408928226,40.96792850111926]},"id":"00000000000000000101","properties":{"CaCO3":"NA","CaCO3__20_":"","Depth":"0-20 cm","EC":13.09,"Elev":502,"K":85.7,"LC":"B81","LC0_Desc":"Cropland","LC1_Desc":"Olive groves","LU":"U111","LU1_Desc":"Agriculture (excluding fallow land and kitchen gardens)","N":1.1,"NUTS_0":"PT","NUTS_1":"PT1","NUTS_2":"PT16","NUTS_3":"PT16J","OC":10.1,"OC__20_30_":"","Ox_Al":0.0,"Ox_Fe":0.0,"P":"26.5","POINTID":28902148,"POINTID_1":28902148,"TH_LAT":40.96792769,"TH_LONG":-7.088910136,"pH_CaCl2":4.8,"pH_H2O":5.35}},{"type":"Feature","geometry":{"type":"Point","coordinates":[-8.17361695388631,37.90628742231805]},"id":"00000000000000000137","properties":{"CaCO3":"NA","CaCO3__20_":"","Depth":"0-20 cm","EC":8.91,"Elev":157,"K":545.8,"LC":"B81","LC0_Desc":"Cropland","LC1_Desc":"Olive groves","LU":"U111","LU1_Desc":"Agriculture (excluding fallow land and kitchen gardens)","N":1.3,"NUTS_0":"PT","NUTS_1":"PT1","NUTS_2":"PT18","NUTS_3":"PT184","OC":12.8,"OC__20_30_":"","Ox_Al":0.0,"Ox_Fe":0.0,"P":"52.5","POINTID":27281838,"POINTID_1":27281838,"TH_LAT":37.90628533,"TH_LONG":-8.173618568,"pH_CaCl2":6.3,"pH_H2O":7.0}},{"type":"Feature","geometry":{"type":"Point","coordinates":[-8.007832035820249,38.32659336941375]},"id":"00000000000000000156","properties":{"CaCO3":"1","CaCO3__20_":"","Depth":"0-20 cm","EC":8.03,"Elev":366,"K":105.1,"LC":"B81","LC0_Desc":"Cropland","LC1_Desc":"Olive groves","LU":"U111","LU1_Desc":"Agriculture (excluding fallow land and kitchen gardens)","N":1.6,"NUTS_0":"PT","NUTS_1":"PT1","NUTS_2":"PT18","NUTS_3":"PT187","OC":12.7,"OC__20_30_":"","Ox_Al":0.0,"Ox_Fe":0.0,"P":"< LOD","POINTID":27521880,"POINTID_1":27521880,"TH_LAT":38.32659296,"TH_LONG":-8.007829938,"pH_CaCl2":6.6,"pH_H2O":7.32}},{"type":"Feature","geometry":{"type":"Point","coordinates":[-7.760525832295084,37.92979580307182]},"id":"00000000000000000162","properties":{"CaCO3":"35","CaCO3__20_":"","Depth":"0-20 cm","EC":17.3,"Elev":234,"K":291.3,"LC":"B81","LC0_Desc":"Cropland","LC1_Desc":"Olive groves","LU":"U111","LU1_Desc":"Agriculture (excluding fallow land and kitchen gardens)","N":1.0,"NUTS_0":"PT","NUTS_1":"PT1","NUTS_2":"PT18","NUTS_3":"PT184","OC":8.2,"OC__20_30_":"","Ox_Al":0.0,"Ox_Fe":0.0,"P":"10","POINTID":27641832,"POINTID_1":27641832,"TH_LAT":37.92979423,"TH_LONG":-7.760527221,"pH_CaCl2":7.4,"pH_H2O":8.12}},{"type":"Feature","geometry":{"type":"Point","coordinates":[-7.7314970844371524,38.08315320650194]},"id":"00000000000000000168","properties":{"CaCO3":"NA","CaCO3__20_":"","Depth":"0-20 cm","EC":26.17,"Elev":233,"K":308.9,"LC":"B81","LC0_Desc":"Cropland","LC1_Desc":"Olive groves","LU":"U111","LU1_Desc":"Agriculture (excluding fallow land and kitchen gardens)","N":1.7,"NUTS_0":"PT","NUTS_1":"PT1","NUTS_2":"PT18","NUTS_3":"PT184","OC":15.2,"OC__20_30_":"","Ox_Al":0.0,"Ox_Fe":0.0,"P":"60.2","POINTID":27701848,"POINTID_1":27701848,"TH_LAT":38.0831551,"TH_LONG":-7.731497901,"pH_CaCl2":6.2,"pH_H2O":6.63}},{"type":"Feature","geometry":{"type":"Point","coordinates":[-7.584132712822873,38.055341793231584]},"id":"00000000000000000175","properties":{"CaCO3":"2","CaCO3__20_":"","Depth":"0-20 cm","EC":11.09,"Elev":196,"K":311.7,"LC":"B81","LC0_Desc":"Cropland","LC1_Desc":"Olive groves","LU":"U111","LU1_Desc":"Agriculture (excluding fallow land and kitchen gardens)","N":0.9,"NUTS_0":"PT","NUTS_1":"PT1","NUTS_2":"PT18","NUTS_3":"PT184","OC":9.4,"OC__20_30_":"","Ox_Al":0.0,"Ox_Fe":0.0,"P":"< LOD","POINTID":27821842,"POINTID_1":27821842,"TH_LAT":38.05534324,"TH_LONG":-7.584131893,"pH_CaCl2":7.1,"pH_H2O":7.65}},{"type":"Feature","geometry":{"type":"Point","coordinates":[-7.557257710773755,38.041879767151244]},"id":"00000000000000000179","properties":{"CaCO3":"3","CaCO3__20_":"","Depth":"0-20 cm","EC":14.33,"Elev":219,"K":189.3,"LC":"B81","LC0_Desc":"Cropland","LC1_Desc":"Olive groves","LU":"U111","LU1_Desc":"Agriculture (excluding fallow land and kitchen gardens)","N":0.6,"NUTS_0":"PT","NUTS_1":"PT1","NUTS_2":"PT18","NUTS_3":"PT184","OC":6.7,"OC__20_30_":"","Ox_Al":0.6,"Ox_Fe":0.5,"P":"< LOD","POINTID":27841840,"POINTID_1":27841840,"TH_LAT":38.0418795,"TH_LONG":-7.557258848,"pH_CaCl2":7.1,"pH_H2O":7.48}},{"type":"Feature","geometry":{"type":"Point","coordinates":[-7.361043887118975,38.00436980908965]},"id":"00000000000000000190","properties":{"CaCO3":"6","CaCO3__20_":"","Depth":"0-20 cm","EC":14.66,"Elev":321,"K":272.7,"LC":"B81","LC0_Desc":"Cropland","LC1_Desc":"Olive groves","LU":"U111","LU1_Desc":"Agriculture (excluding fallow land and kitchen gardens)","N":1.5,"NUTS_0":"PT","NUTS_1":"PT1","NUTS_2":"PT18","NUTS_3":"PT184","OC":15.8,"OC__20_30_":"","Ox_Al":0.0,"Ox_Fe":0.0,"P":"< LOD","POINTID":28001832,"POINTID_1":28001832,"TH_LAT":38.00436825,"TH_LONG":-7.361045307,"pH_CaCl2":6.9,"pH_H2O":7.39}},{"type":"Feature","geometry":{"type":"Point","coordinates":[-7.482710459362245,38.55448018785115]},"id":"00000000000000000191","properties":{"CaCO3":"NA","CaCO3__20_":"","Depth":"0-20 cm","EC":9.47,"Elev":342,"K":182.7,"LC":"B81","LC0_Desc":"Cropland","LC1_Desc":"Olive groves","LU":"U111","LU1_Desc":"Agriculture (excluding fallow land and kitchen gardens)","N":2.4,"NUTS_0":"PT","NUTS_1":"PT1","NUTS_2":"PT18","NUTS_3":"PT187","OC":19.8,"OC__20_30_":"","Ox_Al":0.0,"Ox_Fe":0.0,"P":"22.4","POINTID":28021894,"POINTID_1":28021894,"TH_LAT":38.55448125,"TH_LONG":-7.482711837,"pH_CaCl2":5.5,"pH_H2O":6.2}},{"type":"Feature","geometry":{"type":"Point","coordinates":[-7.387544324679603,38.461200252914125]},"id":"00000000000000000198","properties":{"CaCO3":"NA","CaCO3__20_":"","Depth":"0-20 cm","EC":10.01,"Elev":260,"K":260.6,"LC":"B81","LC0_Desc":"Cropland","LC1_Desc":"Olive groves","LU":"U111","LU1_Desc":"Agriculture (excluding fallow land and kitchen gardens)","N":1.3,"NUTS_0":"PT","NUTS_1":"PT1","NUTS_2":"PT18","NUTS_3":"PT187","OC":10.9,"OC__20_30_":"","Ox_Al":0.0,"Ox_Fe":0.0,"P":"25.8","POINTID":28081882,"POINTID_1":28081882,"TH_LAT":38.46120037,"TH_LONG":-7.38754261,"pH_CaCl2":6.1,"pH_H2O":6.95}},{"type":"Feature","geometry":{"type":"Point","coordinates":[-7.210045348146138,38.05054825959913]},"id":"0000000000000000019c","properties":{"CaCO3":"3","CaCO3__20_":"","Depth":"0-20 cm","EC":9.04,"Elev":266,"K":346.5,"LC":"B81","LC0_Desc":"Cropland","LC1_Desc":"Olive groves","LU":"U111","LU1_Desc":"Agriculture (excluding fallow land and kitchen gardens)","N":1.7,"NUTS_0":"PT","NUTS_1":"PT1","NUTS_2":"PT18","NUTS_3":"PT184","OC":15.5,"OC__20_30_":"","Ox_Al":2.0,"Ox_Fe":1.5,"P":"< LOD","POINTID":28141834,"POINTID_1":28141834,"TH_LAT":38.05055022,"TH_LONG":-7.210047325,"pH_CaCl2":6.8,"pH_H2O":7.4}},{"type":"Feature","geometry":{"type":"Point","coordinates":[-7.7085728459213865,41.17111635882162]},"id":"0000000000000000002e","properties":{"CaCO3":"NA","CaCO3__20_":"","Depth":"0-20 cm","EC":4.4,"Elev":587,"K":191.6,"LC":"B82","LC0_Desc":"Cropland","LC1_Desc":"Vineyards","LU":"U111","LU1_Desc":"Agriculture (excluding fallow land and kitchen gardens)","N":1.8,"NUTS_0":"PT","NUTS_1":"PT1","NUTS_2":"PT11","NUTS_3":"PT11D","OC":18.0,"OC__20_30_":"","Ox_Al":0.0,"Ox_Fe":0.0,"P":"35.7","POINTID":28442182,"POINTID_1":28442182,"TH_LAT":41.17111856,"TH_LONG":-7.708574104,"pH_CaCl2":4.8,"pH_H2O":5.81}},{"type":"Feature","geometry":{"type":"Point","coordinates":[-7.287722888497164,41.1541361020101]},"id":"00000000000000000051","properties":{"CaCO3":"NA","CaCO3__20_":"","Depth":"0-20 cm","EC":6.27,"Elev":428,"K":74.8,"LC":"B82","LC0_Desc":"Cropland","LC1_Desc":"Vineyards","LU":"U111","LU1_Desc":"Agriculture (excluding fallow land and kitchen gardens)","N":1.3,"NUTS_0":"PT","NUTS_1":"PT1","NUTS_2":"PT11","NUTS_3":"PT11D","OC":13.3,"OC__20_30_":"","Ox_Al":0.7,"Ox_Fe":1.9,"P":"16.3","POINTID":28782172,"POINTID_1":28782172,"TH_LAT":41.15413688,"TH_LONG":-7.287723511,"pH_CaCl2":6.2,"pH_H2O":6.74}},{"type":"Feature","geometry":{"type":"Point","coordinates":[-7.152942100055711,41.19625677056096]},"id":"00000000000000000057","properties":{"CaCO3":"NA","CaCO3__20_":"","Depth":"0-20 cm","EC":9.8,"Elev":604,"K":106.8,"LC":"B82","LC0_Desc":"Cropland","LC1_Desc":"Vineyards","LU":"U111","LU1_Desc":"Agriculture (excluding fallow land and kitchen gardens)","N":0.7,"NUTS_0":"PT","NUTS_1":"PT1","NUTS_2":"PT11","NUTS_3":"PT11D","OC":5.2,"OC__20_30_":"","Ox_Al":0.0,"Ox_Fe":0.0,"P":"73.2","POINTID":28902174,"POINTID_1":28902174,"TH_LAT":41.19625808,"TH_LONG":-7.152942799,"pH_CaCl2":4.1,"pH_H2O":4.91}},{"type":"Feature","geometry":{"type":"Point","coordinates":[-9.145972988701772,39.084520152771105]},"id":"0000000000000000008b","properties":{"CaCO3":"243","CaCO3__20_":"","Depth":"0-20 cm","EC":18.15,"Elev":215,"K":275.7,"LC":"B82","LC0_Desc":"Cropland","LC1_Desc":"Vineyards","LU":"U111","LU1_Desc":"Agriculture (excluding fallow land and kitchen gardens)","N":1.2,"NUTS_0":"PT","NUTS_1":"PT1","NUTS_2":"PT16","NUTS_3":"PT16B","OC":10.5,"OC__20_30_":"","Ox_Al":0.5,"Ox_Fe":1.0,"P":"14.1","POINTID":26741986,"POINTID_1":26741986,"TH_LAT":39.08451978,"TH_LONG":-9.145973845,"pH_CaCl2":7.1,"pH_H2O":7.91}},{"type":"Feature","geometry":{"type":"Point","coordinates":[-8.993779410646612,39.13355688705585]},"id":"0000000000000000008f","properties":{"CaCO3":"1","CaCO3__20_":"","Depth":"0-20 cm","EC":6.7,"Elev":143,"K":154.7,"LC":"B82","LC0_Desc":"Cropland","LC1_Desc":"Vineyards","LU":"U111","LU1_Desc":"Agriculture (excluding fallow land and kitchen gardens)","N":0.4,"NUTS_0":"PT","NUTS_1":"PT1","NUTS_2":"PT16","NUTS_3":"PT16B","OC":2.8,"OC__20_30_":"","Ox_Al":0.0,"Ox_Fe":0.0,"P":"< LOD","POINTID":26881988,"POINTID_1":26881988,"TH_LAT":39.13355529,"TH_LONG":-8.993777214,"pH_CaCl2":6.5,"pH_H2O":7.04}},{"type":"Feature","geometry":{"type":"Point","coordinates":[-8.028531182910344,40.59563815416706]},"id":"000000000000000000c3","properties":{"CaCO3":"NA","CaCO3__20_":"","Depth":"0-20 cm","EC":5.41,"Elev":442,"K":152.5,"LC":"B82","LC0_Desc":"Cropland","LC1_Desc":"Vineyards","LU":"U111","LU1_Desc":"Agriculture (excluding fallow land and kitchen gardens)","N":0.9,"NUTS_0":"PT","NUTS_1":"PT1","NUTS_2":"PT16","NUTS_3":"PT16G","OC":8.5,"OC__20_30_":"","Ox_Al":0.0,"Ox_Fe":0.0,"P":"< LOD","POINTID":28042126,"POINTID_1":28042126,"TH_LAT":40.59563721,"TH_LONG":-8.028529155,"pH_CaCl2":4.5,"pH_H2O":5.22}},{"type":"Feature","geometry":{"type":"Point","coordinates":[-7.259782161296273,40.88259022515842]},"id":"000000000000000000f5","properties":{"CaCO3":"NA","CaCO3__20_":"","Depth":"0-20 cm","EC":3.39,"Elev":596,"K":56.2,"LC":"B82","LC0_Desc":"Cropland","LC1_Desc":"Vineyards","LU":"U111","LU1_Desc":"Agriculture (excluding fallow land and kitchen gardens)","N":0.4,"NUTS_0":"PT","NUTS_1":"PT1","NUTS_2":"PT16","NUTS_3":"PT16J","OC":2.8,"OC__20_30_":"","Ox_Al":0.0,"Ox_Fe":0.0,"P":"47.2","POINTID":28742142,"POINTID_1":28742142,"TH_LAT":40.88258801,"TH_LONG":-7.259780329,"pH_CaCl2":4.2,"pH_H2O":5.44}},{"type":"Feature","geometry":{"type":"Point","coordinates":[-8.598578202481807,39.248552644123166]},"id":"00000000000000000136","properties":{"CaCO3":"12","CaCO3__20_":"","Depth":"0-20 cm","EC":14.86,"Elev":68,"K":190.7,"LC":"B82","LC0_Desc":"Cropland","LC1_Desc":"Vineyards","LU":"U111","LU1_Desc":"Agriculture (excluding fallow land and kitchen gardens)","N":1.3,"NUTS_0":"PT","NUTS_1":"PT1","NUTS_2":"PT18","NUTS_3":"PT185","OC":12.3,"OC__20_30_":"","Ox_Al":0.0,"Ox_Fe":0.0,"P":"27.3","POINTID":27241992,"POINTID_1":27241992,"TH_LAT":39.24855054,"TH_LONG":-8.598580275,"pH_CaCl2":7.2,"pH_H2O":7.83}},{"type":"Feature","geometry":{"type":"Point","coordinates":[-7.578179812916522,38.647644186160804]},"id":"00000000000000000189","properties":{"CaCO3":"NA","CaCO3__20_":"","Depth":"0-20 cm","EC":11.76,"Elev":315,"K":90.7,"LC":"B82","LC0_Desc":"Cropland","LC1_Desc":"Vineyards","LU":"U111","LU1_Desc":"Agriculture (excluding fallow land and kitchen gardens)","N":1.0,"NUTS_0":"PT","NUTS_1":"PT1","NUTS_2":"PT18","NUTS_3":"PT187","OC":7.6,"OC__20_30_":"","Ox_Al":0.6,"Ox_Fe":0.7,"P":"36.2","POINTID":27961906,"POINTID_1":27961906,"TH_LAT":38.64764311,"TH_LONG":-7.578180627,"pH_CaCl2":6.7,"pH_H2O":7.25}},{"type":"Feature","geometry":{"type":"Point","coordinates":[-7.5544930681206175,37.32156550117969]},"id":"00000000000000000088","properties":{"CaCO3":"NA","CaCO3__20_":"","Depth":"0-20 cm","EC":4.26,"Elev":158,"K":188.2,"LC":"B84","LC0_Desc":"Cropland","LC1_Desc":"Permanent industrial crops","LU":"U111","LU1_Desc":"Agriculture (excluding fallow land and kitchen gardens)","N":1.6,"NUTS_0":"PT","NUTS_1":"PT1","NUTS_2":"PT15","NUTS_3":"PT150","OC":16.2,"OC__20_30_":"","Ox_Al":0.0,"Ox_Fe":0.0,"P":"< LOD","POINTID":27681762,"POINTID_1":27681762,"TH_LAT":37.32156629,"TH_LONG":-7.554494274,"pH_CaCl2":5.4,"pH_H2O":6.27}},{"type":"Feature","geometry":{"type":"Point","coordinates":[-7.951419948393103,41.16377667848765]},"id":"00000000000000000023","properties":{"CaCO3":"NA","CaCO3__20_":"","Depth":"0-20 cm","EC":3.55,"Elev":543,"K":50.8,"LC":"D10","LC0_Desc":"Shrubland","LC1_Desc":"Shrubland with sparse tree cover","LU":"U111","LU1_Desc":"Agriculture (excluding fallow land and kitchen gardens)","N":5.0,"NUTS_0":"PT","NUTS_1":"PT1","NUTS_2":"PT11","NUTS_3":"PT11C","OC":69.8,"OC__20_30_":"","Ox_Al":0.0,"Ox_Fe":0.0,"P":"28.7","POINTID":28242186,"POINTID_1":28242186,"TH_LAT":41.16377719,"TH_LONG":-7.951418364,"pH_CaCl2":4.2,"pH_H2O":5.33}},{"type":"Feature","geometry":{"type":"Point","coordinates":[-6.957941151887467,40.493328539596796]},"id":"00000000000000000100","properties":{"CaCO3":"NA","CaCO3__20_":"","Depth":"0-20 cm","EC":3.99,"Elev":777,"K":121.7,"LC":"D10","LC0_Desc":"Shrubland","LC1_Desc":"Shrubland with sparse tree cover","LU":"U111","LU1_Desc":"Agriculture (excluding fallow land and kitchen gardens)","N":2.6,"NUTS_0":"PT","NUTS_1":"PT1","NUTS_2":"PT16","NUTS_3":"PT16J","OC":34.7,"OC__20_30_":"","Ox_Al":0.0,"Ox_Fe":0.0,"P":"11.6","POINTID":28902094,"POINTID_1":28902094,"TH_LAT":40.49333039,"TH_LONG":-6.957941428,"pH_CaCl2":4.6,"pH_H2O":5.49}},{"type":"Feature","geometry":{"type":"Point","coordinates":[-7.156977586509077,38.115615462171014]},"id":"000000000000000001a0","properties":{"CaCO3":"NA","CaCO3__20_":"","Depth":"0-20 cm","EC":4.93,"Elev":287,"K":63.1,"LC":"D10","LC0_Desc":"Shrubland","LC1_Desc":"Shrubland with sparse tree cover","LU":"U111","LU1_Desc":"Agriculture (excluding fallow land and kitchen gardens)","N":2.5,"NUTS_0":"PT","NUTS_1":"PT1","NUTS_2":"PT18","NUTS_3":"PT184","OC":25.9,"OC__20_30_":"","Ox_Al":0.0,"Ox_Fe":0.0,"P":"< LOD","POINTID":28201840,"POINTID_1":28201840,"TH_LAT":38.11561489,"TH_LONG":-7.156976481,"pH_CaCl2":5.2,"pH_H2O":6.07}},{"type":"Feature","geometry":{"type":"Point","coordinates":[-7.715524584463709,41.4465817854993]},"id":"00000000000000000006","properties":{"CaCO3":"NA","CaCO3__20_":"","Depth":"0-10 cm","EC":3.53,"Elev":1079,"K":37.4,"LC":"D20","LC0_Desc":"Shrubland","LC1_Desc":"Shrubland without tree cover","LU":"U111","LU1_Desc":"Agriculture (excluding fallow land and kitchen gardens)","N":2.4,"NUTS_0":"PT","NUTS_1":"PT1","NUTS_2":"PT11","NUTS_3":"PT11B","OC":41.8,"OC__20_30_":"","Ox_Al":0.0,"Ox_Fe":0.0,"P":"< LOD","POINTID":28502212,"POINTID_1":28502212,"TH_LAT":41.44658272,"TH_LONG":-7.715523427,"pH_CaCl2":4.2,"pH_H2O":4.81}},{"type":"Feature","geometry":{"type":"Point","coordinates":[-8.31670058848928,41.96420761308646]},"id":"0000000000000000001f","properties":{"CaCO3":"NA","CaCO3__20_":"","Depth":"0-20 cm","EC":11.23,"Elev":1340,"K":56.0,"LC":"D20","LC0_Desc":"Shrubland","LC1_Desc":"Shrubland without tree cover","LU":"U111","LU1_Desc":"Agriculture (excluding fallow land and kitchen gardens)","N":4.5,"NUTS_0":"PT","NUTS_1":"PT1","NUTS_2":"PT11","NUTS_3":"PT111","OC":60.6,"OC__20_30_":"","Ox_Al":0.0,"Ox_Fe":0.0,"P":"< LOD","POINTID":28142280,"POINTID_1":28142280,"TH_LAT":41.96420875,"TH_LONG":-8.316700412,"pH_CaCl2":3.7,"pH_H2O":4.5}},{"type":"Feature","geometry":{"type":"Point","coordinates":[-7.939491853075134,41.86728905168981]},"id":"0000000000000000002c","properties":{"CaCO3":"NA","CaCO3__20_":"","Depth":"0-20 cm","EC":2.26,"Elev":1329,"K":53.1,"LC":"D20","LC0_Desc":"Shrubland","LC1_Desc":"Shrubland without tree cover","LU":"U111","LU1_Desc":"Agriculture (excluding fallow land and kitchen gardens)","N":2.6,"NUTS_0":"PT","NUTS_1":"PT1","NUTS_2":"PT11","NUTS_3":"PT11B","OC":31.7,"OC__20_30_":"","Ox_Al":0.0,"Ox_Fe":0.0,"P":"11.4","POINTID":28422262,"POINTID_1":28422262,"TH_LAT":41.86729019,"TH_LONG":-7.939491123,"pH_CaCl2":5.2,"pH_H2O":5.31}},{"type":"Feature","geometry":{"type":"Point","coordinates":[-7.754131481384443,41.660984282351095]},"id":"00000000000000000032","properties":{"CaCO3":"NA","CaCO3__20_":"","Depth":"0-20 cm","EC":2.31,"Elev":1056,"K":33.3,"LC":"D20","LC0_Desc":"Shrubland","LC1_Desc":"Shrubland without tree cover","LU":"U111","LU1_Desc":"Agriculture (excluding fallow land and kitchen gardens)","N":4.1,"NUTS_0":"PT","NUTS_1":"PT1","NUTS_2":"PT11","NUTS_3":"PT11B","OC":62.5,"OC__20_30_":"","Ox_Al":0.0,"Ox_Fe":0.0,"P":"20.2","POINTID":28522236,"POINTID_1":28522236,"TH_LAT":41.66098417,"TH_LONG":-7.754130756,"pH_CaCl2":4.2,"pH_H2O":5.14}},{"type":"Feature","geometry":{"type":"Point","coordinates":[-7.60542937945413,41.74298715072395]},"id":"00000000000000000049","properties":{"CaCO3":"NA","CaCO3__20_":"","Depth":"0-20 cm","EC":37.07,"Elev":586,"K":74.7,"LC":"D20","LC0_Desc":"Shrubland","LC1_Desc":"Shrubland without tree cover","LU":"U111","LU1_Desc":"Agriculture (excluding fallow land and kitchen gardens)","N":3.3,"NUTS_0":"PT","NUTS_1":"PT1","NUTS_2":"PT11","NUTS_3":"PT11B","OC":36.2,"OC__20_30_":"","Ox_Al":0.0,"Ox_Fe":0.0,"P":"119.5","POINTID":28662242,"POINTID_1":28662242,"TH_LAT":41.74298548,"TH_LONG":-7.605430977,"pH_CaCl2":4.3,"pH_H2O":4.77}},{"type":"Feature","geometry":{"type":"Point","coordinates":[-7.41268027731788,39.43499657736985]},"id":"000000000000000001a6","properties":{"CaCO3":"NA","CaCO3__20_":"","Depth":"0-20 cm","EC":2.49,"Elev":493,"K":60.9,"LC":"D20","LC0_Desc":"Shrubland","LC1_Desc":"Shrubland without tree cover","LU":"U111","LU1_Desc":"Agriculture (excluding fallow land and kitchen gardens)","N":2.1,"NUTS_0":"PT","NUTS_1":"PT1","NUTS_2":"PT18","NUTS_3":"PT186","OC":23.4,"OC__20_30_":"","Ox_Al":0.0,"Ox_Fe":0.0,"P":"22.3","POINTID":28281988,"POINTID_1":28281988,"TH_LAT":39.43499739,"TH_LONG":-7.412679761,"pH_CaCl2":4.3,"pH_H2O":5.3}},{"type":"Feature","geometry":{"type":"Point","coordinates":[-7.756650873479639,41.752761500233106]},"id":"00000000000000000038","properties":{"CaCO3":"NA","CaCO3__20_":"","Depth":"0-20 cm","EC":21.23,"Elev":936,"K":59.6,"LC":"E10","LC0_Desc":"Grassland","LC1_Desc":"Grassland with sparse tree/shrub cover","LU":"U111","LU1_Desc":"Agriculture (excluding fallow land and kitchen gardens)","N":4.8,"NUTS_0":"PT","NUTS_1":"PT1","NUTS_2":"PT11","NUTS_3":"PT11B","OC":69.6,"OC__20_30_":"","Ox_Al":0.0,"Ox_Fe":0.0,"P":"52.3","POINTID":28542246,"POINTID_1":28542246,"TH_LAT":41.75276262,"TH_LONG":-7.756650142,"pH_CaCl2":4.1,"pH_H2O":4.49}},{"type":"Feature","geometry":{"type":"Point","coordinates":[-6.729082249420412,41.34309942735198]},"id":"00000000000000000066","properties":{"CaCO3":"NA","CaCO3__20_":"","Depth":"0-20 cm","EC":5.11,"Elev":740,"K":134.9,"LC":"E10","LC0_Desc":"Grassland","LC1_Desc":"Grassland with sparse tree/shrub cover","LU":"U111","LU1_Desc":"Agriculture (excluding fallow land and kitchen gardens)","N":1.9,"NUTS_0":"PT","NUTS_1":"PT1","NUTS_2":"PT11","NUTS_3":"PT11E","OC":16.0,"OC__20_30_":"","Ox_Al":0.0,"Ox_Fe":0.0,"P":"28.8","POINTID":29282182,"POINTID_1":29282182,"TH_LAT":41.34309981,"TH_LONG":-6.729083303,"pH_CaCl2":5.1,"pH_H2O":6.03}},{"type":"Feature","geometry":{"type":"Point","coordinates":[-8.059851908709744,38.686491874538426]},"id":"0000000000000000015b","properties":{"CaCO3":"3","CaCO3__20_":"","Depth":"0-20 cm","EC":42.49,"Elev":327,"K":695.9,"LC":"E10","LC0_Desc":"Grassland","LC1_Desc":"Grassland with sparse tree/shrub cover","LU":"U111","LU1_Desc":"Agriculture (excluding fallow land and kitchen gardens)","N":7.6,"NUTS_0":"PT","NUTS_1":"PT1","NUTS_2":"PT18","NUTS_3":"PT187","OC":88.8,"OC__20_30_":"","Ox_Al":0.0,"Ox_Fe":0.0,"P":"114.1","POINTID":27561920,"POINTID_1":27561920,"TH_LAT":38.68648993,"TH_LONG":-8.05985082,"pH_CaCl2":6.8,"pH_H2O":7.22}},{"type":"Feature","geometry":{"type":"Point","coordinates":[-7.662488036534024,37.91129499280107]},"id":"00000000000000000169","properties":{"CaCO3":"136","CaCO3__20_":"","Depth":"0-20 cm","EC":16.22,"Elev":164,"K":329.7,"LC":"E10","LC0_Desc":"Grassland","LC1_Desc":"Grassland with sparse tree/shrub cover","LU":"U111","LU1_Desc":"Agriculture (excluding fallow land and kitchen gardens)","N":1.4,"NUTS_0":"PT","NUTS_1":"PT1","NUTS_2":"PT18","NUTS_3":"PT184","OC":13.3,"OC__20_30_":"","Ox_Al":0.0,"Ox_Fe":0.0,"P":"14.5","POINTID":27721828,"POINTID_1":27721828,"TH_LAT":37.91129633,"TH_LONG":-7.662488824,"pH_CaCl2":7.0,"pH_H2O":7.71}},{"type":"Feature","geometry":{"type":"Point","coordinates":[-7.4490264100045165,37.89572381192244]},"id":"00000000000000000180","properties":{"CaCO3":"NA","CaCO3__20_":"","Depth":"0-20 cm","EC":5.09,"Elev":273,"K":74.4,"LC":"E10","LC0_Desc":"Grassland","LC1_Desc":"Grassland with sparse tree/shrub cover","LU":"U111","LU1_Desc":"Agriculture (excluding fallow land and kitchen gardens)","N":2.0,"NUTS_0":"PT","NUTS_1":"PT1","NUTS_2":"PT18","NUTS_3":"PT184","OC":20.4,"OC__20_30_":"","Ox_Al":0.0,"Ox_Fe":0.0,"P":"< LOD","POINTID":27901822,"POINTID_1":27901822,"TH_LAT":37.89572359,"TH_LONG":-7.449027508,"pH_CaCl2":4.8,"pH_H2O":5.59}},{"type":"Feature","geometry":{"type":"Point","coordinates":[-7.532313499480779,38.91467745274641]},"id":"00000000000000000197","properties":{"CaCO3":"NA","CaCO3__20_":"","Depth":"0-20 cm","EC":3.58,"Elev":374,"K":51.7,"LC":"E10","LC0_Desc":"Grassland","LC1_Desc":"Grassland with sparse tree/shrub cover","LU":"U111","LU1_Desc":"Agriculture (excluding fallow land and kitchen gardens)","N":1.9,"NUTS_0":"PT","NUTS_1":"PT1","NUTS_2":"PT18","NUTS_3":"PT187","OC":17.5,"OC__20_30_":"","Ox_Al":0.0,"Ox_Fe":0.0,"P":"< LOD","POINTID":28061934,"POINTID_1":28061934,"TH_LAT":38.91467545,"TH_LONG":-7.532312798,"pH_CaCl2":4.6,"pH_H2O":5.93}},{"type":"Feature","geometry":{"type":"Point","coordinates":[-7.689358579482086,41.52507980044417]},"id":"00000000000000000037","properties":{"CaCO3":"NA","CaCO3__20_":"","Depth":"0-20 cm","EC":5.03,"Elev":1060,"K":89.3,"LC":"E20","LC0_Desc":"Grassland","LC1_Desc":"Grassland without tree/shrub cover","LU":"U111","LU1_Desc":"Agriculture (excluding fallow land and kitchen gardens)","N":5.7,"NUTS_0":"PT","NUTS_1":"PT1","NUTS_2":"PT11","NUTS_3":"PT11B","OC":92.8,"OC__20_30_":"","Ox_Al":0.0,"Ox_Fe":0.0,"P":"13.8","POINTID":28542220,"POINTID_1":28542220,"TH_LAT":41.52507947,"TH_LONG":-7.68935918,"pH_CaCl2":3.9,"pH_H2O":4.61}},{"type":"Feature","geometry":{"type":"Point","coordinates":[-7.420532754272997,41.019966210412974]},"id":"00000000000000000043","properties":{"CaCO3":"NA","CaCO3__20_":"","Depth":"0-20 cm","EC":38.97,"Elev":952,"K":99.3,"LC":"E20","LC0_Desc":"Grassland","LC1_Desc":"Grassland without tree/shrub cover","LU":"U111","LU1_Desc":"Agriculture (excluding fallow land and kitchen gardens)","N":6.8,"NUTS_0":"PT","NUTS_1":"PT1","NUTS_2":"PT11","NUTS_3":"PT11D","OC":77.6,"OC__20_30_":"","Ox_Al":0.0,"Ox_Fe":0.0,"P":"132","POINTID":28642160,"POINTID_1":28642160,"TH_LAT":41.01996652,"TH_LONG":-7.420534293,"pH_CaCl2":4.2,"pH_H2O":4.54}},{"type":"Feature","geometry":{"type":"Point","coordinates":[-6.78462035304108,41.278397871066495]},"id":"00000000000000000064","properties":{"CaCO3":"NA","CaCO3__20_":"","Depth":"0-20 cm","EC":12.41,"Elev":593,"K":121.4,"LC":"E20","LC0_Desc":"Grassland","LC1_Desc":"Grassland without tree/shrub cover","LU":"U111","LU1_Desc":"Agriculture (excluding fallow land and kitchen gardens)","N":4.0,"NUTS_0":"PT","NUTS_1":"PT1","NUTS_2":"PT11","NUTS_3":"PT11E","OC":35.6,"OC__20_30_":"","Ox_Al":0.0,"Ox_Fe":0.0,"P":"12.3","POINTID":29222176,"POINTID_1":29222176,"TH_LAT":41.27839779,"TH_LONG":-6.784619099,"pH_CaCl2":5.1,"pH_H2O":5.83}},{"type":"Feature","geometry":{"type":"Point","coordinates":[-8.77525224532039,37.13910354517374]},"id":"00000000000000000073","properties":{"CaCO3":"204","CaCO3__20_":"","Depth":"0-20 cm","EC":19.44,"Elev":111,"K":448.1,"LC":"E20","LC0_Desc":"Grassland","LC1_Desc":"Grassland without tree/shrub cover","LU":"U111","LU1_Desc":"Agriculture (excluding fallow land and kitchen gardens)","N":3.0,"NUTS_0":"PT","NUTS_1":"PT1","NUTS_2":"PT15","NUTS_3":"PT150","OC":28.2,"OC__20_30_":"","Ox_Al":0.0,"Ox_Fe":0.0,"P":"40.3","POINTID":26581768,"POINTID_1":26581768,"TH_LAT":37.13910423,"TH_LONG":-8.775251839,"pH_CaCl2":6.9,"pH_H2O":7.47}},{"type":"Feature","geometry":{"type":"Point","coordinates":[-8.57821348797072,37.178664689719916]},"id":"00000000000000000076","properties":{"CaCO3":"56","CaCO3__20_":"","Depth":"0-20 cm","EC":18.39,"Elev":59,"K":622.5,"LC":"E20","LC0_Desc":"Grassland","LC1_Desc":"Grassland without tree/shrub cover","LU":"U111","LU1_Desc":"Agriculture (excluding fallow land and kitchen gardens)","N":4.6,"NUTS_0":"PT","NUTS_1":"PT1","NUTS_2":"PT15","NUTS_3":"PT150","OC":53.6,"OC__20_30_":"","Ox_Al":0.0,"Ox_Fe":0.0,"P":"44.5","POINTID":26761768,"POINTID_1":26761768,"TH_LAT":37.17866631,"TH_LONG":-8.578214406,"pH_CaCl2":6.9,"pH_H2O":7.72}},{"type":"Feature","geometry":{"type":"Point","coordinates":[-8.598020814850129,40.71000517798584]},"id":"000000000000000000ad","properties":{"CaCO3":"NA","CaCO3__20_":"","Depth":"0-20 cm","EC":29.41,"Elev":50,"K":278.1,"LC":"E20","LC0_Desc":"Grassland","LC1_Desc":"Grassland without tree/shrub cover","LU":"U111","LU1_Desc":"Agriculture (excluding fallow land and kitchen gardens)","N":4.1,"NUTS_0":"PT","NUTS_1":"PT1","NUTS_2":"PT16","NUTS_3":"PT16D","OC":47.2,"OC__20_30_":"","Ox_Al":0.0,"Ox_Fe":0.0,"P":"< LOD","POINTID":27602150,"POINTID_1":27602150,"TH_LAT":40.71000579,"TH_LONG":-8.598018758,"pH_CaCl2":5.7,"pH_H2O":6.34}},{"type":"Feature","geometry":{"type":"Point","coordinates":[-7.204226221271389,39.89685688718261]},"id":"000000000000000000e9","properties":{"CaCO3":"NA","CaCO3__20_":"","Depth":"0-20 cm","EC":28.43,"Elev":276,"K":607.7,"LC":"E20","LC0_Desc":"Grassland","LC1_Desc":"Grassland without tree/shrub cover","LU":"U111","LU1_Desc":"Agriculture (excluding fallow land and kitchen gardens)","N":3.6,"NUTS_0":"PT","NUTS_1":"PT1","NUTS_2":"PT16","NUTS_3":"PT16H","OC":34.8,"OC__20_30_":"","Ox_Al":1.5,"Ox_Fe":2.9,"P":"35.6","POINTID":28562034,"POINTID_1":28562034,"TH_LAT":39.89685605,"TH_LONG":-7.204226345,"pH_CaCl2":6.3,"pH_H2O":6.61}},{"type":"Feature","geometry":{"type":"Point","coordinates":[-6.980415021196834,39.95496789211112]},"id":"000000000000000000f6","properties":{"CaCO3":"NA","CaCO3__20_":"","Depth":"0-20 cm","EC":4.71,"Elev":379,"K":64.7,"LC":"E20","LC0_Desc":"Grassland","LC1_Desc":"Grassland without tree/shrub cover","LU":"U111","LU1_Desc":"Agriculture (excluding fallow land and kitchen gardens)","N":1.4,"NUTS_0":"PT","NUTS_1":"PT1","NUTS_2":"PT16","NUTS_3":"PT16H","OC":16.3,"OC__20_30_":"","Ox_Al":0.0,"Ox_Fe":0.0,"P":"12.4","POINTID":28762036,"POINTID_1":28762036,"TH_LAT":39.95496662,"TH_LONG":-6.980413823,"pH_CaCl2":4.9,"pH_H2O":5.78}},{"type":"Feature","geometry":{"type":"Point","coordinates":[-6.947444428007656,40.3661861912599]},"id":"000000000000000000fe","properties":{"CaCO3":"NA","CaCO3__20_":"","Depth":"0-20 cm","EC":15.77,"Elev":910,"K":191.5,"LC":"E20","LC0_Desc":"Grassland","LC1_Desc":"Grassland without tree/shrub cover","LU":"U111","LU1_Desc":"Agriculture (excluding fallow land and kitchen gardens)","N":4.9,"NUTS_0":"PT","NUTS_1":"PT1","NUTS_2":"PT16","NUTS_3":"PT16J","OC":49.9,"OC__20_30_":"","Ox_Al":0.0,"Ox_Fe":0.0,"P":"38.7","POINTID":28882080,"POINTID_1":28882080,"TH_LAT":40.3661851,"TH_LONG":-6.947443508,"pH_CaCl2":4.9,"pH_H2O":5.58}},{"type":"Feature","geometry":{"type":"Point","coordinates":[-9.350966782330788,38.89468284362277]},"id":"00000000000000000106","properties":{"CaCO3":"190","CaCO3__20_":"","Depth":"0-20 cm","EC":16.83,"Elev":181,"K":461.7,"LC":"E20","LC0_Desc":"Grassland","LC1_Desc":"Grassland without tree/shrub cover","LU":"U111","LU1_Desc":"Agriculture (excluding fallow land and kitchen gardens)","N":1.8,"NUTS_0":"PT","NUTS_1":"PT1","NUTS_2":"PT17","NUTS_3":"PT170","OC":19.0,"OC__20_30_":"","Ox_Al":0.0,"Ox_Fe":0.0,"P":"< LOD","POINTID":26521970,"POINTID_1":26521970,"TH_LAT":38.89468135,"TH_LONG":-9.350968161,"pH_CaCl2":7.1,"pH_H2O":7.75}},{"type":"Feature","geometry":{"type":"Point","coordinates":[-8.624440988591795,38.76226537873963]},"id":"0000000000000000010c","properties":{"CaCO3":"NA","CaCO3__20_":"","Depth":"0-20 cm","EC":5.82,"Elev":89,"K":75.9,"LC":"E20","LC0_Desc":"Grassland","LC1_Desc":"Grassland without tree/shrub cover","LU":"U111","LU1_Desc":"Agriculture (excluding fallow land and kitchen gardens)","N":0.7,"NUTS_0":"PT","NUTS_1":"PT1","NUTS_2":"PT17","NUTS_3":"PT170","OC":6.1,"OC__20_30_":"","Ox_Al":0.0,"Ox_Fe":0.0,"P":"23.6","POINTID":27101940,"POINTID_1":27101940,"TH_LAT":38.76226676,"TH_LONG":-8.624439327,"pH_CaCl2":5.5,"pH_H2O":6.18}},{"type":"Feature","geometry":{"type":"Point","coordinates":[-8.601249204012824,37.933612793573566]},"id":"00000000000000000114","properties":{"CaCO3":"NA","CaCO3__20_":"","Depth":"0-20 cm","EC":5.81,"Elev":161,"K":55.4,"LC":"E20","LC0_Desc":"Grassland","LC1_Desc":"Grassland without tree/shrub cover","LU":"U111","LU1_Desc":"Agriculture (excluding fallow land and kitchen gardens)","N":1.4,"NUTS_0":"PT","NUTS_1":"PT1","NUTS_2":"PT18","NUTS_3":"PT181","OC":14.2,"OC__20_30_":"","Ox_Al":0.0,"Ox_Fe":0.0,"P":"< LOD","POINTID":26921850,"POINTID_1":26921850,"TH_LAT":37.93361456,"TH_LONG":-8.601248224,"pH_CaCl2":5.3,"pH_H2O":6.07}},{"type":"Feature","geometry":{"type":"Point","coordinates":[-8.444052514575695,37.872050444429696]},"id":"0000000000000000011e","properties":{"CaCO3":"NA","CaCO3__20_":"","Depth":"0-20 cm","EC":4.83,"Elev":118,"K":45.1,"LC":"E20","LC0_Desc":"Grassland","LC1_Desc":"Grassland without tree/shrub cover","LU":"U111","LU1_Desc":"Agriculture (excluding fallow land and kitchen gardens)","N":0.8,"NUTS_0":"PT","NUTS_1":"PT1","NUTS_2":"PT18","NUTS_3":"PT181","OC":6.2,"OC__20_30_":"","Ox_Al":0.0,"Ox_Fe":0.0,"P":"13.5","POINTID":27041840,"POINTID_1":27041840,"TH_LAT":37.87204858,"TH_LONG":-8.444053459,"pH_CaCl2":4.7,"pH_H2O":5.71}},{"type":"Feature","geometry":{"type":"Point","coordinates":[-8.532128678583359,38.18799559047054]},"id":"0000000000000000011f","properties":{"CaCO3":"NA","CaCO3__20_":"","Depth":"0-20 cm","EC":2.97,"Elev":129,"K":30.4,"LC":"E20","LC0_Desc":"Grassland","LC1_Desc":"Grassland without tree/shrub cover","LU":"U111","LU1_Desc":"Agriculture (excluding fallow land and kitchen gardens)","N":0.7,"NUTS_0":"PT","NUTS_1":"PT1","NUTS_2":"PT18","NUTS_3":"PT181","OC":6.0,"OC__20_30_":"","Ox_Al":0.0,"Ox_Fe":0.0,"P":"< LOD","POINTID":27041876,"POINTID_1":27041876,"TH_LAT":38.18799401,"TH_LONG":-8.532129552,"pH_CaCl2":4.8,"pH_H2O":5.88}},{"type":"Feature","geometry":{"type":"Point","coordinates":[-8.165260598512154,37.70434811291065]},"id":"00000000000000000132","properties":{"CaCO3":"NA","CaCO3__20_":"","Depth":"0-20 cm","EC":8.01,"Elev":302,"K":110.9,"LC":"E20","LC0_Desc":"Grassland","LC1_Desc":"Grassland without tree/shrub cover","LU":"U111","LU1_Desc":"Agriculture (excluding fallow land and kitchen gardens)","N":2.1,"NUTS_0":"PT","NUTS_1":"PT1","NUTS_2":"PT18","NUTS_3":"PT184","OC":25.8,"OC__20_30_":"","Ox_Al":0.0,"Ox_Fe":0.0,"P":"14.1","POINTID":27241816,"POINTID_1":27241816,"TH_LAT":37.70434947,"TH_LONG":-8.165260477,"pH_CaCl2":4.7,"pH_H2O":5.62}},{"type":"Feature","geometry":{"type":"Point","coordinates":[-8.480398647262335,39.08650445273989]},"id":"0000000000000000013b","properties":{"CaCO3":"NA","CaCO3__20_":"","Depth":"0-20 cm","EC":10.17,"Elev":153,"K":108.9,"LC":"E20","LC0_Desc":"Grassland","LC1_Desc":"Grassland without tree/shrub cover","LU":"U111","LU1_Desc":"Agriculture (excluding fallow land and kitchen gardens)","N":1.0,"NUTS_0":"PT","NUTS_1":"PT1","NUTS_2":"PT18","NUTS_3":"PT185","OC":11.5,"OC__20_30_":"","Ox_Al":0.0,"Ox_Fe":0.0,"P":"< LOD","POINTID":27301972,"POINTID_1":27301972,"TH_LAT":39.08650659,"TH_LONG":-8.480398084,"pH_CaCl2":4.3,"pH_H2O":5.0}},{"type":"Feature","geometry":{"type":"Point","coordinates":[-8.001415389404338,37.43994125684553]},"id":"0000000000000000013d","properties":{"CaCO3":"NA","CaCO3__20_":"","Depth":"0-20 cm","EC":3.58,"Elev":404,"K":30.2,"LC":"E20","LC0_Desc":"Grassland","LC1_Desc":"Grassland without tree/shrub cover","LU":"U111","LU1_Desc":"Agriculture (excluding fallow land and kitchen gardens)","N":1.4,"NUTS_0":"PT","NUTS_1":"PT1","NUTS_2":"PT18","NUTS_3":"PT184","OC":13.0,"OC__20_30_":"","Ox_Al":0.0,"Ox_Fe":0.0,"P":"< LOD","POINTID":27321784,"POINTID_1":27321784,"TH_LAT":37.43994321,"TH_LONG":-8.001415407,"pH_CaCl2":4.9,"pH_H2O":5.75}},{"type":"Feature","geometry":{"type":"Point","coordinates":[-8.395327917364694,38.95498326716851]},"id":"0000000000000000013f","properties":{"CaCO3":"NA","CaCO3__20_":"","Depth":"0-20 cm","EC":3.06,"Elev":120,"K":41.2,"LC":"E20","LC0_Desc":"Grassland","LC1_Desc":"Grassland without tree/shrub cover","LU":"U111","LU1_Desc":"Agriculture (excluding fallow land and kitchen gardens)","N":0.8,"NUTS_0":"PT","NUTS_1":"PT1","NUTS_2":"PT18","NUTS_3":"PT185","OC":6.5,"OC__20_30_":"","Ox_Al":0.0,"Ox_Fe":0.0,"P":"< LOD","POINTID":27341956,"POINTID_1":27341956,"TH_LAT":38.95498465,"TH_LONG":-8.39532958,"pH_CaCl2":4.9,"pH_H2O":5.81}},{"type":"Feature","geometry":{"type":"Point","coordinates":[-8.276096014296604,38.70052912465468]},"id":"00000000000000000145","properties":{"CaCO3":"NA","CaCO3__20_":"","Depth":"0-20 cm","EC":13.21,"Elev":233,"K":62.7,"LC":"E20","LC0_Desc":"Grassland","LC1_Desc":"Grassland without tree/shrub cover","LU":"U111","LU1_Desc":"Agriculture (excluding fallow land and kitchen gardens)","N":1.7,"NUTS_0":"PT","NUTS_1":"PT1","NUTS_2":"PT18","NUTS_3":"PT187","OC":20.1,"OC__20_30_":"","Ox_Al":0.0,"Ox_Fe":0.0,"P":"15.5","POINTID":27381926,"POINTID_1":27381926,"TH_LAT":38.70052885,"TH_LONG":-8.276096238,"pH_CaCl2":5.9,"pH_H2O":6.28}},{"type":"Feature","geometry":{"type":"Point","coordinates":[-8.045814658593498,38.208373682284794]},"id":"0000000000000000014c","properties":{"CaCO3":"NA","CaCO3__20_":"","Depth":"0-20 cm","EC":6.07,"Elev":182,"K":120.5,"LC":"E20","LC0_Desc":"Grassland","LC1_Desc":"Grassland without tree/shrub cover","LU":"U111","LU1_Desc":"Agriculture (excluding fallow land and kitchen gardens)","N":1.3,"NUTS_0":"PT","NUTS_1":"PT1","NUTS_2":"PT18","NUTS_3":"PT184","OC":12.1,"OC__20_30_":"","Ox_Al":0.0,"Ox_Fe":0.0,"P":"10.4","POINTID":27461868,"POINTID_1":27461868,"TH_LAT":38.20837457,"TH_LONG":-8.045813739,"pH_CaCl2":4.7,"pH_H2O":5.68}},{"type":"Feature","geometry":{"type":"Point","coordinates":[-7.964725905936584,38.168384464037494]},"id":"00000000000000000155","properties":{"CaCO3":"30","CaCO3__20_":"","Depth":"0-20 cm","EC":15.5,"Elev":210,"K":223.7,"LC":"E20","LC0_Desc":"Grassland","LC1_Desc":"Grassland without tree/shrub cover","LU":"U111","LU1_Desc":"Agriculture (excluding fallow land and kitchen gardens)","N":2.1,"NUTS_0":"PT","NUTS_1":"PT1","NUTS_2":"PT18","NUTS_3":"PT184","OC":21.5,"OC__20_30_":"","Ox_Al":0.0,"Ox_Fe":0.0,"P":"14","POINTID":27521862,"POINTID_1":27521862,"TH_LAT":38.16838432,"TH_LONG":-7.964727398,"pH_CaCl2":6.7,"pH_H2O":7.17}},{"type":"Feature","geometry":{"type":"Point","coordinates":[-7.77772904415928,37.556734031637376]},"id":"00000000000000000157","properties":{"CaCO3":"NA","CaCO3__20_":"","Depth":"0-20 cm","EC":3.52,"Elev":217,"K":48.8,"LC":"E20","LC0_Desc":"Grassland","LC1_Desc":"Grassland without tree/shrub cover","LU":"U111","LU1_Desc":"Agriculture (excluding fallow land and kitchen gardens)","N":1.5,"NUTS_0":"PT","NUTS_1":"PT1","NUTS_2":"PT18","NUTS_3":"PT184","OC":9.7,"OC__20_30_":"","Ox_Al":0.0,"Ox_Fe":0.0,"P":"< LOD","POINTID":27541792,"POINTID_1":27541792,"TH_LAT":37.55673214,"TH_LONG":-7.777729769,"pH_CaCl2":5.5,"pH_H2O":6.29}},{"type":"Feature","geometry":{"type":"Point","coordinates":[-7.955722980909676,38.650805688807694]},"id":"00000000000000000164","properties":{"CaCO3":"NA","CaCO3__20_":"","Depth":"0-20 cm","EC":5.78,"Elev":353,"K":85.5,"LC":"E20","LC0_Desc":"Grassland","LC1_Desc":"Grassland without tree/shrub cover","LU":"U111","LU1_Desc":"Agriculture (excluding fallow land and kitchen gardens)","N":1.6,"NUTS_0":"PT","NUTS_1":"PT1","NUTS_2":"PT18","NUTS_3":"PT187","OC":15.4,"OC__20_30_":"","Ox_Al":0.0,"Ox_Fe":0.0,"P":"< LOD","POINTID":27641914,"POINTID_1":27641914,"TH_LAT":38.65080775,"TH_LONG":-7.955721568,"pH_CaCl2":5.6,"pH_H2O":6.38}},{"type":"Feature","geometry":{"type":"Point","coordinates":[-7.698312454397409,38.5698685455866]},"id":"0000000000000000017a","properties":{"CaCO3":"NA","CaCO3__20_":"","Depth":"0-20 cm","EC":9.21,"Elev":262,"K":65.2,"LC":"E20","LC0_Desc":"Grassland","LC1_Desc":"Grassland without tree/shrub cover","LU":"U111","LU1_Desc":"Agriculture (excluding fallow land and kitchen gardens)","N":0.8,"NUTS_0":"PT","NUTS_1":"PT1","NUTS_2":"PT18","NUTS_3":"PT187","OC":6.0,"OC__20_30_":"","Ox_Al":0.0,"Ox_Fe":0.0,"P":"24.5","POINTID":27841900,"POINTID_1":27841900,"TH_LAT":38.56986667,"TH_LONG":-7.698314065,"pH_CaCl2":5.0,"pH_H2O":5.64}},{"type":"Feature","geometry":{"type":"Point","coordinates":[-7.8040243630714485,39.21522086374866]},"id":"00000000000000000184","properties":{"CaCO3":"NA","CaCO3__20_":"","Depth":"0-20 cm","EC":18.32,"Elev":222,"K":63.8,"LC":"E20","LC0_Desc":"Grassland","LC1_Desc":"Grassland without tree/shrub cover","LU":"U111","LU1_Desc":"Agriculture (excluding fallow land and kitchen gardens)","N":1.4,"NUTS_0":"PT","NUTS_1":"PT1","NUTS_2":"PT18","NUTS_3":"PT186","OC":11.7,"OC__20_30_":"","Ox_Al":0.0,"Ox_Fe":0.0,"P":"< LOD","POINTID":27901972,"POINTID_1":27901972,"TH_LAT":39.21522234,"TH_LONG":-7.8040254,"pH_CaCl2":6.7,"pH_H2O":7.4}},{"type":"Feature","geometry":{"type":"Point","coordinates":[-7.750827287503838,39.28053777597954]},"id":"0000000000000000018b","properties":{"CaCO3":"NA","CaCO3__20_":"","Depth":"0-20 cm","EC":6.25,"Elev":250,"K":50.2,"LC":"E20","LC0_Desc":"Grassland","LC1_Desc":"Grassland without tree/shrub cover","LU":"U111","LU1_Desc":"Agriculture (excluding fallow land and kitchen gardens)","N":0.8,"NUTS_0":"PT","NUTS_1":"PT1","NUTS_2":"PT18","NUTS_3":"PT186","OC":7.6,"OC__20_30_":"","Ox_Al":0.0,"Ox_Fe":0.0,"P":"< LOD","POINTID":27961978,"POINTID_1":27961978,"TH_LAT":39.28053911,"TH_LONG":-7.7508278,"pH_CaCl2":4.5,"pH_H2O":5.34}},{"type":"Feature","geometry":{"type":"Point","coordinates":[-7.374068921296091,37.96502270139404]},"id":"0000000000000000018c","properties":{"CaCO3":"NA","CaCO3__20_":"","Depth":"0-20 cm","EC":8.97,"Elev":295,"K":86.0,"LC":"E20","LC0_Desc":"Grassland","LC1_Desc":"Grassland without tree/shrub cover","LU":"U111","LU1_Desc":"Agriculture (excluding fallow land and kitchen gardens)","N":1.5,"NUTS_0":"PT","NUTS_1":"PT1","NUTS_2":"PT18","NUTS_3":"PT184","OC":15.2,"OC__20_30_":"","Ox_Al":0.0,"Ox_Fe":0.0,"P":"< LOD","POINTID":27981828,"POINTID_1":27981828,"TH_LAT":37.96502252,"TH_LONG":-7.374066696,"pH_CaCl2":5.6,"pH_H2O":6.39}},{"type":"Feature","geometry":{"type":"Point","coordinates":[-7.610744627909838,39.02946809116526]},"id":"00000000000000000192","properties":{"CaCO3":"NA","CaCO3__20_":"","Depth":"0-20 cm","EC":6.27,"Elev":293,"K":97.5,"LC":"E20","LC0_Desc":"Grassland","LC1_Desc":"Grassland without tree/shrub cover","LU":"U111","LU1_Desc":"Agriculture (excluding fallow land and kitchen gardens)","N":1.1,"NUTS_0":"PT","NUTS_1":"PT1","NUTS_2":"PT18","NUTS_3":"PT186","OC":9.6,"OC__20_30_":"","Ox_Al":0.0,"Ox_Fe":0.0,"P":"10.4","POINTID":28021948,"POINTID_1":28021948,"TH_LAT":39.02946713,"TH_LONG":-7.610744609,"pH_CaCl2":5.6,"pH_H2O":6.39}},{"type":"Feature","geometry":{"type":"Point","coordinates":[-7.573876780399947,38.980877266985864]},"id":"00000000000000000194","properties":{"CaCO3":"NA","CaCO3__20_":"","Depth":"0-20 cm","EC":17.43,"Elev":277,"K":282.1,"LC":"E20","LC0_Desc":"Grassland","LC1_Desc":"Grassland without tree/shrub cover","LU":"U111","LU1_Desc":"Agriculture (excluding fallow land and kitchen gardens)","N":2.4,"NUTS_0":"PT","NUTS_1":"PT1","NUTS_2":"PT18","NUTS_3":"PT186","OC":20.4,"OC__20_30_":"","Ox_Al":0.0,"Ox_Fe":0.0,"P":"49.4","POINTID":28041942,"POINTID_1":28041942,"TH_LAT":38.98087583,"TH_LONG":-7.57387511,"pH_CaCl2":6.5,"pH_H2O":7.09}},{"type":"Feature","geometry":{"type":"Point","coordinates":[-7.616978451182558,39.1391173860695]},"id":"00000000000000000195","properties":{"CaCO3":"NA","CaCO3__20_":"","Depth":"0-20 cm","EC":8.24,"Elev":304,"K":133.4,"LC":"E20","LC0_Desc":"Grassland","LC1_Desc":"Grassland without tree/shrub cover","LU":"U111","LU1_Desc":"Agriculture (excluding fallow land and kitchen gardens)","N":1.4,"NUTS_0":"PT","NUTS_1":"PT1","NUTS_2":"PT18","NUTS_3":"PT186","OC":13.4,"OC__20_30_":"","Ox_Al":0.0,"Ox_Fe":0.0,"P":"19.8","POINTID":28041960,"POINTID_1":28041960,"TH_LAT":39.13911643,"TH_LONG":-7.616980505,"pH_CaCl2":5.8,"pH_H2O":6.41}},{"type":"Feature","geometry":{"type":"Point","coordinates":[-7.340884291256346,38.72822906039868]},"id":"0000000000000000019e","properties":{"CaCO3":"NA","CaCO3__20_":"","Depth":"0-20 cm","EC":5.91,"Elev":305,"K":153.7,"LC":"E20","LC0_Desc":"Grassland","LC1_Desc":"Grassland without tree/shrub cover","LU":"U111","LU1_Desc":"Agriculture (excluding fallow land and kitchen gardens)","N":3.1,"NUTS_0":"PT","NUTS_1":"PT1","NUTS_2":"PT18","NUTS_3":"PT187","OC":33.6,"OC__20_30_":"","Ox_Al":0.0,"Ox_Fe":0.0,"P":"18.7","POINTID":28181910,"POINTID_1":28181910,"TH_LAT":38.72823053,"TH_LONG":-7.340885575,"pH_CaCl2":4.9,"pH_H2O":5.77}},{"type":"Feature","geometry":{"type":"Point","coordinates":[-7.2396314836357485,38.96812423797301]},"id":"000000000000000001a8","properties":{"CaCO3":"NA","CaCO3__20_":"","Depth":"0-20 cm","EC":6.88,"Elev":429,"K":212.3,"LC":"E20","LC0_Desc":"Grassland","LC1_Desc":"Grassland without tree/shrub cover","LU":"U111","LU1_Desc":"Agriculture (excluding fallow land and kitchen gardens)","N":1.9,"NUTS_0":"PT","NUTS_1":"PT1","NUTS_2":"PT18","NUTS_3":"PT186","OC":19.6,"OC__20_30_":"","Ox_Al":0.0,"Ox_Fe":0.0,"P":"24.3","POINTID":28321934,"POINTID_1":28321934,"TH_LAT":38.9681224,"TH_LONG":-7.239633354,"pH_CaCl2":5.9,"pH_H2O":6.62}},{"type":"Feature","geometry":{"type":"Point","coordinates":[-7.31719308735939,39.433855047500174]},"id":"000000000000000001aa","properties":{"CaCO3":"NA","CaCO3__20_":"","Depth":"0-20 cm","EC":14.39,"Elev":462,"K":76.2,"LC":"E20","LC0_Desc":"Grassland","LC1_Desc":"Grassland without tree/shrub cover","LU":"U111","LU1_Desc":"Agriculture (excluding fallow land and kitchen gardens)","N":1.8,"NUTS_0":"PT","NUTS_1":"PT1","NUTS_2":"PT18","NUTS_3":"PT186","OC":17.4,"OC__20_30_":"","Ox_Al":0.0,"Ox_Fe":0.0,"P":"16.7","POINTID":28361986,"POINTID_1":28361986,"TH_LAT":39.43385456,"TH_LONG":-7.317192334,"pH_CaCl2":4.3,"pH_H2O":4.91}},{"type":"Feature","geometry":{"type":"Point","coordinates":[-7.126241002947675,38.89632379281043]},"id":"000000000000000001ab","properties":{"CaCO3":"NA","CaCO3__20_":"","Depth":"0-20 cm","EC":13.66,"Elev":266,"K":259.9,"LC":"E20","LC0_Desc":"Grassland","LC1_Desc":"Grassland without tree/shrub cover","LU":"U111","LU1_Desc":"Agriculture (excluding fallow land and kitchen gardens)","N":1.6,"NUTS_0":"PT","NUTS_1":"PT1","NUTS_2":"PT18","NUTS_3":"PT186","OC":14.6,"OC__20_30_":"","Ox_Al":0.0,"Ox_Fe":0.0,"P":"< LOD","POINTID":28401924,"POINTID_1":28401924,"TH_LAT":38.89632325,"TH_LONG":-7.126242075,"pH_CaCl2":6.6,"pH_H2O":7.07}},{"type":"Feature","geometry":{"type":"Point","coordinates":[-8.674810994091521,41.36098488167735]},"id":"0000000000000000000a","properties":{"CaCO3":"NA","CaCO3__20_":"NA","Depth":"0-20 cm","EC":24.9,"Elev":117,"K":97.5,"LC":"B12","LC0_Desc":"Cropland","LC1_Desc":"Durum wheat","LU":"U111","LU1_Desc":"Agriculture (excluding fallow land and kitchen gardens)","N":3.0,"NUTS_0":"PT","NUTS_1":"PT1","NUTS_2":"PT11","NUTS_3":"PT11A","OC":37.3,"OC__20_30_":"9.9","Ox_Al":1.4,"Ox_Fe":3.2,"P":"65.2","POINTID":27702222,"POINTID_1":27702222,"TH_LAT":41.36098366,"TH_LONG":-8.674812639,"pH_CaCl2":4.6,"pH_H2O":4.82}},{"type":"Feature","geometry":{"type":"Point","coordinates":[-7.273083659738703,40.8433679722923]},"id":"000000000000000000f1","properties":{"CaCO3":"NA","CaCO3__20_":"NA","Depth":"0-20 cm","EC":5.11,"Elev":709,"K":136.2,"LC":"B14","LC0_Desc":"Cropland","LC1_Desc":"Rye","LU":"U111","LU1_Desc":"Agriculture (excluding fallow land and kitchen gardens)","N":0.7,"NUTS_0":"PT","NUTS_1":"PT1","NUTS_2":"PT16","NUTS_3":"PT16J","OC":7.3,"OC__20_30_":"8.4","Ox_Al":0.0,"Ox_Fe":0.0,"P":"24.8","POINTID":28722138,"POINTID_1":28722138,"TH_LAT":40.84336641,"TH_LONG":-7.273082493,"pH_CaCl2":4.4,"pH_H2O":5.11}},{"type":"Feature","geometry":{"type":"Point","coordinates":[-7.068388625880268,40.45555549457307]},"id":"000000000000000000fa","properties":{"CaCO3":"NA","CaCO3__20_":"NA","Depth":"0-20 cm","EC":2.94,"Elev":819,"K":61.0,"LC":"B14","LC0_Desc":"Cropland","LC1_Desc":"Rye","LU":"U111","LU1_Desc":"Agriculture (excluding fallow land and kitchen gardens)","N":0.9,"NUTS_0":"PT","NUTS_1":"PT1","NUTS_2":"PT16","NUTS_3":"PT16J","OC":9.9,"OC__20_30_":"5.9","Ox_Al":0.0,"Ox_Fe":0.0,"P":"< LOD","POINTID":28802092,"POINTID_1":28802092,"TH_LAT":40.45555349,"TH_LONG":-7.068386658,"pH_CaCl2":4.8,"pH_H2O":5.48}},{"type":"Feature","geometry":{"type":"Point","coordinates":[-8.306083468881027,38.63924323977611]},"id":"0000000000000000013e","properties":{"CaCO3":"1","CaCO3__20_":"NA","Depth":"0-20 cm","EC":17.75,"Elev":287,"K":118.2,"LC":"B15","LC0_Desc":"Cropland","LC1_Desc":"Oats","LU":"U111","LU1_Desc":"Agriculture (excluding fallow land and kitchen gardens)","N":1.0,"NUTS_0":"PT","NUTS_1":"PT1","NUTS_2":"PT18","NUTS_3":"PT187","OC":10.5,"OC__20_30_":"12.5","Ox_Al":0.0,"Ox_Fe":0.0,"P":"16.9","POINTID":27341920,"POINTID_1":27341920,"TH_LAT":38.63924275,"TH_LONG":-8.306084154,"pH_CaCl2":6.3,"pH_H2O":6.65}},{"type":"Feature","geometry":{"type":"Point","coordinates":[-7.988546423764093,38.94034849751109]},"id":"00000000000000000167","properties":{"CaCO3":"NA","CaCO3__20_":"NA","Depth":"0-20 cm","EC":4.36,"Elev":148,"K":76.4,"LC":"B15","LC0_Desc":"Cropland","LC1_Desc":"Oats","LU":"U111","LU1_Desc":"Agriculture (excluding fallow land and kitchen gardens)","N":0.6,"NUTS_0":"PT","NUTS_1":"PT1","NUTS_2":"PT18","NUTS_3":"PT187","OC":4.2,"OC__20_30_":"4.8","Ox_Al":0.0,"Ox_Fe":0.0,"P":"12.6","POINTID":27681946,"POINTID_1":27681946,"TH_LAT":38.94034874,"TH_LONG":-7.988548455,"pH_CaCl2":5.2,"pH_H2O":6.01}},{"type":"Feature","geometry":{"type":"Point","coordinates":[-8.705774991806647,41.53997765706372]},"id":"0000000000000000000c","properties":{"CaCO3":"NA","CaCO3__20_":"NA","Depth":"0-20 cm","EC":30.3,"Elev":122,"K":220.2,"LC":"B16","LC0_Desc":"Cropland","LC1_Desc":"Maize","LU":"U111","LU1_Desc":"Agriculture (excluding fallow land and kitchen gardens)","N":4.1,"NUTS_0":"PT","NUTS_1":"PT1","NUTS_2":"PT11","NUTS_3":"PT112","OC":47.3,"OC__20_30_":"40.3","Ox_Al":0.0,"Ox_Fe":0.0,"P":"34.7","POINTID":27722242,"POINTID_1":27722242,"TH_LAT":41.53997645,"TH_LONG":-8.705776471,"pH_CaCl2":5.0,"pH_H2O":5.44}},{"type":"Feature","geometry":{"type":"Point","coordinates":[-7.376780054736585,41.636071284765485]},"id":"00000000000000000053","properties":{"CaCO3":"NA","CaCO3__20_":"NA","Depth":"0-20 cm","EC":14.24,"Elev":569,"K":70.1,"LC":"B16","LC0_Desc":"Cropland","LC1_Desc":"Maize","LU":"U111","LU1_Desc":"Agriculture (excluding fallow land and kitchen gardens)","N":1.7,"NUTS_0":"PT","NUTS_1":"PT1","NUTS_2":"PT11","NUTS_3":"PT11B","OC":17.0,"OC__20_30_":"15.1","Ox_Al":0.0,"Ox_Fe":0.0,"P":"39.1","POINTID":28822226,"POINTID_1":28822226,"TH_LAT":41.63607008,"TH_LONG":-7.376778635,"pH_CaCl2":4.3,"pH_H2O":4.76}},{"type":"Feature","geometry":{"type":"Point","coordinates":[-8.74520682242227,39.016193347329164]},"id":"00000000000000000121","properties":{"CaCO3":"NA","CaCO3__20_":"NA","Depth":"0-20 cm","EC":13.14,"Elev":82,"K":28.5,"LC":"B21","LC0_Desc":"Cropland","LC1_Desc":"Potatoes","LU":"U111","LU1_Desc":"Agriculture (excluding fallow land and kitchen gardens)","N":0.4,"NUTS_0":"PT","NUTS_1":"PT1","NUTS_2":"PT18","NUTS_3":"PT185","OC":3.3,"OC__20_30_":"3.2","Ox_Al":0.0,"Ox_Fe":0.0,"P":"54.9","POINTID":27061970,"POINTID_1":27061970,"TH_LAT":39.01619339,"TH_LONG":-8.745206354,"pH_CaCl2":5.3,"pH_H2O":5.65}},{"type":"Feature","geometry":{"type":"Point","coordinates":[-8.591381213381547,38.23186422663436]},"id":"0000000000000000011c","properties":{"CaCO3":"NA","CaCO3__20_":"NA","Depth":"0-20 cm","EC":7.58,"Elev":146,"K":42.6,"LC":"B23","LC0_Desc":"Cropland","LC1_Desc":"Other root crops","LU":"U111","LU1_Desc":"Agriculture (excluding fallow land and kitchen gardens)","N":0.7,"NUTS_0":"PT","NUTS_1":"PT1","NUTS_2":"PT18","NUTS_3":"PT181","OC":8.2,"OC__20_30_":"7.3","Ox_Al":0.0,"Ox_Fe":0.0,"P":"38.5","POINTID":27001882,"POINTID_1":27001882,"TH_LAT":38.23186429,"TH_LONG":-8.591381992,"pH_CaCl2":4.8,"pH_H2O":5.47}},{"type":"Feature","geometry":{"type":"Point","coordinates":[-8.55977064601367,40.42146566701946]},"id":"000000000000000000aa","properties":{"CaCO3":"NA","CaCO3__20_":"NA","Depth":"0-20 cm","EC":11.52,"Elev":113,"K":49.1,"LC":"B41","LC0_Desc":"Cropland","LC1_Desc":"Dry pulses","LU":"U111","LU1_Desc":"Agriculture (excluding fallow land and kitchen gardens)","N":1.0,"NUTS_0":"PT","NUTS_1":"PT1","NUTS_2":"PT16","NUTS_3":"PT16D","OC":12.0,"OC__20_30_":"10.7","Ox_Al":0.0,"Ox_Fe":0.0,"P":"127.2","POINTID":27562118,"POINTID_1":27562118,"TH_LAT":40.42146744,"TH_LONG":-8.559769342,"pH_CaCl2":4.9,"pH_H2O":5.43}},{"type":"Feature","geometry":{"type":"Point","coordinates":[-7.8188107421646755,40.54203975950463]},"id":"000000000000000000cc","properties":{"CaCO3":"NA","CaCO3__20_":"NA","Depth":"0-20 cm","EC":19.54,"Elev":417,"K":124.9,"LC":"B53","LC0_Desc":"Cropland","LC1_Desc":"Other Leguminous  and mixtures for fodder","LU":"U111","LU1_Desc":"Agriculture (excluding fallow land and kitchen gardens)","N":1.6,"NUTS_0":"PT","NUTS_1":"PT1","NUTS_2":"PT16","NUTS_3":"PT16G","OC":15.8,"OC__20_30_":"9.2","Ox_Al":0.6,"Ox_Fe":4.0,"P":"41.1","POINTID":28202116,"POINTID_1":28202116,"TH_LAT":40.54203908,"TH_LONG":-7.818808675,"pH_CaCl2":4.6,"pH_H2O":4.89}},{"type":"Feature","geometry":{"type":"Point","coordinates":[-8.711710055308785,37.57816001219919]},"id":"0000000000000000010d","properties":{"CaCO3":"NA","CaCO3__20_":"NA","Depth":"0-20 cm","EC":8.52,"Elev":129,"K":24.3,"LC":"B55","LC0_Desc":"Cropland","LC1_Desc":"Temporary grassland","LU":"U111","LU1_Desc":"Agriculture (excluding fallow land and kitchen gardens)","N":0.9,"NUTS_0":"PT","NUTS_1":"PT1","NUTS_2":"PT18","NUTS_3":"PT181","OC":8.5,"OC__20_30_":"5.2","Ox_Al":1.1,"Ox_Fe":4.0,"P":"31.8","POINTID":26741814,"POINTID_1":26741814,"TH_LAT":37.57816004,"TH_LONG":-8.711708338,"pH_CaCl2":4.4,"pH_H2O":5.15}},{"type":"Feature","geometry":{"type":"Point","coordinates":[-8.244008323116008,37.65202502114951]},"id":"0000000000000000012a","properties":{"CaCO3":"NA","CaCO3__20_":"NA","Depth":"0-20 cm","EC":15.59,"Elev":222,"K":36.8,"LC":"B55","LC0_Desc":"Cropland","LC1_Desc":"Temporary grassland","LU":"U111","LU1_Desc":"Agriculture (excluding fallow land and kitchen gardens)","N":2.1,"NUTS_0":"PT","NUTS_1":"PT1","NUTS_2":"PT18","NUTS_3":"PT184","OC":18.3,"OC__20_30_":"15","Ox_Al":0.0,"Ox_Fe":0.0,"P":"15.2","POINTID":27161812,"POINTID_1":27161812,"TH_LAT":37.65202644,"TH_LONG":-8.244007388,"pH_CaCl2":6.3,"pH_H2O":6.85}},{"type":"Feature","geometry":{"type":"Point","coordinates":[-7.912367141367024,38.49264583354303]},"id":"00000000000000000163","properties":{"CaCO3":"NA","CaCO3__20_":"NA","Depth":"0-20 cm","EC":13.05,"Elev":278,"K":55.0,"LC":"B55","LC0_Desc":"Cropland","LC1_Desc":"Temporary grassland","LU":"U111","LU1_Desc":"Agriculture (excluding fallow land and kitchen gardens)","N":0.9,"NUTS_0":"PT","NUTS_1":"PT1","NUTS_2":"PT18","NUTS_3":"PT187","OC":8.0,"OC__20_30_":"10.4","Ox_Al":1.6,"Ox_Fe":1.4,"P":"< LOD","POINTID":27641896,"POINTID_1":27641896,"TH_LAT":38.49264562,"TH_LONG":-7.912367462,"pH_CaCl2":4.5,"pH_H2O":4.92}},{"type":"Feature","geometry":{"type":"Point","coordinates":[-6.717167531405604,41.56599651171057]},"id":"00000000000000000069","properties":{"CaCO3":"NA","CaCO3__20_":"NA","Depth":"0-20 cm","EC":15.88,"Elev":654,"K":177.5,"LC":"B72","LC0_Desc":"Cropland","LC1_Desc":"Pear fruit","LU":"U111","LU1_Desc":"Agriculture (excluding fallow land and kitchen gardens)","N":1.5,"NUTS_0":"PT","NUTS_1":"PT1","NUTS_2":"PT11","NUTS_3":"PT11E","OC":14.1,"OC__20_30_":"13.4","Ox_Al":1.6,"Ox_Fe":1.8,"P":"70.9","POINTID":29342206,"POINTID_1":29342206,"TH_LAT":41.56599797,"TH_LONG":-6.71716932,"pH_CaCl2":5.9,"pH_H2O":6.41}},{"type":"Feature","geometry":{"type":"Point","coordinates":[-6.626634402717492,41.41569359250208]},"id":"0000000000000000006b","properties":{"CaCO3":"NA","CaCO3__20_":"NA","Depth":"0-20 cm","EC":3.02,"Elev":695,"K":27.2,"LC":"B73","LC0_Desc":"Cropland","LC1_Desc":"Cherry fruit","LU":"U111","LU1_Desc":"Agriculture (excluding fallow land and kitchen gardens)","N":0.7,"NUTS_0":"PT","NUTS_1":"PT1","NUTS_2":"PT11","NUTS_3":"PT11E","OC":7.8,"OC__20_30_":"5.3","Ox_Al":1.1,"Ox_Fe":2.6,"P":"< LOD","POINTID":29382188,"POINTID_1":29382188,"TH_LAT":41.41569461,"TH_LONG":-6.626633207,"pH_CaCl2":5.1,"pH_H2O":6.0}},{"type":"Feature","geometry":{"type":"Point","coordinates":[-7.496489081617394,40.85885888935197]},"id":"00000000000000000033","properties":{"CaCO3":"NA","CaCO3__20_":"NA","Depth":"0-20 cm","EC":18.13,"Elev":669,"K":62.9,"LC":"B74","LC0_Desc":"Cropland","LC1_Desc":"Nuts trees","LU":"U111","LU1_Desc":"Agriculture (excluding fallow land and kitchen gardens)","N":2.5,"NUTS_0":"PT","NUTS_1":"PT1","NUTS_2":"PT11","NUTS_3":"PT11D","OC":42.5,"OC__20_30_":"16.5","Ox_Al":0.0,"Ox_Fe":0.0,"P":"22.9","POINTID":28542144,"POINTID_1":28542144,"TH_LAT":40.85885734,"TH_LONG":-7.496487261,"pH_CaCl2":4.2,"pH_H2O":4.65}},{"type":"Feature","geometry":{"type":"Point","coordinates":[-7.24787190238252,41.78768963878475]},"id":"0000000000000000005b","properties":{"CaCO3":"NA","CaCO3__20_":"NA","Depth":"0-20 cm","EC":5.94,"Elev":768,"K":227.4,"LC":"B74","LC0_Desc":"Cropland","LC1_Desc":"Nuts trees","LU":"U111","LU1_Desc":"Agriculture (excluding fallow land and kitchen gardens)","N":1.1,"NUTS_0":"PT","NUTS_1":"PT1","NUTS_2":"PT11","NUTS_3":"PT11B","OC":12.9,"OC__20_30_":"11.2","Ox_Al":0.0,"Ox_Fe":0.0,"P":"24.8","POINTID":28962240,"POINTID_1":28962240,"TH_LAT":41.78768818,"TH_LONG":-7.247870435,"pH_CaCl2":4.3,"pH_H2O":5.21}},{"type":"Feature","geometry":{"type":"Point","coordinates":[-8.621613918523911,37.33676657667089]},"id":"00000000000000000077","properties":{"CaCO3":"NA","CaCO3__20_":"NA","Depth":"0-20 cm","EC":7.83,"Elev":430,"K":121.0,"LC":"B75","LC0_Desc":"Cropland","LC1_Desc":"Other fruit trees and berries","LU":"U111","LU1_Desc":"Agriculture (excluding fallow land and kitchen gardens)","N":2.4,"NUTS_0":"PT","NUTS_1":"PT1","NUTS_2":"PT15","NUTS_3":"PT150","OC":48.1,"OC__20_30_":"46.8","Ox_Al":0.0,"Ox_Fe":0.0,"P":"< LOD","POINTID":26761786,"POINTID_1":26761786,"TH_LAT":37.33676436,"TH_LONG":-8.621613437,"pH_CaCl2":4.3,"pH_H2O":4.99}},{"type":"Feature","geometry":{"type":"Point","coordinates":[-7.366113885016744,41.343041459038275]},"id":"0000000000000000004f","properties":{"CaCO3":"NA","CaCO3__20_":"NA","Depth":"0-20 cm","EC":5.17,"Elev":405,"K":240.5,"LC":"B81","LC0_Desc":"Cropland","LC1_Desc":"Olive groves","LU":"U111","LU1_Desc":"Agriculture (excluding fallow land and kitchen gardens)","N":1.4,"NUTS_0":"PT","NUTS_1":"PT1","NUTS_2":"PT11","NUTS_3":"PT11D","OC":12.9,"OC__20_30_":"6.9","Ox_Al":1.1,"Ox_Fe":0.5,"P":"32.9","POINTID":28762194,"POINTID_1":28762194,"TH_LAT":41.34303938,"TH_LONG":-7.366115775,"pH_CaCl2":5.4,"pH_H2O":6.08}},{"type":"Feature","geometry":{"type":"Point","coordinates":[-7.222620013116853,41.442020125121616]},"id":"00000000000000000058","properties":{"CaCO3":"NA","CaCO3__20_":"NA","Depth":"0-20 cm","EC":3.4,"Elev":417,"K":82.9,"LC":"B81","LC0_Desc":"Cropland","LC1_Desc":"Olive groves","LU":"U111","LU1_Desc":"Agriculture (excluding fallow land and kitchen gardens)","N":0.7,"NUTS_0":"PT","NUTS_1":"PT1","NUTS_2":"PT11","NUTS_3":"PT11E","OC":6.4,"OC__20_30_":"4.8","Ox_Al":0.0,"Ox_Fe":0.0,"P":"< LOD","POINTID":28902202,"POINTID_1":28902202,"TH_LAT":41.44202201,"TH_LONG":-7.222622029,"pH_CaCl2":4.7,"pH_H2O":5.67}},{"type":"Feature","geometry":{"type":"Point","coordinates":[-7.202491630961599,41.62979287048223]},"id":"0000000000000000005a","properties":{"CaCO3":"NA","CaCO3__20_":"NA","Depth":"0-20 cm","EC":2.62,"Elev":441,"K":46.0,"LC":"B81","LC0_Desc":"Cropland","LC1_Desc":"Olive groves","LU":"U111","LU1_Desc":"Agriculture (excluding fallow land and kitchen gardens)","N":0.8,"NUTS_0":"PT","NUTS_1":"PT1","NUTS_2":"PT11","NUTS_3":"PT11E","OC":8.8,"OC__20_30_":"5.1","Ox_Al":0.0,"Ox_Fe":0.0,"P":"61.5","POINTID":28962222,"POINTID_1":28962222,"TH_LAT":41.62979351,"TH_LONG":-7.2024936,"pH_CaCl2":4.6,"pH_H2O":5.22}},{"type":"Feature","geometry":{"type":"Point","coordinates":[-6.998496675968558,41.51784713853547]},"id":"00000000000000000060","properties":{"CaCO3":"NA","CaCO3__20_":"NA","Depth":"0-20 cm","EC":4.01,"Elev":619,"K":39.5,"LC":"B81","LC0_Desc":"Cropland","LC1_Desc":"Olive groves","LU":"U111","LU1_Desc":"Agriculture (excluding fallow land and kitchen gardens)","N":0.6,"NUTS_0":"PT","NUTS_1":"PT1","NUTS_2":"PT11","NUTS_3":"PT11E","OC":5.0,"OC__20_30_":"2.8","Ox_Al":0.5,"Ox_Fe":0.4,"P":"24.3","POINTID":29102206,"POINTID_1":29102206,"TH_LAT":41.51784815,"TH_LONG":-6.998495697,"pH_CaCl2":5.8,"pH_H2O":6.42}},{"type":"Feature","geometry":{"type":"Point","coordinates":[-6.855702882934061,41.35827820733791]},"id":"00000000000000000061","properties":{"CaCO3":"NA","CaCO3__20_":"NA","Depth":"0-20 cm","EC":2.93,"Elev":571,"K":64.0,"LC":"B81","LC0_Desc":"Cropland","LC1_Desc":"Olive groves","LU":"U111","LU1_Desc":"Agriculture (excluding fallow land and kitchen gardens)","N":0.6,"NUTS_0":"PT","NUTS_1":"PT1","NUTS_2":"PT11","NUTS_3":"PT11E","OC":5.0,"OC__20_30_":"3.7","Ox_Al":0.9,"Ox_Fe":2.0,"P":"11.4","POINTID":29182186,"POINTID_1":29182186,"TH_LAT":41.35827993,"TH_LONG":-6.855703558,"pH_CaCl2":5.1,"pH_H2O":5.91}},{"type":"Feature","geometry":{"type":"Point","coordinates":[-8.602248042648794,39.5068951227556]},"id":"0000000000000000009a","properties":{"CaCO3":"NA","CaCO3__20_":"NA","Depth":"0-20 cm","EC":5.83,"Elev":149,"K":54.5,"LC":"B81","LC0_Desc":"Cropland","LC1_Desc":"Olive groves","LU":"U111","LU1_Desc":"Agriculture (excluding fallow land and kitchen gardens)","N":1.3,"NUTS_0":"PT","NUTS_1":"PT1","NUTS_2":"PT16","NUTS_3":"PT16I","OC":15.2,"OC__20_30_":"13.7","Ox_Al":0.0,"Ox_Fe":0.0,"P":"< LOD","POINTID":27302020,"POINTID_1":27302020,"TH_LAT":39.50689337,"TH_LONG":-8.602248621,"pH_CaCl2":6.1,"pH_H2O":6.39}},{"type":"Feature","geometry":{"type":"Point","coordinates":[-8.908557071313153,39.40977590181156]},"id":"0000000000000000011d","properties":{"CaCO3":"1","CaCO3__20_":"NA","Depth":"0-20 cm","EC":7.05,"Elev":221,"K":57.7,"LC":"B81","LC0_Desc":"Cropland","LC1_Desc":"Olive groves","LU":"U111","LU1_Desc":"Agriculture (excluding fallow land and kitchen gardens)","N":0.5,"NUTS_0":"PT","NUTS_1":"PT1","NUTS_2":"PT18","NUTS_3":"PT185","OC":6.4,"OC__20_30_":"5.8","Ox_Al":1.4,"Ox_Fe":2.6,"P":"NA","POINTID":27022016,"POINTID_1":27022016,"TH_LAT":39.40977721,"TH_LONG":-8.908556192,"pH_CaCl2":6.4,"pH_H2O":6.93}},{"type":"Feature","geometry":{"type":"Point","coordinates":[-8.303630963301632,37.9550655287417]},"id":"0000000000000000012c","properties":{"CaCO3":"NA","CaCO3__20_":"NA","Depth":"0-20 cm","EC":8.15,"Elev":117,"K":94.9,"LC":"B81","LC0_Desc":"Cropland","LC1_Desc":"Olive groves","LU":"U111","LU1_Desc":"Agriculture (excluding fallow land and kitchen gardens)","N":0.5,"NUTS_0":"PT","NUTS_1":"PT1","NUTS_2":"PT18","NUTS_3":"PT181","OC":5.1,"OC__20_30_":"3.5","Ox_Al":1.5,"Ox_Fe":0.8,"P":"15.3","POINTID":27181846,"POINTID_1":27181846,"TH_LAT":37.95506483,"TH_LONG":-8.303628792,"pH_CaCl2":5.7,"pH_H2O":6.3}},{"type":"Feature","geometry":{"type":"Point","coordinates":[-7.770210999783169,38.57488503427172]},"id":"00000000000000000171","properties":{"CaCO3":"NA","CaCO3__20_":"NA","Depth":"0-20 cm","EC":6.69,"Elev":285,"K":47.5,"LC":"B81","LC0_Desc":"Cropland","LC1_Desc":"Olive groves","LU":"U111","LU1_Desc":"Agriculture (excluding fallow land and kitchen gardens)","N":1.0,"NUTS_0":"PT","NUTS_1":"PT1","NUTS_2":"PT18","NUTS_3":"PT187","OC":8.4,"OC__20_30_":"10.2","Ox_Al":0.7,"Ox_Fe":1.2,"P":"14.9","POINTID":27781902,"POINTID_1":27781902,"TH_LAT":38.57488475,"TH_LONG":-7.770210409,"pH_CaCl2":4.9,"pH_H2O":5.55}},{"type":"Feature","geometry":{"type":"Point","coordinates":[-7.687459002433321,38.44255675140967]},"id":"00000000000000000176","properties":{"CaCO3":"NA","CaCO3__20_":"NA","Depth":"0-20 cm","EC":22.1,"Elev":243,"K":327.5,"LC":"B81","LC0_Desc":"Cropland","LC1_Desc":"Olive groves","LU":"U111","LU1_Desc":"Agriculture (excluding fallow land and kitchen gardens)","N":0.8,"NUTS_0":"PT","NUTS_1":"PT1","NUTS_2":"PT18","NUTS_3":"PT187","OC":7.2,"OC__20_30_":"7.6","Ox_Al":0.0,"Ox_Fe":0.0,"P":"12.9","POINTID":27821886,"POINTID_1":27821886,"TH_LAT":38.44255539,"TH_LONG":-7.68746079,"pH_CaCl2":5.5,"pH_H2O":5.96}},{"type":"Feature","geometry":{"type":"Point","coordinates":[-7.7603786819603195,39.057105599494534]},"id":"00000000000000000183","properties":{"CaCO3":"2","CaCO3__20_":"NA","Depth":"0-20 cm","EC":15.12,"Elev":245,"K":72.4,"LC":"B81","LC0_Desc":"Cropland","LC1_Desc":"Olive groves","LU":"U111","LU1_Desc":"Agriculture (excluding fallow land and kitchen gardens)","N":0.9,"NUTS_0":"PT","NUTS_1":"PT1","NUTS_2":"PT18","NUTS_3":"PT186","OC":8.4,"OC__20_30_":"4.8","Ox_Al":0.0,"Ox_Fe":0.0,"P":"< LOD","POINTID":27901954,"POINTID_1":27901954,"TH_LAT":39.05710362,"TH_LONG":-7.760376461,"pH_CaCl2":6.5,"pH_H2O":7.06}},{"type":"Feature","geometry":{"type":"Point","coordinates":[-7.899792476396305,41.48698570014457]},"id":"0000000000000000002b","properties":{"CaCO3":"NA","CaCO3__20_":"NA","Depth":"0-20 cm","EC":5.76,"Elev":268,"K":175.1,"LC":"B82","LC0_Desc":"Cropland","LC1_Desc":"Vineyards","LU":"U111","LU1_Desc":"Agriculture (excluding fallow land and kitchen gardens)","N":1.3,"NUTS_0":"PT","NUTS_1":"PT1","NUTS_2":"PT11","NUTS_3":"PT11B","OC":15.2,"OC__20_30_":"13.5","Ox_Al":0.0,"Ox_Fe":0.0,"P":"< LOD","POINTID":28362220,"POINTID_1":28362220,"TH_LAT":41.48698393,"TH_LONG":-7.899791819,"pH_CaCl2":5.1,"pH_H2O":5.96}},{"type":"Feature","geometry":{"type":"Point","coordinates":[-7.485894257514405,41.2480135564883]},"id":"00000000000000000045","properties":{"CaCO3":"NA","CaCO3__20_":"NA","Depth":"0-20 cm","EC":5.26,"Elev":635,"K":127.7,"LC":"B82","LC0_Desc":"Cropland","LC1_Desc":"Vineyards","LU":"U111","LU1_Desc":"Agriculture (excluding fallow land and kitchen gardens)","N":1.5,"NUTS_0":"PT","NUTS_1":"PT1","NUTS_2":"PT11","NUTS_3":"PT11D","OC":16.7,"OC__20_30_":"5.7","Ox_Al":0.8,"Ox_Fe":0.8,"P":"13.5","POINTID":28642186,"POINTID_1":28642186,"TH_LAT":41.24801479,"TH_LONG":-7.485892281,"pH_CaCl2":4.8,"pH_H2O":5.64}},{"type":"Feature","geometry":{"type":"Point","coordinates":[-7.286104234814764,41.062260783904904]},"id":"0000000000000000004e","properties":{"CaCO3":"NA","CaCO3__20_":"NA","Depth":"0-20 cm","EC":13.03,"Elev":509,"K":71.7,"LC":"B82","LC0_Desc":"Cropland","LC1_Desc":"Vineyards","LU":"U111","LU1_Desc":"Agriculture (excluding fallow land and kitchen gardens)","N":0.8,"NUTS_0":"PT","NUTS_1":"PT1","NUTS_2":"PT11","NUTS_3":"PT11D","OC":6.6,"OC__20_30_":"5.2","Ox_Al":0.0,"Ox_Fe":0.0,"P":"11.3","POINTID":28762162,"POINTID_1":28762162,"TH_LAT":41.06226224,"TH_LONG":-7.286104566,"pH_CaCl2":5.0,"pH_H2O":5.34}},{"type":"Feature","geometry":{"type":"Point","coordinates":[-7.435439529094665,40.039784453248714]},"id":"000000000000000000df","properties":{"CaCO3":"NA","CaCO3__20_":"NA","Depth":"0-20 cm","EC":4.1,"Elev":453,"K":113.3,"LC":"B82","LC0_Desc":"Cropland","LC1_Desc":"Vineyards","LU":"U111","LU1_Desc":"Agriculture (excluding fallow land and kitchen gardens)","N":1.3,"NUTS_0":"PT","NUTS_1":"PT1","NUTS_2":"PT16","NUTS_3":"PT16J","OC":19.3,"OC__20_30_":"16.7","Ox_Al":2.2,"Ox_Fe":1.1,"P":"52","POINTID":28402054,"POINTID_1":28402054,"TH_LAT":40.03978223,"TH_LONG":-7.435441499,"pH_CaCl2":4.6,"pH_H2O":5.23}},{"type":"Feature","geometry":{"type":"Point","coordinates":[-7.723443947934627,41.38981296998788]},"id":"00000000000000000030","properties":{"CaCO3":"NA","CaCO3__20_":"NA","Depth":"0-20 cm","EC":3.55,"Elev":941,"K":38.8,"LC":"D20","LC0_Desc":"Shrubland","LC1_Desc":"Shrubland without tree cover","LU":"U111","LU1_Desc":"Agriculture (excluding fallow land and kitchen gardens)","N":3.3,"NUTS_0":"PT","NUTS_1":"PT1","NUTS_2":"PT11","NUTS_3":"PT11D","OC":54.8,"OC__20_30_":"71.6","Ox_Al":0.0,"Ox_Fe":0.0,"P":"14.1","POINTID":28482206,"POINTID_1":28482206,"TH_LAT":41.38981111,"TH_LONG":-7.723445629,"pH_CaCl2":4.2,"pH_H2O":4.83}},{"type":"Feature","geometry":{"type":"Point","coordinates":[-8.288327328486206,38.06908920177936]},"id":"00000000000000000131","properties":{"CaCO3":"NA","CaCO3__20_":"NA","Depth":"0-20 cm","EC":4.32,"Elev":137,"K":48.1,"LC":"E10","LC0_Desc":"Grassland","LC1_Desc":"Grassland with sparse tree/shrub cover","LU":"U111","LU1_Desc":"Agriculture (excluding fallow land and kitchen gardens)","N":0.6,"NUTS_0":"PT","NUTS_1":"PT1","NUTS_2":"PT18","NUTS_3":"PT184","OC":5.9,"OC__20_30_":"3.7","Ox_Al":0.0,"Ox_Fe":0.0,"P":"< LOD","POINTID":27221858,"POINTID_1":27221858,"TH_LAT":38.06908735,"TH_LONG":-8.288325177,"pH_CaCl2":4.7,"pH_H2O":5.52}},{"type":"Feature","geometry":{"type":"Point","coordinates":[-7.468485927001753,39.20333290034017]},"id":"0000000000000000019f","properties":{"CaCO3":"NA","CaCO3__20_":"NA","Depth":"0-20 cm","EC":5.36,"Elev":357,"K":83.8,"LC":"E10","LC0_Desc":"Grassland","LC1_Desc":"Grassland with sparse tree/shrub cover","LU":"U111","LU1_Desc":"Agriculture (excluding fallow land and kitchen gardens)","N":1.5,"NUTS_0":"PT","NUTS_1":"PT1","NUTS_2":"PT18","NUTS_3":"PT186","OC":17.5,"OC__20_30_":"16.8","Ox_Al":0.0,"Ox_Fe":0.0,"P":"< LOD","POINTID":28181964,"POINTID_1":28181964,"TH_LAT":39.20333372,"TH_LONG":-7.468486588,"pH_CaCl2":5.1,"pH_H2O":5.62}},{"type":"Feature","geometry":{"type":"Point","coordinates":[-7.649592316287457,41.808856991485456]},"id":"00000000000000000048","properties":{"CaCO3":"NA","CaCO3__20_":"NA","Depth":"0-20 cm","EC":7.8,"Elev":987,"K":58.8,"LC":"E20","LC0_Desc":"Grassland","LC1_Desc":"Grassland without tree/shrub cover","LU":"U111","LU1_Desc":"Agriculture (excluding fallow land and kitchen gardens)","N":2.0,"NUTS_0":"PT","NUTS_1":"PT1","NUTS_2":"PT11","NUTS_3":"PT11B","OC":26.9,"OC__20_30_":"25.9","Ox_Al":0.0,"Ox_Fe":0.0,"P":"62","POINTID":28642250,"POINTID_1":28642250,"TH_LAT":41.80885799,"TH_LONG":-7.649593597,"pH_CaCl2":4.5,"pH_H2O":5.05}},{"type":"Feature","geometry":{"type":"Point","coordinates":[-7.468517140709128,41.527670538156215]},"id":"0000000000000000004c","properties":{"CaCO3":"NA","CaCO3__20_":"NA","Depth":"0-20 cm","EC":38.9,"Elev":850,"K":46.0,"LC":"E20","LC0_Desc":"Grassland","LC1_Desc":"Grassland without tree/shrub cover","LU":"U111","LU1_Desc":"Agriculture (excluding fallow land and kitchen gardens)","N":4.5,"NUTS_0":"PT","NUTS_1":"PT1","NUTS_2":"PT11","NUTS_3":"PT11B","OC":47.5,"OC__20_30_":"39.1","Ox_Al":0.0,"Ox_Fe":0.0,"P":"10.4","POINTID":28722216,"POINTID_1":28722216,"TH_LAT":41.52766857,"TH_LONG":-7.468518101,"pH_CaCl2":4.4,"pH_H2O":4.6}},{"type":"Feature","geometry":{"type":"Point","coordinates":[-6.852969453988298,41.524451067195635]},"id":"00000000000000000065","properties":{"CaCO3":"NA","CaCO3__20_":"NA","Depth":"0-20 cm","EC":14.29,"Elev":635,"K":80.2,"LC":"E20","LC0_Desc":"Grassland","LC1_Desc":"Grassland without tree/shrub cover","LU":"U111","LU1_Desc":"Agriculture (excluding fallow land and kitchen gardens)","N":2.4,"NUTS_0":"PT","NUTS_1":"PT1","NUTS_2":"PT11","NUTS_3":"PT11E","OC":27.2,"OC__20_30_":"26.4","Ox_Al":0.0,"Ox_Fe":0.0,"P":"< LOD","POINTID":29222204,"POINTID_1":29222204,"TH_LAT":41.52445163,"TH_LONG":-6.852970121,"pH_CaCl2":6.3,"pH_H2O":6.68}},{"type":"Feature","geometry":{"type":"Point","coordinates":[-6.7025595163545155,41.51326318265252]},"id":"00000000000000000068","properties":{"CaCO3":"NA","CaCO3__20_":"NA","Depth":"0-20 cm","EC":4.44,"Elev":557,"K":78.0,"LC":"E20","LC0_Desc":"Grassland","LC1_Desc":"Grassland without tree/shrub cover","LU":"U111","LU1_Desc":"Agriculture (excluding fallow land and kitchen gardens)","N":1.9,"NUTS_0":"PT","NUTS_1":"PT1","NUTS_2":"PT11","NUTS_3":"PT11E","OC":16.1,"OC__20_30_":"6.3","Ox_Al":0.0,"Ox_Fe":0.0,"P":"< LOD","POINTID":29342200,"POINTID_1":29342200,"TH_LAT":41.51326139,"TH_LONG":-6.702561032,"pH_CaCl2":5.5,"pH_H2O":6.18}},{"type":"Feature","geometry":{"type":"Point","coordinates":[-8.677923446626826,40.49121938479852]},"id":"000000000000000000a3","properties":{"CaCO3":"NA","CaCO3__20_":"NA","Depth":"0-20 cm","EC":5.02,"Elev":77,"K":15.9,"LC":"E20","LC0_Desc":"Grassland","LC1_Desc":"Grassland without tree/shrub cover","LU":"U111","LU1_Desc":"Agriculture (excluding fallow land and kitchen gardens)","N":0.8,"NUTS_0":"PT","NUTS_1":"PT1","NUTS_2":"PT16","NUTS_3":"PT16D","OC":9.1,"OC__20_30_":"6.4","Ox_Al":0.0,"Ox_Fe":0.0,"P":"< LOD","POINTID":27482128,"POINTID_1":27482128,"TH_LAT":40.49121854,"TH_LONG":-8.677925269,"pH_CaCl2":5.7,"pH_H2O":6.17}},{"type":"Feature","geometry":{"type":"Point","coordinates":[-7.543287347173309,39.909507356871245]},"id":"000000000000000000d4","properties":{"CaCO3":"1","CaCO3__20_":"NA","Depth":"0-20 cm","EC":32.7,"Elev":398,"K":165.3,"LC":"E20","LC0_Desc":"Grassland","LC1_Desc":"Grassland without tree/shrub cover","LU":"U111","LU1_Desc":"Agriculture (excluding fallow land and kitchen gardens)","N":2.4,"NUTS_0":"PT","NUTS_1":"PT1","NUTS_2":"PT16","NUTS_3":"PT16H","OC":23.1,"OC__20_30_":"24","Ox_Al":0.0,"Ox_Fe":0.0,"P":"52.9","POINTID":28282042,"POINTID_1":28282042,"TH_LAT":39.90950945,"TH_LONG":-7.543287973,"pH_CaCl2":4.9,"pH_H2O":5.33}},{"type":"Feature","geometry":{"type":"Point","coordinates":[-7.845168488491596,37.63636911735086]},"id":"00000000000000000153","properties":{"CaCO3":"NA","CaCO3__20_":"NA","Depth":"0-20 cm","EC":6.15,"Elev":233,"K":46.3,"LC":"E20","LC0_Desc":"Grassland","LC1_Desc":"Grassland without tree/shrub cover","LU":"U111","LU1_Desc":"Agriculture (excluding fallow land and kitchen gardens)","N":1.3,"NUTS_0":"PT","NUTS_1":"PT1","NUTS_2":"PT18","NUTS_3":"PT184","OC":12.0,"OC__20_30_":"8.6","Ox_Al":0.0,"Ox_Fe":0.0,"P":"10.7","POINTID":27501802,"POINTID_1":27501802,"TH_LAT":37.63637118,"TH_LONG":-7.845168807,"pH_CaCl2":5.8,"pH_H2O":6.35}},{"type":"Feature","geometry":{"type":"Point","coordinates":[-8.059040352318018,38.42777037231644]},"id":"00000000000000000154","properties":{"CaCO3":"NA","CaCO3__20_":"NA","Depth":"0-20 cm","EC":5.85,"Elev":249,"K":29.6,"LC":"E20","LC0_Desc":"Grassland","LC1_Desc":"Grassland without tree/shrub cover","LU":"U111","LU1_Desc":"Agriculture (excluding fallow land and kitchen gardens)","N":0.7,"NUTS_0":"PT","NUTS_1":"PT1","NUTS_2":"PT18","NUTS_3":"PT187","OC":7.1,"OC__20_30_":"6.3","Ox_Al":0.0,"Ox_Fe":0.0,"P":"< LOD","POINTID":27501892,"POINTID_1":27501892,"TH_LAT":38.4277697,"TH_LONG":-8.059040764,"pH_CaCl2":4.6,"pH_H2O":5.59}},{"type":"Feature","geometry":{"type":"Point","coordinates":[-7.517478070275964,37.62426711709182]},"id":"0000000000000000016f","properties":{"CaCO3":"NA","CaCO3__20_":"NA","Depth":"0-20 cm","EC":3.61,"Elev":152,"K":44.7,"LC":"E20","LC0_Desc":"Grassland","LC1_Desc":"Grassland without tree/shrub cover","LU":"U111","LU1_Desc":"Agriculture (excluding fallow land and kitchen gardens)","N":1.2,"NUTS_0":"PT","NUTS_1":"PT1","NUTS_2":"PT18","NUTS_3":"PT184","OC":9.6,"OC__20_30_":"7","Ox_Al":0.0,"Ox_Fe":0.0,"P":"< LOD","POINTID":27781794,"POINTID_1":27781794,"TH_LAT":37.62426656,"TH_LONG":-7.517479223,"pH_CaCl2":5.5,"pH_H2O":6.34}},{"type":"Feature","geometry":{"type":"Point","coordinates":[-7.515547279519821,37.883349806499126]},"id":"00000000000000000178","properties":{"CaCO3":"NA","CaCO3__20_":"NA","Depth":"0-20 cm","EC":10.82,"Elev":214,"K":84.0,"LC":"E20","LC0_Desc":"Grassland","LC1_Desc":"Grassland without tree/shrub cover","LU":"U111","LU1_Desc":"Agriculture (excluding fallow land and kitchen gardens)","N":2.3,"NUTS_0":"PT","NUTS_1":"PT1","NUTS_2":"PT18","NUTS_3":"PT184","OC":23.5,"OC__20_30_":"9.9","Ox_Al":0.0,"Ox_Fe":0.0,"P":"< LOD","POINTID":27841822,"POINTID_1":27841822,"TH_LAT":37.88335187,"TH_LONG":-7.51554572,"pH_CaCl2":5.9,"pH_H2O":6.38}},{"type":"Feature","geometry":{"type":"Point","coordinates":[-7.776583055188546,39.20186585609359]},"id":"00000000000000000186","properties":{"CaCO3":"NA","CaCO3__20_":"NA","Depth":"0-20 cm","EC":13.4,"Elev":241,"K":129.3,"LC":"E20","LC0_Desc":"Grassland","LC1_Desc":"Grassland without tree/shrub cover","LU":"U111","LU1_Desc":"Agriculture (excluding fallow land and kitchen gardens)","N":1.8,"NUTS_0":"PT","NUTS_1":"PT1","NUTS_2":"PT18","NUTS_3":"PT186","OC":15.7,"OC__20_30_":"15.1","Ox_Al":0.0,"Ox_Fe":0.0,"P":"97.5","POINTID":27921970,"POINTID_1":27921970,"TH_LAT":39.20186454,"TH_LONG":-7.776581692,"pH_CaCl2":6.0,"pH_H2O":6.46}},{"type":"Feature","geometry":{"type":"Point","coordinates":[-7.407859989079103,39.06673725776997]},"id":"000000000000000001a1","properties":{"CaCO3":"NA","CaCO3__20_":"NA","Depth":"0-20 cm","EC":28.5,"Elev":330,"K":273.4,"LC":"E20","LC0_Desc":"Grassland","LC1_Desc":"Grassland without tree/shrub cover","LU":"U111","LU1_Desc":"Agriculture (excluding fallow land and kitchen gardens)","N":1.8,"NUTS_0":"PT","NUTS_1":"PT1","NUTS_2":"PT18","NUTS_3":"PT186","OC":15.7,"OC__20_30_":"13.2","Ox_Al":0.0,"Ox_Fe":0.0,"P":"22.1","POINTID":28201948,"POINTID_1":28201948,"TH_LAT":39.06673816,"TH_LONG":-7.407858387,"pH_CaCl2":5.5,"pH_H2O":5.96}},{"type":"Feature","geometry":{"type":"Point","coordinates":[-7.327065537091718,39.11836472976676]},"id":"000000000000000001a5","properties":{"CaCO3":"NA","CaCO3__20_":"NA","Depth":"0-20 cm","EC":14.95,"Elev":359,"K":63.1,"LC":"E20","LC0_Desc":"Grassland","LC1_Desc":"Grassland without tree/shrub cover","LU":"U111","LU1_Desc":"Agriculture (excluding fallow land and kitchen gardens)","N":1.5,"NUTS_0":"PT","NUTS_1":"PT1","NUTS_2":"PT18","NUTS_3":"PT186","OC":12.1,"OC__20_30_":"16.2","Ox_Al":0.0,"Ox_Fe":0.0,"P":"< LOD","POINTID":28281952,"POINTID_1":28281952,"TH_LAT":39.11836279,"TH_LONG":-7.327065208,"pH_CaCl2":5.3,"pH_H2O":5.69}},{"type":"Feature","geometry":{"type":"Point","coordinates":[-7.861934708452551,37.87359329339419]},"id":"00000000000000000159","properties":{"CaCO3":"NA","CaCO3__20_":"NA","Depth":"0-20 cm","EC":5.15,"Elev":220,"K":105.9,"LC":"E30","LC0_Desc":"Grassland","LC1_Desc":"Spontaneously re-vegetated surfaces","LU":"U111","LU1_Desc":"Agriculture (excluding fallow land and kitchen gardens)","N":1.2,"NUTS_0":"PT","NUTS_1":"PT1","NUTS_2":"PT18","NUTS_3":"PT184","OC":9.8,"OC__20_30_":"6.5","Ox_Al":0.0,"Ox_Fe":0.0,"P":"12.3","POINTID":27541828,"POINTID_1":27541828,"TH_LAT":37.87359195,"TH_LONG":-7.861935525,"pH_CaCl2":5.9,"pH_H2O":6.67}},{"type":"Feature","geometry":{"type":"Point","coordinates":[-8.67945737738921,39.362299852895525]},"id":"0000000000000000012f","properties":{"CaCO3":"237","CaCO3__20_":"275","Depth":"0-20 cm","EC":18.81,"Elev":146,"K":272.1,"LC":"E30","LC0_Desc":"Grassland","LC1_Desc":"Spontaneously re-vegetated surfaces","LU":"U112","LU1_Desc":"Fallow land","N":2.1,"NUTS_0":"PT","NUTS_1":"PT1","NUTS_2":"PT18","NUTS_3":"PT185","OC":24.9,"OC__20_30_":"16.5","Ox_Al":0.0,"Ox_Fe":0.0,"P":"21","POINTID":27202006,"POINTID_1":27202006,"TH_LAT":39.36230016,"TH_LONG":-8.679456518,"pH_CaCl2":7.1,"pH_H2O":7.92}},{"type":"Feature","geometry":{"type":"Point","coordinates":[-7.486915391655645,38.128867910501846]},"id":"00000000000000000185","properties":{"CaCO3":"743","CaCO3__20_":"702","Depth":"0-20 cm","EC":21.7,"Elev":232,"K":172.0,"LC":"E30","LC0_Desc":"Grassland","LC1_Desc":"Spontaneously re-vegetated surfaces","LU":"U112","LU1_Desc":"Fallow land","N":2.3,"NUTS_0":"PT","NUTS_1":"PT1","NUTS_2":"PT18","NUTS_3":"PT184","OC":24.4,"OC__20_30_":"18.1","Ox_Al":0.0,"Ox_Fe":0.0,"P":"< LOD","POINTID":27921848,"POINTID_1":27921848,"TH_LAT":38.12886698,"TH_LONG":-7.486914425,"pH_CaCl2":7.2,"pH_H2O":7.74}},{"type":"Feature","geometry":{"type":"Point","coordinates":[-8.04546684871133,37.94949165242489]},"id":"00000000000000000147","properties":{"CaCO3":"194","CaCO3__20_":"214","Depth":"0-20 cm","EC":15.75,"Elev":198,"K":234.8,"LC":"F40","LC0_Desc":"Bareland","LC1_Desc":"Other bare soil","LU":"U112","LU1_Desc":"Fallow land","N":1.0,"NUTS_0":"PT","NUTS_1":"PT1","NUTS_2":"PT18","NUTS_3":"PT184","OC":13.8,"OC__20_30_":"12.7","Ox_Al":0.0,"Ox_Fe":0.0,"P":"< LOD","POINTID":27401840,"POINTID_1":27401840,"TH_LAT":37.94949001,"TH_LONG":-8.04546633,"pH_CaCl2":7.2,"pH_H2O":7.89}},{"type":"Feature","geometry":{"type":"Point","coordinates":[-8.477584954497608,41.60164702463288]},"id":"00000000000000000016","properties":{"CaCO3":"NA","CaCO3__20_":"","Depth":"0-20 cm","EC":8.5,"Elev":85,"K":333.7,"LC":"E30","LC0_Desc":"Grassland","LC1_Desc":"Spontaneously re-vegetated surfaces","LU":"U112","LU1_Desc":"Fallow land","N":2.4,"NUTS_0":"PT","NUTS_1":"PT1","NUTS_2":"PT11","NUTS_3":"PT112","OC":24.3,"OC__20_30_":"","Ox_Al":0.0,"Ox_Fe":0.0,"P":"97.2","POINTID":27922244,"POINTID_1":27922244,"TH_LAT":41.60164597,"TH_LONG":-8.477583325,"pH_CaCl2":4.7,"pH_H2O":5.56}},{"type":"Feature","geometry":{"type":"Point","coordinates":[-8.297691440698442,41.17347522327889]},"id":"00000000000000000018","properties":{"CaCO3":"NA","CaCO3__20_":"","Depth":"0-20 cm","EC":16.46,"Elev":267,"K":127.7,"LC":"E30","LC0_Desc":"Grassland","LC1_Desc":"Spontaneously re-vegetated surfaces","LU":"U112","LU1_Desc":"Fallow land","N":1.8,"NUTS_0":"PT","NUTS_1":"PT1","NUTS_2":"PT11","NUTS_3":"PT11C","OC":16.2,"OC__20_30_":"","Ox_Al":0.0,"Ox_Fe":0.0,"P":"68.8","POINTID":27962194,"POINTID_1":27962194,"TH_LAT":41.17347449,"TH_LONG":-8.297689432,"pH_CaCl2":5.6,"pH_H2O":6.07}},{"type":"Feature","geometry":{"type":"Point","coordinates":[-7.956547914604565,41.015154840376304]},"id":"00000000000000000021","properties":{"CaCO3":"NA","CaCO3__20_":"","Depth":"0-20 cm","EC":4.26,"Elev":1193,"K":38.9,"LC":"E30","LC0_Desc":"Grassland","LC1_Desc":"Spontaneously re-vegetated surfaces","LU":"U112","LU1_Desc":"Fallow land","N":3.3,"NUTS_0":"PT","NUTS_1":"PT1","NUTS_2":"PT11","NUTS_3":"PT11C","OC":39.1,"OC__20_30_":"","Ox_Al":0.0,"Ox_Fe":0.0,"P":"78.1","POINTID":28202170,"POINTID_1":28202170,"TH_LAT":41.01515363,"TH_LONG":-7.956548904,"pH_CaCl2":4.0,"pH_H2O":5.06}},{"type":"Feature","geometry":{"type":"Point","coordinates":[-6.91090655397572,41.64340650599839]},"id":"00000000000000000062","properties":{"CaCO3":"NA","CaCO3__20_":"","Depth":"0-20 cm","EC":3.07,"Elev":1169,"K":56.9,"LC":"E30","LC0_Desc":"Grassland","LC1_Desc":"Spontaneously re-vegetated surfaces","LU":"U112","LU1_Desc":"Fallow land","N":2.8,"NUTS_0":"PT","NUTS_1":"PT1","NUTS_2":"PT11","NUTS_3":"PT11E","OC":28.6,"OC__20_30_":"","Ox_Al":0.0,"Ox_Fe":0.0,"P":"< LOD","POINTID":29202218,"POINTID_1":29202218,"TH_LAT":41.64340585,"TH_LONG":-6.910904605,"pH_CaCl2":4.1,"pH_H2O":5.23}},{"type":"Feature","geometry":{"type":"Point","coordinates":[-6.7652277225596436,41.208073388352595]},"id":"00000000000000000063","properties":{"CaCO3":"NA","CaCO3__20_":"","Depth":"0-20 cm","EC":3.22,"Elev":862,"K":36.1,"LC":"E30","LC0_Desc":"Grassland","LC1_Desc":"Spontaneously re-vegetated surfaces","LU":"U112","LU1_Desc":"Fallow land","N":1.2,"NUTS_0":"PT","NUTS_1":"PT1","NUTS_2":"PT11","NUTS_3":"PT11D","OC":21.6,"OC__20_30_":"","Ox_Al":0.0,"Ox_Fe":0.0,"P":"< LOD","POINTID":29222168,"POINTID_1":29222168,"TH_LAT":41.20807248,"TH_LONG":-6.765225705,"pH_CaCl2":4.3,"pH_H2O":5.41}},{"type":"Feature","geometry":{"type":"Point","coordinates":[-6.462704470689661,41.44325529611343]},"id":"0000000000000000006e","properties":{"CaCO3":"NA","CaCO3__20_":"","Depth":"0-20 cm","EC":3.67,"Elev":796,"K":95.0,"LC":"E30","LC0_Desc":"Grassland","LC1_Desc":"Spontaneously re-vegetated surfaces","LU":"U112","LU1_Desc":"Fallow land","N":1.1,"NUTS_0":"PT","NUTS_1":"PT1","NUTS_2":"PT11","NUTS_3":"PT11E","OC":10.6,"OC__20_30_":"","Ox_Al":0.0,"Ox_Fe":0.0,"P":"< LOD","POINTID":29522188,"POINTID_1":29522188,"TH_LAT":41.44325721,"TH_LONG":-6.462705177,"pH_CaCl2":5.3,"pH_H2O":6.27}},{"type":"Feature","geometry":{"type":"Point","coordinates":[-8.548145769567336,40.220279945690095]},"id":"000000000000000000a5","properties":{"CaCO3":"19","CaCO3__20_":"","Depth":"0-20 cm","EC":14.95,"Elev":76,"K":80.8,"LC":"E30","LC0_Desc":"Grassland","LC1_Desc":"Spontaneously re-vegetated surfaces","LU":"U112","LU1_Desc":"Fallow land","N":1.2,"NUTS_0":"PT","NUTS_1":"PT1","NUTS_2":"PT16","NUTS_3":"PT16E","OC":10.1,"OC__20_30_":"","Ox_Al":0.0,"Ox_Fe":0.0,"P":"89.7","POINTID":27522096,"POINTID_1":27522096,"TH_LAT":40.22027772,"TH_LONG":-8.548144841,"pH_CaCl2":6.8,"pH_H2O":7.36}},{"type":"Feature","geometry":{"type":"Point","coordinates":[-6.869164909014414,40.877172417378475]},"id":"00000000000000000105","properties":{"CaCO3":"NA","CaCO3__20_":"","Depth":"0-20 cm","EC":7.11,"Elev":715,"K":52.3,"LC":"E30","LC0_Desc":"Grassland","LC1_Desc":"Spontaneously re-vegetated surfaces","LU":"U112","LU1_Desc":"Fallow land","N":1.3,"NUTS_0":"PT","NUTS_1":"PT1","NUTS_2":"PT16","NUTS_3":"PT16J","OC":10.6,"OC__20_30_":"","Ox_Al":0.0,"Ox_Fe":0.0,"P":"< LOD","POINTID":29062134,"POINTID_1":29062134,"TH_LAT":40.87717456,"TH_LONG":-6.869164101,"pH_CaCl2":4.4,"pH_H2O":5.03}},{"type":"Feature","geometry":{"type":"Point","coordinates":[-9.242093371009851,38.76853041571972]},"id":"00000000000000000107","properties":{"CaCO3":"10","CaCO3__20_":"","Depth":"0-20 cm","EC":15.71,"Elev":250,"K":461.7,"LC":"E30","LC0_Desc":"Grassland","LC1_Desc":"Spontaneously re-vegetated surfaces","LU":"U112","LU1_Desc":"Fallow land","N":1.4,"NUTS_0":"PT","NUTS_1":"PT1","NUTS_2":"PT17","NUTS_3":"PT170","OC":13.7,"OC__20_30_":"","Ox_Al":0.0,"Ox_Fe":0.0,"P":"31.2","POINTID":26581954,"POINTID_1":26581954,"TH_LAT":38.76853116,"TH_LONG":-9.24209186,"pH_CaCl2":7.0,"pH_H2O":7.58}},{"type":"Feature","geometry":{"type":"Point","coordinates":[-8.726282397551445,38.705166589750256]},"id":"0000000000000000010b","properties":{"CaCO3":"NA","CaCO3__20_":"","Depth":"0-20 cm","EC":4.53,"Elev":99,"K":38.6,"LC":"E30","LC0_Desc":"Grassland","LC1_Desc":"Spontaneously re-vegetated surfaces","LU":"U112","LU1_Desc":"Fallow land","N":0.7,"NUTS_0":"PT","NUTS_1":"PT1","NUTS_2":"PT17","NUTS_3":"PT170","OC":6.5,"OC__20_30_":"","Ox_Al":0.0,"Ox_Fe":0.0,"P":"22.5","POINTID":27001936,"POINTID_1":27001936,"TH_LAT":38.70516812,"TH_LONG":-8.726281891,"pH_CaCl2":5.7,"pH_H2O":6.28}},{"type":"Feature","geometry":{"type":"Point","coordinates":[-7.833128915647289,38.026981910531674]},"id":"00000000000000000160","properties":{"CaCO3":"NA","CaCO3__20_":"","Depth":"0-20 cm","EC":7.63,"Elev":244,"K":172.7,"LC":"E30","LC0_Desc":"Grassland","LC1_Desc":"Spontaneously re-vegetated surfaces","LU":"U112","LU1_Desc":"Fallow land","N":1.1,"NUTS_0":"PT","NUTS_1":"PT1","NUTS_2":"PT18","NUTS_3":"PT184","OC":10.1,"OC__20_30_":"","Ox_Al":1.0,"Ox_Fe":3.6,"P":"24.9","POINTID":27601844,"POINTID_1":27601844,"TH_LAT":38.02698388,"TH_LONG":-7.833129722,"pH_CaCl2":5.8,"pH_H2O":6.55}},{"type":"Feature","geometry":{"type":"Point","coordinates":[-7.574822109823276,38.020123813111475]},"id":"00000000000000000174","properties":{"CaCO3":"42","CaCO3__20_":"","Depth":"0-20 cm","EC":15.63,"Elev":220,"K":380.1,"LC":"E30","LC0_Desc":"Grassland","LC1_Desc":"Spontaneously re-vegetated surfaces","LU":"U112","LU1_Desc":"Fallow land","N":1.2,"NUTS_0":"PT","NUTS_1":"PT1","NUTS_2":"PT18","NUTS_3":"PT184","OC":14.3,"OC__20_30_":"","Ox_Al":0.0,"Ox_Fe":0.0,"P":"< LOD","POINTID":27821838,"POINTID_1":27821838,"TH_LAT":38.02012413,"TH_LONG":-7.574821012,"pH_CaCl2":7.2,"pH_H2O":8.05}},{"type":"Feature","geometry":{"type":"Point","coordinates":[-7.696591241390776,41.800442667797604]},"id":"0000000000000000003e","properties":{"CaCO3":"NA","CaCO3__20_":"NA","Depth":"0-20 cm","EC":28.2,"Elev":1086,"K":42.2,"LC":"E30","LC0_Desc":"Grassland","LC1_Desc":"Spontaneously re-vegetated surfaces","LU":"U112","LU1_Desc":"Fallow land","N":3.8,"NUTS_0":"PT","NUTS_1":"PT1","NUTS_2":"PT11","NUTS_3":"PT11B","OC":62.2,"OC__20_30_":"57","Ox_Al":0.0,"Ox_Fe":0.0,"P":"32","POINTID":28602250,"POINTID_1":28602250,"TH_LAT":41.80044333,"TH_LONG":-7.696589842,"pH_CaCl2":4.4,"pH_H2O":4.51}},{"type":"Feature","geometry":{"type":"Point","coordinates":[-7.056710240221293,41.636708936216124]},"id":"0000000000000000005e","properties":{"CaCO3":"NA","CaCO3__20_":"NA","Depth":"0-20 cm","EC":4.87,"Elev":405,"K":187.1,"LC":"E30","LC0_Desc":"Grassland","LC1_Desc":"Spontaneously re-vegetated surfaces","LU":"U112","LU1_Desc":"Fallow land","N":1.3,"NUTS_0":"PT","NUTS_1":"PT1","NUTS_2":"PT11","NUTS_3":"PT11E","OC":13.1,"OC__20_30_":"5.7","Ox_Al":0.0,"Ox_Fe":0.0,"P":"20.3","POINTID":29082220,"POINTID_1":29082220,"TH_LAT":41.636707,"TH_LONG":-7.056708756,"pH_CaCl2":5.4,"pH_H2O":6.1}},{"type":"Feature","geometry":{"type":"Point","coordinates":[-7.7863128136871635,38.46097729786145]},"id":"0000000000000000016c","properties":{"CaCO3":"NA","CaCO3__20_":"NA","Depth":"0-20 cm","EC":3.65,"Elev":249,"K":18.3,"LC":"E30","LC0_Desc":"Grassland","LC1_Desc":"Spontaneously re-vegetated surfaces","LU":"U112","LU1_Desc":"Fallow land","N":0.2,"NUTS_0":"PT","NUTS_1":"PT1","NUTS_2":"PT18","NUTS_3":"PT187","OC":2.9,"OC__20_30_":"2.2","Ox_Al":0.0,"Ox_Fe":0.0,"P":"< LOD","POINTID":27741890,"POINTID_1":27741890,"TH_LAT":38.46097827,"TH_LONG":-7.786313911,"pH_CaCl2":6.0,"pH_H2O":6.66}},{"type":"Feature","geometry":{"type":"Point","coordinates":[-7.8293297615497535,38.619217416945084]},"id":"0000000000000000016d","properties":{"CaCO3":"NA","CaCO3__20_":"NA","Depth":"0-20 cm","EC":5.73,"Elev":310,"K":90.2,"LC":"E30","LC0_Desc":"Grassland","LC1_Desc":"Spontaneously re-vegetated surfaces","LU":"U112","LU1_Desc":"Fallow land","N":0.8,"NUTS_0":"PT","NUTS_1":"PT1","NUTS_2":"PT18","NUTS_3":"PT187","OC":7.7,"OC__20_30_":"10","Ox_Al":0.7,"Ox_Fe":2.5,"P":"27.7","POINTID":27741908,"POINTID_1":27741908,"TH_LAT":38.61921895,"TH_LONG":-7.829328729,"pH_CaCl2":5.6,"pH_H2O":6.07}},{"type":"Feature","geometry":{"type":"Point","coordinates":[-6.6994871957286914,41.67941820610602]},"id":"0000000000000000006c","properties":{"CaCO3":"NA","CaCO3__20_":"NA","Depth":"0-20 cm","EC":3.76,"Elev":849,"K":52.1,"LC":"F40","LC0_Desc":"Bareland","LC1_Desc":"Other bare soil","LU":"U112","LU1_Desc":"Fallow land","N":1.1,"NUTS_0":"PT","NUTS_1":"PT1","NUTS_2":"PT11","NUTS_3":"PT11E","OC":13.6,"OC__20_30_":"12.3","Ox_Al":0.0,"Ox_Fe":0.0,"P":"22.5","POINTID":29382218,"POINTID_1":29382218,"TH_LAT":41.67941715,"TH_LONG":-6.699487839,"pH_CaCl2":4.4,"pH_H2O":4.98}},{"type":"Feature","geometry":{"type":"Point","coordinates":[-7.789523366445643,37.0735725960923]},"id":"00000000000000000080","properties":{"CaCO3":"329","CaCO3__20_":"300","Depth":"0-20 cm","EC":14.06,"Elev":110,"K":264.5,"LC":"C10","LC0_Desc":"Woodland","LC1_Desc":"Broadleaved woodland","LU":"U120","LU1_Desc":"Forestry","N":1.7,"NUTS_0":"PT","NUTS_1":"PT1","NUTS_2":"PT15","NUTS_3":"PT150","OC":15.8,"OC__20_30_":"12.8","Ox_Al":0.0,"Ox_Fe":0.0,"P":"< LOD","POINTID":27421740,"POINTID_1":27421740,"TH_LAT":37.07357074,"TH_LONG":-7.789523471,"pH_CaCl2":7.4,"pH_H2O":7.99}},{"type":"Feature","geometry":{"type":"Point","coordinates":[-8.91538395502598,39.8342734038975]},"id":"00000000000000000094","properties":{"CaCO3":"NA","CaCO3__20_":"","Depth":"0-20 cm","EC":8.09,"Elev":105,"K":59.8,"LC":"A30","LC0_Desc":"Artificial land","LC1_Desc":"Other artificial areas","LU":"U120","LU1_Desc":"Forestry","N":1.1,"NUTS_0":"PT","NUTS_1":"PT1","NUTS_2":"PT16","NUTS_3":"PT16F","OC":25.3,"OC__20_30_":"","Ox_Al":0.0,"Ox_Fe":0.0,"P":"< LOD","POINTID":27122062,"POINTID_1":27122062,"TH_LAT":39.83427354,"TH_LONG":-8.915384023,"pH_CaCl2":3.9,"pH_H2O":4.93}},{"type":"Feature","geometry":{"type":"Point","coordinates":[-8.468974430363405,41.252151602265904]},"id":"00000000000000000003","properties":{"CaCO3":"NA","CaCO3__20_":"","Depth":"0-10 cm","EC":12.4,"Elev":199,"K":24.4,"LC":"C10","LC0_Desc":"Woodland","LC1_Desc":"Broadleaved woodland","LU":"U120","LU1_Desc":"Forestry","N":2.8,"NUTS_0":"PT","NUTS_1":"PT1","NUTS_2":"PT11","NUTS_3":"PT11A","OC":43.6,"OC__20_30_":"","Ox_Al":0.0,"Ox_Fe":0.0,"P":"< LOD","POINTID":27842206,"POINTID_1":27842206,"TH_LAT":41.25214945,"TH_LONG":-8.46897261,"pH_CaCl2":4.0,"pH_H2O":4.21}},{"type":"Feature","geometry":{"type":"Point","coordinates":[-8.411425272167632,40.819467190645824]},"id":"0000000000000000000f","properties":{"CaCO3":"1","CaCO3__20_":"","Depth":"0-20 cm","EC":7.15,"Elev":399,"K":71.0,"LC":"C10","LC0_Desc":"Woodland","LC1_Desc":"Broadleaved woodland","LU":"U120","LU1_Desc":"Forestry","N":3.2,"NUTS_0":"PT","NUTS_1":"PT1","NUTS_2":"PT11","NUTS_3":"PT11A","OC":71.6,"OC__20_30_":"","Ox_Al":0.0,"Ox_Fe":0.0,"P":"< LOD","POINTID":27782158,"POINTID_1":27782158,"TH_LAT":40.81946595,"TH_LONG":-8.411425651,"pH_CaCl2":3.9,"pH_H2O":4.65}},{"type":"Feature","geometry":{"type":"Point","coordinates":[-8.437751804787178,40.906896785000754]},"id":"00000000000000000010","properties":{"CaCO3":"1","CaCO3__20_":"","Depth":"0-20 cm","EC":11.26,"Elev":394,"K":103.3,"LC":"C10","LC0_Desc":"Woodland","LC1_Desc":"Broadleaved woodland","LU":"U120","LU1_Desc":"Forestry","N":4.2,"NUTS_0":"PT","NUTS_1":"PT1","NUTS_2":"PT11","NUTS_3":"PT11A","OC":63.3,"OC__20_30_":"","Ox_Al":0.0,"Ox_Fe":0.0,"P":"< LOD","POINTID":27782168,"POINTID_1":27782168,"TH_LAT":40.90689589,"TH_LONG":-8.437752325,"pH_CaCl2":4.0,"pH_H2O":4.78}},{"type":"Feature","geometry":{"type":"Point","coordinates":[-8.475894955198354,41.43564806971625]},"id":"00000000000000000013","properties":{"CaCO3":"1","CaCO3__20_":"","Depth":"0-20 cm","EC":6.54,"Elev":251,"K":85.4,"LC":"C10","LC0_Desc":"Woodland","LC1_Desc":"Broadleaved woodland","LU":"U120","LU1_Desc":"Forestry","N":5.0,"NUTS_0":"PT","NUTS_1":"PT1","NUTS_2":"PT11","NUTS_3":"PT119","OC":104.3,"OC__20_30_":"","Ox_Al":0.0,"Ox_Fe":0.0,"P":"15","POINTID":27882226,"POINTID_1":27882226,"TH_LAT":41.43564961,"TH_LONG":-8.475893835,"pH_CaCl2":4.2,"pH_H2O":4.97}},{"type":"Feature","geometry":{"type":"Point","coordinates":[-8.33358720417868,41.1297983284604]},"id":"00000000000000000014","properties":{"CaCO3":"3","CaCO3__20_":"","Depth":"0-20 cm","EC":16.19,"Elev":414,"K":46.9,"LC":"C10","LC0_Desc":"Woodland","LC1_Desc":"Broadleaved woodland","LU":"U120","LU1_Desc":"Forestry","N":6.0,"NUTS_0":"PT","NUTS_1":"PT1","NUTS_2":"PT11","NUTS_3":"PT11C","OC":84.0,"OC__20_30_":"","Ox_Al":0.0,"Ox_Fe":0.0,"P":"< LOD","POINTID":27922190,"POINTID_1":27922190,"TH_LAT":41.12979799,"TH_LONG":-8.333586083,"pH_CaCl2":3.9,"pH_H2O":4.06}},{"type":"Feature","geometry":{"type":"Point","coordinates":[-8.242171173481987,40.906754093767034]},"id":"00000000000000000017","properties":{"CaCO3":"1","CaCO3__20_":"","Depth":"0-20 cm","EC":12.63,"Elev":746,"K":63.0,"LC":"C10","LC0_Desc":"Woodland","LC1_Desc":"Broadleaved woodland","LU":"U120","LU1_Desc":"Forestry","N":4.8,"NUTS_0":"PT","NUTS_1":"PT1","NUTS_2":"PT11","NUTS_3":"PT11A","OC":77.4,"OC__20_30_":"","Ox_Al":0.0,"Ox_Fe":0.0,"P":"< LOD","POINTID":27942164,"POINTID_1":27942164,"TH_LAT":40.9067534,"TH_LONG":-8.24217129,"pH_CaCl2":4.1,"pH_H2O":4.38}},{"type":"Feature","geometry":{"type":"Point","coordinates":[-8.171008379770045,41.16015588843226]},"id":"0000000000000000001c","properties":{"CaCO3":"1","CaCO3__20_":"","Depth":"0-20 cm","EC":5.24,"Elev":321,"K":40.9,"LC":"C10","LC0_Desc":"Woodland","LC1_Desc":"Broadleaved woodland","LU":"U120","LU1_Desc":"Forestry","N":2.0,"NUTS_0":"PT","NUTS_1":"PT1","NUTS_2":"PT11","NUTS_3":"PT11C","OC":31.8,"OC__20_30_":"","Ox_Al":0.0,"Ox_Fe":0.0,"P":"10.2","POINTID":28062190,"POINTID_1":28062190,"TH_LAT":41.16015511,"TH_LONG":-8.171007081,"pH_CaCl2":4.2,"pH_H2O":4.88}},{"type":"Feature","geometry":{"type":"Point","coordinates":[-8.187511512768848,41.37870980836479]},"id":"0000000000000000001d","properties":{"CaCO3":"1","CaCO3__20_":"","Depth":"0-20 cm","EC":5.99,"Elev":472,"K":83.2,"LC":"C10","LC0_Desc":"Woodland","LC1_Desc":"Broadleaved woodland","LU":"U120","LU1_Desc":"Forestry","N":2.2,"NUTS_0":"PT","NUTS_1":"PT1","NUTS_2":"PT11","NUTS_3":"PT11C","OC":38.3,"OC__20_30_":"","Ox_Al":0.0,"Ox_Fe":0.0,"P":"< LOD","POINTID":28102214,"POINTID_1":28102214,"TH_LAT":41.37871081,"TH_LONG":-8.187509705,"pH_CaCl2":4.5,"pH_H2O":5.02}},{"type":"Feature","geometry":{"type":"Point","coordinates":[-7.194237834911672,41.42856701724338]},"id":"00000000000000000059","properties":{"CaCO3":"1","CaCO3__20_":"","Depth":"0-20 cm","EC":4.95,"Elev":391,"K":132.6,"LC":"C10","LC0_Desc":"Woodland","LC1_Desc":"Broadleaved woodland","LU":"U120","LU1_Desc":"Forestry","N":1.7,"NUTS_0":"PT","NUTS_1":"PT1","NUTS_2":"PT11","NUTS_3":"PT11E","OC":19.7,"OC__20_30_":"","Ox_Al":0.0,"Ox_Fe":0.0,"P":"< LOD","POINTID":28922200,"POINTID_1":28922200,"TH_LAT":41.42856531,"TH_LONG":-7.194236448,"pH_CaCl2":5.1,"pH_H2O":5.94}},{"type":"Feature","geometry":{"type":"Point","coordinates":[-7.031841833646226,41.54891815467588]},"id":"0000000000000000005d","properties":{"CaCO3":"1","CaCO3__20_":"","Depth":"0-20 cm","EC":9.58,"Elev":611,"K":161.6,"LC":"C10","LC0_Desc":"Woodland","LC1_Desc":"Broadleaved woodland","LU":"U120","LU1_Desc":"Forestry","N":1.8,"NUTS_0":"PT","NUTS_1":"PT1","NUTS_2":"PT11","NUTS_3":"PT11E","OC":19.6,"OC__20_30_":"","Ox_Al":0.0,"Ox_Fe":0.0,"P":"< LOD","POINTID":29082210,"POINTID_1":29082210,"TH_LAT":41.54891968,"TH_LONG":-7.031841889,"pH_CaCl2":5.1,"pH_H2O":5.85}},{"type":"Feature","geometry":{"type":"Point","coordinates":[-6.31289205259704,41.523363046538584]},"id":"00000000000000000072","properties":{"CaCO3":"1","CaCO3__20_":"","Depth":"0-20 cm","EC":9.72,"Elev":800,"K":223.6,"LC":"C10","LC0_Desc":"Woodland","LC1_Desc":"Broadleaved woodland","LU":"U120","LU1_Desc":"Forestry","N":5.1,"NUTS_0":"PT","NUTS_1":"PT1","NUTS_2":"PT11","NUTS_3":"PT11E","OC":55.7,"OC__20_30_":"","Ox_Al":0.0,"Ox_Fe":0.0,"P":"13.4","POINTID":29662194,"POINTID_1":29662194,"TH_LAT":41.52336196,"TH_LONG":-6.312890334,"pH_CaCl2":4.6,"pH_H2O":5.35}},{"type":"Feature","geometry":{"type":"Point","coordinates":[-8.105165293614863,37.30883922677316]},"id":"0000000000000000007b","properties":{"CaCO3":"NA","CaCO3__20_":"","Depth":"0-20 cm","EC":4.36,"Elev":573,"K":104.4,"LC":"C10","LC0_Desc":"Woodland","LC1_Desc":"Broadleaved woodland","LU":"U120","LU1_Desc":"Forestry","N":1.8,"NUTS_0":"PT","NUTS_1":"PT1","NUTS_2":"PT15","NUTS_3":"PT150","OC":24.8,"OC__20_30_":"","Ox_Al":0.0,"Ox_Fe":0.0,"P":"< LOD","POINTID":27201772,"POINTID_1":27201772,"TH_LAT":37.30884037,"TH_LONG":-8.105164104,"pH_CaCl2":4.5,"pH_H2O":5.31}},{"type":"Feature","geometry":{"type":"Point","coordinates":[-9.264402253580242,39.3200810841215]},"id":"0000000000000000008a","properties":{"CaCO3":"1","CaCO3__20_":"","Depth":"0-20 cm","EC":7.89,"Elev":211,"K":141.9,"LC":"C10","LC0_Desc":"Woodland","LC1_Desc":"Broadleaved woodland","LU":"U120","LU1_Desc":"Forestry","N":1.3,"NUTS_0":"PT","NUTS_1":"PT1","NUTS_2":"PT16","NUTS_3":"PT16B","OC":17.9,"OC__20_30_":"","Ox_Al":0.0,"Ox_Fe":0.0,"P":"11.4","POINTID":26702014,"POINTID_1":26702014,"TH_LAT":39.32008061,"TH_LONG":-9.264401983,"pH_CaCl2":5.0,"pH_H2O":5.81}},{"type":"Feature","geometry":{"type":"Point","coordinates":[-9.154802008787595,39.193924197117404]},"id":"0000000000000000008c","properties":{"CaCO3":"1","CaCO3__20_":"","Depth":"0-20 cm","EC":5.97,"Elev":171,"K":49.3,"LC":"C10","LC0_Desc":"Woodland","LC1_Desc":"Broadleaved woodland","LU":"U120","LU1_Desc":"Forestry","N":1.0,"NUTS_0":"PT","NUTS_1":"PT1","NUTS_2":"PT16","NUTS_3":"PT16B","OC":22.8,"OC__20_30_":"","Ox_Al":0.0,"Ox_Fe":0.0,"P":"< LOD","POINTID":26761998,"POINTID_1":26761998,"TH_LAT":39.19392373,"TH_LONG":-9.154804085,"pH_CaCl2":3.8,"pH_H2O":4.87}},{"type":"Feature","geometry":{"type":"Point","coordinates":[-9.188490517246379,39.465091050379556]},"id":"0000000000000000008e","properties":{"CaCO3":"1","CaCO3__20_":"","Depth":"0-20 cm","EC":5.62,"Elev":125,"K":32.4,"LC":"C10","LC0_Desc":"Woodland","LC1_Desc":"Broadleaved woodland","LU":"U120","LU1_Desc":"Forestry","N":0.2,"NUTS_0":"PT","NUTS_1":"PT1","NUTS_2":"PT16","NUTS_3":"PT16B","OC":3.0,"OC__20_30_":"","Ox_Al":0.0,"Ox_Fe":0.0,"P":"< LOD","POINTID":26802028,"POINTID_1":26802028,"TH_LAT":39.46508987,"TH_LONG":-9.188492044,"pH_CaCl2":5.0,"pH_H2O":5.76}},{"type":"Feature","geometry":{"type":"Point","coordinates":[-8.99890291775702,39.391845856475655]},"id":"00000000000000000090","properties":{"CaCO3":"NA","CaCO3__20_":"","Depth":"0-20 cm","EC":5.89,"Elev":242,"K":38.2,"LC":"C10","LC0_Desc":"Woodland","LC1_Desc":"Broadleaved woodland","LU":"U120","LU1_Desc":"Forestry","N":1.2,"NUTS_0":"PT","NUTS_1":"PT1","NUTS_2":"PT16","NUTS_3":"PT16B","OC":15.0,"OC__20_30_":"","Ox_Al":0.0,"Ox_Fe":0.0,"P":"< LOD","POINTID":26942016,"POINTID_1":26942016,"TH_LAT":39.39184536,"TH_LONG":-8.998901767,"pH_CaCl2":3.9,"pH_H2O":4.49}},{"type":"Feature","geometry":{"type":"Point","coordinates":[-8.981530260052795,39.41382030646703]},"id":"00000000000000000091","properties":{"CaCO3":"NA","CaCO3__20_":"","Depth":"0-20 cm","EC":12.67,"Elev":259,"K":110.1,"LC":"C10","LC0_Desc":"Woodland","LC1_Desc":"Broadleaved woodland","LU":"U120","LU1_Desc":"Forestry","N":2.4,"NUTS_0":"PT","NUTS_1":"PT1","NUTS_2":"PT16","NUTS_3":"PT16B","OC":39.8,"OC__20_30_":"","Ox_Al":0.0,"Ox_Fe":0.0,"P":"< LOD","POINTID":26962018,"POINTID_1":26962018,"TH_LAT":39.41382056,"TH_LONG":-8.981530426,"pH_CaCl2":5.0,"pH_H2O":5.67}},{"type":"Feature","geometry":{"type":"Point","coordinates":[-8.901391295920266,39.70743873353329]},"id":"00000000000000000093","properties":{"CaCO3":"2","CaCO3__20_":"","Depth":"0-20 cm","EC":3.73,"Elev":223,"K":36.7,"LC":"C10","LC0_Desc":"Woodland","LC1_Desc":"Broadleaved woodland","LU":"U120","LU1_Desc":"Forestry","N":0.2,"NUTS_0":"PT","NUTS_1":"PT1","NUTS_2":"PT16","NUTS_3":"PT16F","OC":4.8,"OC__20_30_":"","Ox_Al":0.0,"Ox_Fe":0.0,"P":"NA","POINTID":27102048,"POINTID_1":27102048,"TH_LAT":39.7074376,"TH_LONG":-8.901391332,"pH_CaCl2":4.9,"pH_H2O":5.84}},{"type":"Feature","geometry":{"type":"Point","coordinates":[-8.841866755957819,40.07082871478281]},"id":"00000000000000000096","properties":{"CaCO3":"1","CaCO3__20_":"","Depth":"0-20 cm","EC":3.34,"Elev":95,"K":22.6,"LC":"C10","LC0_Desc":"Woodland","LC1_Desc":"Broadleaved woodland","LU":"U120","LU1_Desc":"Forestry","N":0.4,"NUTS_0":"PT","NUTS_1":"PT1","NUTS_2":"PT16","NUTS_3":"PT16E","OC":5.6,"OC__20_30_":"","Ox_Al":0.0,"Ox_Fe":0.0,"P":"< LOD","POINTID":27242086,"POINTID_1":27242086,"TH_LAT":40.07083025,"TH_LONG":-8.841867931,"pH_CaCl2":4.3,"pH_H2O":5.25}},{"type":"Feature","geometry":{"type":"Point","coordinates":[-8.759524995904885,39.95736688847787]},"id":"00000000000000000098","properties":{"CaCO3":"1","CaCO3__20_":"","Depth":"0-20 cm","EC":19.03,"Elev":128,"K":132.6,"LC":"C10","LC0_Desc":"Woodland","LC1_Desc":"Broadleaved woodland","LU":"U120","LU1_Desc":"Forestry","N":1.4,"NUTS_0":"PT","NUTS_1":"PT1","NUTS_2":"PT16","NUTS_3":"PT16F","OC":16.8,"OC__20_30_":"","Ox_Al":0.0,"Ox_Fe":0.0,"P":"13.2","POINTID":27282072,"POINTID_1":27282072,"TH_LAT":39.957369,"TH_LONG":-8.759527193,"pH_CaCl2":4.7,"pH_H2O":5.25}},{"type":"Feature","geometry":{"type":"Point","coordinates":[-8.838406493540344,40.2195620304205]},"id":"00000000000000000099","properties":{"CaCO3":"1","CaCO3__20_":"","Depth":"0-20 cm","EC":3.58,"Elev":107,"K":21.1,"LC":"C10","LC0_Desc":"Woodland","LC1_Desc":"Broadleaved woodland","LU":"U120","LU1_Desc":"Forestry","N":0.4,"NUTS_0":"PT","NUTS_1":"PT1","NUTS_2":"PT16","NUTS_3":"PT16E","OC":7.9,"OC__20_30_":"","Ox_Al":0.0,"Ox_Fe":0.0,"P":"< LOD","POINTID":27282102,"POINTID_1":27282102,"TH_LAT":40.21956151,"TH_LONG":-8.838408174,"pH_CaCl2":5.2,"pH_H2O":5.87}},{"type":"Feature","geometry":{"type":"Point","coordinates":[-8.663997674036914,39.71691878237291]},"id":"0000000000000000009b","properties":{"CaCO3":"1","CaCO3__20_":"","Depth":"0-20 cm","EC":10.15,"Elev":278,"K":154.7,"LC":"C10","LC0_Desc":"Woodland","LC1_Desc":"Broadleaved woodland","LU":"U120","LU1_Desc":"Forestry","N":3.7,"NUTS_0":"PT","NUTS_1":"PT1","NUTS_2":"PT16","NUTS_3":"PT16I","OC":137.0,"OC__20_30_":"","Ox_Al":0.0,"Ox_Fe":0.0,"P":"< LOD","POINTID":27302044,"POINTID_1":27302044,"TH_LAT":39.71691972,"TH_LONG":-8.663997248,"pH_CaCl2":2.9,"pH_H2O":4.03}},{"type":"Feature","geometry":{"type":"Point","coordinates":[-8.642388870331917,39.887635466204095]},"id":"0000000000000000009c","properties":{"CaCO3":"1","CaCO3__20_":"","Depth":"0-20 cm","EC":29.1,"Elev":136,"K":91.4,"LC":"C10","LC0_Desc":"Woodland","LC1_Desc":"Broadleaved woodland","LU":"U120","LU1_Desc":"Forestry","N":2.2,"NUTS_0":"PT","NUTS_1":"PT1","NUTS_2":"PT16","NUTS_3":"PT16F","OC":28.7,"OC__20_30_":"","Ox_Al":0.0,"Ox_Fe":0.0,"P":"46.3","POINTID":27362062,"POINTID_1":27362062,"TH_LAT":39.88763555,"TH_LONG":-8.642388851,"pH_CaCl2":4.6,"pH_H2O":5.01}},{"type":"Feature","geometry":{"type":"Point","coordinates":[-8.42612246923979,39.55945900597362]},"id":"000000000000000000a0","properties":{"CaCO3":"1","CaCO3__20_":"","Depth":"0-20 cm","EC":18.08,"Elev":119,"K":239.5,"LC":"C10","LC0_Desc":"Woodland","LC1_Desc":"Broadleaved woodland","LU":"U120","LU1_Desc":"Forestry","N":2.0,"NUTS_0":"PT","NUTS_1":"PT1","NUTS_2":"PT16","NUTS_3":"PT16I","OC":33.8,"OC__20_30_":"","Ox_Al":0.0,"Ox_Fe":0.0,"P":"< LOD","POINTID":27462022,"POINTID_1":27462022,"TH_LAT":39.55945695,"TH_LONG":-8.426123654,"pH_CaCl2":5.0,"pH_H2O":5.51}},{"type":"Feature","geometry":{"type":"Point","coordinates":[-8.388991534767746,39.84396748958768]},"id":"000000000000000000a9","properties":{"CaCO3":"1","CaCO3__20_":"","Depth":"0-20 cm","EC":4.76,"Elev":439,"K":94.2,"LC":"C10","LC0_Desc":"Woodland","LC1_Desc":"Broadleaved woodland","LU":"U120","LU1_Desc":"Forestry","N":1.1,"NUTS_0":"PT","NUTS_1":"PT1","NUTS_2":"PT16","NUTS_3":"PT16F","OC":10.3,"OC__20_30_":"","Ox_Al":0.0,"Ox_Fe":0.0,"P":"< LOD","POINTID":27562052,"POINTID_1":27562052,"TH_LAT":39.84396935,"TH_LONG":-8.38899233,"pH_CaCl2":4.6,"pH_H2O":5.61}},{"type":"Feature","geometry":{"type":"Point","coordinates":[-8.607090626392838,40.57882288409452]},"id":"000000000000000000ab","properties":{"CaCO3":"1","CaCO3__20_":"","Depth":"0-20 cm","EC":7.67,"Elev":102,"K":73.9,"LC":"C10","LC0_Desc":"Woodland","LC1_Desc":"Broadleaved woodland","LU":"U120","LU1_Desc":"Forestry","N":1.3,"NUTS_0":"PT","NUTS_1":"PT1","NUTS_2":"PT16","NUTS_3":"PT16D","OC":12.4,"OC__20_30_":"","Ox_Al":0.0,"Ox_Fe":0.0,"P":"111.1","POINTID":27562136,"POINTID_1":27562136,"TH_LAT":40.57882319,"TH_LONG":-8.607088998,"pH_CaCl2":4.1,"pH_H2O":4.75}},{"type":"Feature","geometry":{"type":"Point","coordinates":[-8.346206460159936,39.944587104858705]},"id":"000000000000000000ae","properties":{"CaCO3":"1","CaCO3__20_":"","Depth":"0-20 cm","EC":4.01,"Elev":419,"K":74.4,"LC":"C10","LC0_Desc":"Woodland","LC1_Desc":"Broadleaved woodland","LU":"U120","LU1_Desc":"Forestry","N":2.1,"NUTS_0":"PT","NUTS_1":"PT1","NUTS_2":"PT16","NUTS_3":"PT16F","OC":49.7,"OC__20_30_":"","Ox_Al":0.0,"Ox_Fe":0.0,"P":"< LOD","POINTID":27622062,"POINTID_1":27622062,"TH_LAT":39.94458503,"TH_LONG":-8.346205058,"pH_CaCl2":4.0,"pH_H2O":4.98}},{"type":"Feature","geometry":{"type":"Point","coordinates":[-8.567770273303552,40.771259849157026]},"id":"000000000000000000b0","properties":{"CaCO3":"1","CaCO3__20_":"","Depth":"0-20 cm","EC":3.09,"Elev":80,"K":24.7,"LC":"C10","LC0_Desc":"Woodland","LC1_Desc":"Broadleaved woodland","LU":"U120","LU1_Desc":"Forestry","N":0.4,"NUTS_0":"PT","NUTS_1":"PT1","NUTS_2":"PT16","NUTS_3":"PT16D","OC":10.2,"OC__20_30_":"","Ox_Al":0.0,"Ox_Fe":0.0,"P":"< LOD","POINTID":27642156,"POINTID_1":27642156,"TH_LAT":40.77126112,"TH_LONG":-8.567768327,"pH_CaCl2":3.6,"pH_H2O":4.52}},{"type":"Feature","geometry":{"type":"Point","coordinates":[-8.194302723673246,39.58527274197203]},"id":"000000000000000000b1","properties":{"CaCO3":"1","CaCO3__20_":"","Depth":"0-20 cm","EC":5.14,"Elev":320,"K":72.5,"LC":"C10","LC0_Desc":"Woodland","LC1_Desc":"Broadleaved woodland","LU":"U120","LU1_Desc":"Forestry","N":2.8,"NUTS_0":"PT","NUTS_1":"PT1","NUTS_2":"PT16","NUTS_3":"PT16I","OC":80.4,"OC__20_30_":"","Ox_Al":0.0,"Ox_Fe":0.0,"P":"< LOD","POINTID":27662020,"POINTID_1":27662020,"TH_LAT":39.58527342,"TH_LONG":-8.194301332,"pH_CaCl2":3.4,"pH_H2O":4.33}},{"type":"Feature","geometry":{"type":"Point","coordinates":[-8.121637212906291,39.41421270735974]},"id":"000000000000000000b2","properties":{"CaCO3":"2","CaCO3__20_":"","Depth":"0-20 cm","EC":4.5,"Elev":232,"K":66.4,"LC":"C10","LC0_Desc":"Woodland","LC1_Desc":"Broadleaved woodland","LU":"U120","LU1_Desc":"Forestry","N":1.3,"NUTS_0":"PT","NUTS_1":"PT1","NUTS_2":"PT16","NUTS_3":"PT16I","OC":19.6,"OC__20_30_":"","Ox_Al":0.0,"Ox_Fe":0.0,"P":"< LOD","POINTID":27682000,"POINTID_1":27682000,"TH_LAT":39.4142123,"TH_LONG":-8.121636384,"pH_CaCl2":4.3,"pH_H2O":5.19}},{"type":"Feature","geometry":{"type":"Point","coordinates":[-8.402070078157506,40.543992845766056]},"id":"000000000000000000b4","properties":{"CaCO3":"1","CaCO3__20_":"","Depth":"0-20 cm","EC":15.72,"Elev":132,"K":103.9,"LC":"C10","LC0_Desc":"Woodland","LC1_Desc":"Broadleaved woodland","LU":"U120","LU1_Desc":"Forestry","N":4.1,"NUTS_0":"PT","NUTS_1":"PT1","NUTS_2":"PT16","NUTS_3":"PT16D","OC":60.5,"OC__20_30_":"","Ox_Al":0.0,"Ox_Fe":0.0,"P":"35.2","POINTID":27722128,"POINTID_1":27722128,"TH_LAT":40.543991,"TH_LONG":-8.402070608,"pH_CaCl2":5.5,"pH_H2O":6.04}},{"type":"Feature","geometry":{"type":"Point","coordinates":[-7.998539269224865,39.40049205341828]},"id":"000000000000000000b5","properties":{"CaCO3":"1","CaCO3__20_":"","Depth":"0-20 cm","EC":3.17,"Elev":302,"K":28.4,"LC":"C10","LC0_Desc":"Woodland","LC1_Desc":"Broadleaved woodland","LU":"U120","LU1_Desc":"Forestry","N":0.7,"NUTS_0":"PT","NUTS_1":"PT1","NUTS_2":"PT16","NUTS_3":"PT16I","OC":11.9,"OC__20_30_":"","Ox_Al":0.0,"Ox_Fe":0.0,"P":"< LOD","POINTID":27781996,"POINTID_1":27781996,"TH_LAT":39.40049249,"TH_LONG":-7.998540491,"pH_CaCl2":4.5,"pH_H2O":5.52}},{"type":"Feature","geometry":{"type":"Point","coordinates":[-8.390436283509063,40.74950835421832]},"id":"000000000000000000b6","properties":{"CaCO3":"1","CaCO3__20_":"","Depth":"0-20 cm","EC":6.52,"Elev":363,"K":29.8,"LC":"C10","LC0_Desc":"Woodland","LC1_Desc":"Broadleaved woodland","LU":"U120","LU1_Desc":"Forestry","N":2.4,"NUTS_0":"PT","NUTS_1":"PT1","NUTS_2":"PT16","NUTS_3":"PT16D","OC":42.4,"OC__20_30_":"","Ox_Al":0.0,"Ox_Fe":0.0,"P":"< LOD","POINTID":27782150,"POINTID_1":27782150,"TH_LAT":40.7495085,"TH_LONG":-8.39043646,"pH_CaCl2":4.4,"pH_H2O":4.64}},{"type":"Feature","geometry":{"type":"Point","coordinates":[-8.278963216273969,40.45639380557111]},"id":"000000000000000000b7","properties":{"CaCO3":"1","CaCO3__20_":"","Depth":"0-20 cm","EC":25.6,"Elev":257,"K":78.7,"LC":"C10","LC0_Desc":"Woodland","LC1_Desc":"Broadleaved woodland","LU":"U120","LU1_Desc":"Forestry","N":3.9,"NUTS_0":"PT","NUTS_1":"PT1","NUTS_2":"PT16","NUTS_3":"PT16E","OC":63.9,"OC__20_30_":"","Ox_Al":0.0,"Ox_Fe":0.0,"P":"15.7","POINTID":27802116,"POINTID_1":27802116,"TH_LAT":40.45639413,"TH_LONG":-8.278962453,"pH_CaCl2":4.0,"pH_H2O":4.27}},{"type":"Feature","geometry":{"type":"Point","coordinates":[-8.161586299244114,40.55235811934232]},"id":"000000000000000000bd","properties":{"CaCO3":"1","CaCO3__20_":"","Depth":"0-20 cm","EC":8.81,"Elev":545,"K":55.4,"LC":"C10","LC0_Desc":"Woodland","LC1_Desc":"Broadleaved woodland","LU":"U120","LU1_Desc":"Forestry","N":2.6,"NUTS_0":"PT","NUTS_1":"PT1","NUTS_2":"PT16","NUTS_3":"PT16G","OC":46.6,"OC__20_30_":"","Ox_Al":0.0,"Ox_Fe":0.0,"P":"< LOD","POINTID":27922124,"POINTID_1":27922124,"TH_LAT":40.55236,"TH_LONG":-8.161586273,"pH_CaCl2":4.4,"pH_H2O":4.62}},{"type":"Feature","geometry":{"type":"Point","coordinates":[-7.775677857674692,39.62683156379014]},"id":"000000000000000000be","properties":{"CaCO3":"1","CaCO3__20_":"","Depth":"0-20 cm","EC":5.53,"Elev":296,"K":120.1,"LC":"C10","LC0_Desc":"Woodland","LC1_Desc":"Broadleaved woodland","LU":"U120","LU1_Desc":"Forestry","N":4.5,"NUTS_0":"PT","NUTS_1":"PT1","NUTS_2":"PT16","NUTS_3":"PT16H","OC":47.8,"OC__20_30_":"","Ox_Al":0.0,"Ox_Fe":0.0,"P":"< LOD","POINTID":28022016,"POINTID_1":28022016,"TH_LAT":39.62683244,"TH_LONG":-7.775677559,"pH_CaCl2":4.7,"pH_H2O":5.51}},{"type":"Feature","geometry":{"type":"Point","coordinates":[-7.554747236880663,39.77823142185779]},"id":"000000000000000000cf","properties":{"CaCO3":"1","CaCO3__20_":"","Depth":"0-20 cm","EC":6.15,"Elev":404,"K":88.5,"LC":"C10","LC0_Desc":"Woodland","LC1_Desc":"Broadleaved woodland","LU":"U120","LU1_Desc":"Forestry","N":1.8,"NUTS_0":"PT","NUTS_1":"PT1","NUTS_2":"PT16","NUTS_3":"PT16H","OC":27.0,"OC__20_30_":"","Ox_Al":0.0,"Ox_Fe":0.0,"P":"< LOD","POINTID":28242028,"POINTID_1":28242028,"TH_LAT":39.77823109,"TH_LONG":-7.55474573,"pH_CaCl2":3.9,"pH_H2O":4.88}},{"type":"Feature","geometry":{"type":"Point","coordinates":[-7.510700236674726,39.87852998185295]},"id":"000000000000000000d7","properties":{"CaCO3":"1","CaCO3__20_":"","Depth":"0-20 cm","EC":5.07,"Elev":414,"K":164.0,"LC":"C10","LC0_Desc":"Woodland","LC1_Desc":"Broadleaved woodland","LU":"U120","LU1_Desc":"Forestry","N":1.5,"NUTS_0":"PT","NUTS_1":"PT1","NUTS_2":"PT16","NUTS_3":"PT16H","OC":19.1,"OC__20_30_":"","Ox_Al":0.0,"Ox_Fe":0.0,"P":"16.7","POINTID":28302038,"POINTID_1":28302038,"TH_LAT":39.87853079,"TH_LONG":-7.510702407,"pH_CaCl2":4.9,"pH_H2O":5.68}},{"type":"Feature","geometry":{"type":"Point","coordinates":[-7.230722199730966,39.818349954035654]},"id":"000000000000000000e5","properties":{"CaCO3":"1","CaCO3__20_":"","Depth":"0-20 cm","EC":3.49,"Elev":304,"K":41.1,"LC":"C10","LC0_Desc":"Woodland","LC1_Desc":"Broadleaved woodland","LU":"U120","LU1_Desc":"Forestry","N":0.7,"NUTS_0":"PT","NUTS_1":"PT1","NUTS_2":"PT16","NUTS_3":"PT16H","OC":7.5,"OC__20_30_":"","Ox_Al":0.0,"Ox_Fe":0.0,"P":"< LOD","POINTID":28522026,"POINTID_1":28522026,"TH_LAT":39.81835065,"TH_LONG":-7.230723305,"pH_CaCl2":5.0,"pH_H2O":5.9}},{"type":"Feature","geometry":{"type":"Point","coordinates":[-7.304288448910715,40.17403906776586]},"id":"000000000000000000e8","properties":{"CaCO3":"1","CaCO3__20_":"","Depth":"0-20 cm","EC":6.17,"Elev":490,"K":69.7,"LC":"C10","LC0_Desc":"Woodland","LC1_Desc":"Broadleaved woodland","LU":"U120","LU1_Desc":"Forestry","N":1.6,"NUTS_0":"PT","NUTS_1":"PT1","NUTS_2":"PT16","NUTS_3":"PT16J","OC":34.8,"OC__20_30_":"","Ox_Al":0.0,"Ox_Fe":0.0,"P":"< LOD","POINTID":28542066,"POINTID_1":28542066,"TH_LAT":40.17403883,"TH_LONG":-7.304286947,"pH_CaCl2":4.5,"pH_H2O":5.31}},{"type":"Feature","geometry":{"type":"Point","coordinates":[-6.998545726080145,39.93334125200191]},"id":"000000000000000000f2","properties":{"CaCO3":"1","CaCO3__20_":"","Depth":"0-20 cm","EC":6.26,"Elev":369,"K":260.8,"LC":"C10","LC0_Desc":"Woodland","LC1_Desc":"Broadleaved woodland","LU":"U120","LU1_Desc":"Forestry","N":1.1,"NUTS_0":"PT","NUTS_1":"PT1","NUTS_2":"PT16","NUTS_3":"PT16H","OC":13.9,"OC__20_30_":"","Ox_Al":0.0,"Ox_Fe":0.0,"P":"11.5","POINTID":28742034,"POINTID_1":28742034,"TH_LAT":39.93334093,"TH_LONG":-6.998544636,"pH_CaCl2":5.7,"pH_H2O":6.37}},{"type":"Feature","geometry":{"type":"Point","coordinates":[-9.282252035097185,38.982825894146224]},"id":"00000000000000000108","properties":{"CaCO3":"10","CaCO3__20_":"","Depth":"0-20 cm","EC":16.39,"Elev":156,"K":192.2,"LC":"C10","LC0_Desc":"Woodland","LC1_Desc":"Broadleaved woodland","LU":"U120","LU1_Desc":"Forestry","N":2.1,"NUTS_0":"PT","NUTS_1":"PT1","NUTS_2":"PT17","NUTS_3":"PT170","OC":23.1,"OC__20_30_":"","Ox_Al":0.0,"Ox_Fe":0.0,"P":"< LOD","POINTID":26601978,"POINTID_1":26601978,"TH_LAT":38.98282746,"TH_LONG":-9.282250124,"pH_CaCl2":6.8,"pH_H2O":7.28}},{"type":"Feature","geometry":{"type":"Point","coordinates":[-8.665295272443466,37.49479711800502]},"id":"0000000000000000010e","properties":{"CaCO3":"1","CaCO3__20_":"","Depth":"0-20 cm","EC":5.18,"Elev":244,"K":57.6,"LC":"C10","LC0_Desc":"Woodland","LC1_Desc":"Broadleaved woodland","LU":"U120","LU1_Desc":"Forestry","N":1.5,"NUTS_0":"PT","NUTS_1":"PT1","NUTS_2":"PT18","NUTS_3":"PT181","OC":26.2,"OC__20_30_":"","Ox_Al":0.0,"Ox_Fe":0.0,"P":"< LOD","POINTID":26761804,"POINTID_1":26761804,"TH_LAT":37.49479743,"TH_LONG":-8.66529655,"pH_CaCl2":4.2,"pH_H2O":5.14}},{"type":"Feature","geometry":{"type":"Point","coordinates":[-8.660430393194158,38.1441314134078]},"id":"00000000000000000115","properties":{"CaCO3":"1","CaCO3__20_":"","Depth":"0-20 cm","EC":4.8,"Elev":311,"K":209.3,"LC":"C10","LC0_Desc":"Woodland","LC1_Desc":"Broadleaved woodland","LU":"U120","LU1_Desc":"Forestry","N":1.4,"NUTS_0":"PT","NUTS_1":"PT1","NUTS_2":"PT18","NUTS_3":"PT181","OC":19.2,"OC__20_30_":"","Ox_Al":0.0,"Ox_Fe":0.0,"P":"< LOD","POINTID":26921874,"POINTID_1":26921874,"TH_LAT":38.14413084,"TH_LONG":-8.660429092,"pH_CaCl2":5.2,"pH_H2O":6.17}},{"type":"Feature","geometry":{"type":"Point","coordinates":[-8.467239840053615,37.53415760300377]},"id":"00000000000000000116","properties":{"CaCO3":"1","CaCO3__20_":"","Depth":"0-20 cm","EC":6.65,"Elev":197,"K":237.9,"LC":"C10","LC0_Desc":"Woodland","LC1_Desc":"Broadleaved woodland","LU":"U120","LU1_Desc":"Forestry","N":2.3,"NUTS_0":"PT","NUTS_1":"PT1","NUTS_2":"PT18","NUTS_3":"PT181","OC":27.1,"OC__20_30_":"","Ox_Al":0.0,"Ox_Fe":0.0,"P":"< LOD","POINTID":26941804,"POINTID_1":26941804,"TH_LAT":37.53415879,"TH_LONG":-8.4672418,"pH_CaCl2":5.1,"pH_H2O":6.01}},{"type":"Feature","geometry":{"type":"Point","coordinates":[-8.48172745937626,37.586855259253404]},"id":"00000000000000000117","properties":{"CaCO3":"1","CaCO3__20_":"","Depth":"0-20 cm","EC":8.0,"Elev":175,"K":135.3,"LC":"C10","LC0_Desc":"Woodland","LC1_Desc":"Broadleaved woodland","LU":"U120","LU1_Desc":"Forestry","N":2.4,"NUTS_0":"PT","NUTS_1":"PT1","NUTS_2":"PT18","NUTS_3":"PT181","OC":31.1,"OC__20_30_":"","Ox_Al":0.0,"Ox_Fe":0.0,"P":"< LOD","POINTID":26941810,"POINTID_1":26941810,"TH_LAT":37.58685722,"TH_LONG":-8.481727657,"pH_CaCl2":4.5,"pH_H2O":5.38}},{"type":"Feature","geometry":{"type":"Point","coordinates":[-8.517890768919706,37.801948916768474]},"id":"00000000000000000118","properties":{"CaCO3":"1","CaCO3__20_":"","Depth":"0-20 cm","EC":4.66,"Elev":145,"K":96.8,"LC":"C10","LC0_Desc":"Woodland","LC1_Desc":"Broadleaved woodland","LU":"U120","LU1_Desc":"Forestry","N":1.1,"NUTS_0":"PT","NUTS_1":"PT1","NUTS_2":"PT18","NUTS_3":"PT181","OC":13.6,"OC__20_30_":"","Ox_Al":0.0,"Ox_Fe":0.0,"P":"< LOD","POINTID":26961834,"POINTID_1":26961834,"TH_LAT":37.80194714,"TH_LONG":-8.517892982,"pH_CaCl2":4.8,"pH_H2O":5.74}},{"type":"Feature","geometry":{"type":"Point","coordinates":[-8.924422552861314,39.22145022792032]},"id":"00000000000000000119","properties":{"CaCO3":"1","CaCO3__20_":"","Depth":"0-20 cm","EC":3.0,"Elev":129,"K":34.8,"LC":"C10","LC0_Desc":"Woodland","LC1_Desc":"Broadleaved woodland","LU":"U120","LU1_Desc":"Forestry","N":0.4,"NUTS_0":"PT","NUTS_1":"PT1","NUTS_2":"PT18","NUTS_3":"PT185","OC":7.9,"OC__20_30_":"","Ox_Al":0.0,"Ox_Fe":0.0,"P":"< LOD","POINTID":26961996,"POINTID_1":26961996,"TH_LAT":39.22144887,"TH_LONG":-8.92442179,"pH_CaCl2":4.3,"pH_H2O":5.16}},{"type":"Feature","geometry":{"type":"Point","coordinates":[-8.502921566683288,37.916008262614554]},"id":"0000000000000000011a","properties":{"CaCO3":"1","CaCO3__20_":"","Depth":"0-20 cm","EC":3.69,"Elev":129,"K":27.7,"LC":"C10","LC0_Desc":"Woodland","LC1_Desc":"Broadleaved woodland","LU":"U120","LU1_Desc":"Forestry","N":0.3,"NUTS_0":"PT","NUTS_1":"PT1","NUTS_2":"PT18","NUTS_3":"PT181","OC":3.3,"OC__20_30_":"","Ox_Al":0.0,"Ox_Fe":0.0,"P":"< LOD","POINTID":27001846,"POINTID_1":27001846,"TH_LAT":37.91600888,"TH_LONG":-8.502923022,"pH_CaCl2":4.5,"pH_H2O":5.31}},{"type":"Feature","geometry":{"type":"Point","coordinates":[-8.547008698798708,38.07396745833183]},"id":"0000000000000000011b","properties":{"CaCO3":"1","CaCO3__20_":"","Depth":"0-20 cm","EC":5.75,"Elev":255,"K":201.6,"LC":"C10","LC0_Desc":"Woodland","LC1_Desc":"Broadleaved woodland","LU":"U120","LU1_Desc":"Forestry","N":2.1,"NUTS_0":"PT","NUTS_1":"PT1","NUTS_2":"PT18","NUTS_3":"PT181","OC":32.5,"OC__20_30_":"","Ox_Al":0.0,"Ox_Fe":0.0,"P":"< LOD","POINTID":27001864,"POINTID_1":27001864,"TH_LAT":38.07396855,"TH_LONG":-8.547006763,"pH_CaCl2":4.5,"pH_H2O":5.49}},{"type":"Feature","geometry":{"type":"Point","coordinates":[-8.539499572624702,38.297631508071625]},"id":"00000000000000000120","properties":{"CaCO3":"1","CaCO3__20_":"","Depth":"0-20 cm","EC":3.46,"Elev":133,"K":73.6,"LC":"C10","LC0_Desc":"Woodland","LC1_Desc":"Broadleaved woodland","LU":"U120","LU1_Desc":"Forestry","N":0.7,"NUTS_0":"PT","NUTS_1":"PT1","NUTS_2":"PT18","NUTS_3":"PT181","OC":9.5,"OC__20_30_":"","Ox_Al":0.0,"Ox_Fe":0.0,"P":"< LOD","POINTID":27061888,"POINTID_1":27061888,"TH_LAT":38.29762997,"TH_LONG":-8.539497845,"pH_CaCl2":4.8,"pH_H2O":5.96}},{"type":"Feature","geometry":{"type":"Point","coordinates":[-8.554887930360145,38.84993576455142]},"id":"0000000000000000012d","properties":{"CaCO3":"1","CaCO3__20_":"","Depth":"0-20 cm","EC":5.18,"Elev":143,"K":48.9,"LC":"C10","LC0_Desc":"Woodland","LC1_Desc":"Broadleaved woodland","LU":"U120","LU1_Desc":"Forestry","N":0.3,"NUTS_0":"PT","NUTS_1":"PT1","NUTS_2":"PT18","NUTS_3":"PT185","OC":6.4,"OC__20_30_":"","Ox_Al":0.0,"Ox_Fe":0.0,"P":"< LOD","POINTID":27181948,"POINTID_1":27181948,"TH_LAT":38.84993554,"TH_LONG":-8.554889407,"pH_CaCl2":4.4,"pH_H2O":5.46}},{"type":"Feature","geometry":{"type":"Point","coordinates":[-8.339138784990222,38.33679579262404]},"id":"00000000000000000133","properties":{"CaCO3":"2","CaCO3__20_":"","Depth":"0-20 cm","EC":6.19,"Elev":142,"K":170.6,"LC":"C10","LC0_Desc":"Woodland","LC1_Desc":"Broadleaved woodland","LU":"U120","LU1_Desc":"Forestry","N":1.2,"NUTS_0":"PT","NUTS_1":"PT1","NUTS_2":"PT18","NUTS_3":"PT181","OC":13.6,"OC__20_30_":"","Ox_Al":0.0,"Ox_Fe":0.0,"P":"< LOD","POINTID":27241888,"POINTID_1":27241888,"TH_LAT":38.33679543,"TH_LONG":-8.339140772,"pH_CaCl2":4.8,"pH_H2O":5.86}},{"type":"Feature","geometry":{"type":"Point","coordinates":[-8.452663038709899,38.74033106065773]},"id":"00000000000000000135","properties":{"CaCO3":"2","CaCO3__20_":"","Depth":"0-20 cm","EC":4.45,"Elev":133,"K":81.7,"LC":"C10","LC0_Desc":"Woodland","LC1_Desc":"Broadleaved woodland","LU":"U120","LU1_Desc":"Forestry","N":0.9,"NUTS_0":"PT","NUTS_1":"PT1","NUTS_2":"PT18","NUTS_3":"PT187","OC":9.9,"OC__20_30_":"","Ox_Al":0.0,"Ox_Fe":0.0,"P":"< LOD","POINTID":27241934,"POINTID_1":27241934,"TH_LAT":38.74033073,"TH_LONG":-8.452663148,"pH_CaCl2":5.2,"pH_H2O":6.1}},{"type":"Feature","geometry":{"type":"Point","coordinates":[-8.50055378402391,39.15660152130006]},"id":"0000000000000000013c","properties":{"CaCO3":"1","CaCO3__20_":"","Depth":"0-20 cm","EC":4.25,"Elev":142,"K":20.4,"LC":"C10","LC0_Desc":"Woodland","LC1_Desc":"Broadleaved woodland","LU":"U120","LU1_Desc":"Forestry","N":0.6,"NUTS_0":"PT","NUTS_1":"PT1","NUTS_2":"PT18","NUTS_3":"PT185","OC":9.2,"OC__20_30_":"","Ox_Al":0.0,"Ox_Fe":0.0,"P":"< LOD","POINTID":27301980,"POINTID_1":27301980,"TH_LAT":39.15660199,"TH_LONG":-8.500555622,"pH_CaCl2":4.6,"pH_H2O":5.42}},{"type":"Feature","geometry":{"type":"Point","coordinates":[-8.061194098126833,37.83547243848828]},"id":"00000000000000000140","properties":{"CaCO3":"1","CaCO3__20_":"","Depth":"0-20 cm","EC":16.62,"Elev":236,"K":331.2,"LC":"C10","LC0_Desc":"Woodland","LC1_Desc":"Broadleaved woodland","LU":"U120","LU1_Desc":"Forestry","N":4.0,"NUTS_0":"PT","NUTS_1":"PT1","NUTS_2":"PT18","NUTS_3":"PT184","OC":49.8,"OC__20_30_":"","Ox_Al":0.0,"Ox_Fe":0.0,"P":"10.9","POINTID":27361828,"POINTID_1":27361828,"TH_LAT":37.83547155,"TH_LONG":-8.061192063,"pH_CaCl2":6.0,"pH_H2O":6.46}},{"type":"Feature","geometry":{"type":"Point","coordinates":[-8.20749720369039,38.4547746882961]},"id":"00000000000000000142","properties":{"CaCO3":"2","CaCO3__20_":"","Depth":"0-20 cm","EC":19.59,"Elev":249,"K":190.0,"LC":"C10","LC0_Desc":"Woodland","LC1_Desc":"Broadleaved woodland","LU":"U120","LU1_Desc":"Forestry","N":2.2,"NUTS_0":"PT","NUTS_1":"PT1","NUTS_2":"PT18","NUTS_3":"PT187","OC":24.3,"OC__20_30_":"","Ox_Al":0.0,"Ox_Fe":0.0,"P":"18.7","POINTID":27381898,"POINTID_1":27381898,"TH_LAT":38.4547744,"TH_LONG":-8.207497836,"pH_CaCl2":5.2,"pH_H2O":5.64}},{"type":"Feature","geometry":{"type":"Point","coordinates":[-8.251517449290011,38.61277847502391]},"id":"00000000000000000144","properties":{"CaCO3":"1","CaCO3__20_":"","Depth":"0-20 cm","EC":14.91,"Elev":333,"K":128.2,"LC":"C10","LC0_Desc":"Woodland","LC1_Desc":"Broadleaved woodland","LU":"U120","LU1_Desc":"Forestry","N":1.2,"NUTS_0":"PT","NUTS_1":"PT1","NUTS_2":"PT18","NUTS_3":"PT187","OC":14.5,"OC__20_30_":"","Ox_Al":1.2,"Ox_Fe":3.5,"P":"< LOD","POINTID":27381916,"POINTID_1":27381916,"TH_LAT":38.61277672,"TH_LONG":-8.251515379,"pH_CaCl2":5.0,"pH_H2O":5.46}},{"type":"Feature","geometry":{"type":"Point","coordinates":[-8.370450592587519,39.36672328114053]},"id":"0000000000000000014e","properties":{"CaCO3":"1","CaCO3__20_":"","Depth":"0-20 cm","EC":18.84,"Elev":218,"K":92.1,"LC":"C10","LC0_Desc":"Woodland","LC1_Desc":"Broadleaved woodland","LU":"U120","LU1_Desc":"Forestry","N":2.2,"NUTS_0":"PT","NUTS_1":"PT1","NUTS_2":"PT18","NUTS_3":"PT185","OC":38.6,"OC__20_30_":"","Ox_Al":0.0,"Ox_Fe":0.0,"P":"< LOD","POINTID":27462000,"POINTID_1":27462000,"TH_LAT":39.36672302,"TH_LONG":-8.370452592,"pH_CaCl2":4.7,"pH_H2O":5.18}},{"type":"Feature","geometry":{"type":"Point","coordinates":[-8.277728045282165,39.125615228079674]},"id":"00000000000000000152","properties":{"CaCO3":"1","CaCO3__20_":"","Depth":"0-20 cm","EC":5.74,"Elev":217,"K":31.1,"LC":"C10","LC0_Desc":"Woodland","LC1_Desc":"Broadleaved woodland","LU":"U120","LU1_Desc":"Forestry","N":0.6,"NUTS_0":"PT","NUTS_1":"PT1","NUTS_2":"PT18","NUTS_3":"PT186","OC":9.7,"OC__20_30_":"","Ox_Al":0.0,"Ox_Fe":0.0,"P":"< LOD","POINTID":27481972,"POINTID_1":27481972,"TH_LAT":39.12561598,"TH_LONG":-8.277726695,"pH_CaCl2":4.1,"pH_H2O":4.78}},{"type":"Feature","geometry":{"type":"Point","coordinates":[-7.8022630181553385,37.73699765082398]},"id":"0000000000000000015a","properties":{"CaCO3":"NA","CaCO3__20_":"","Depth":"0-20 cm","EC":5.86,"Elev":220,"K":47.7,"LC":"C10","LC0_Desc":"Woodland","LC1_Desc":"Broadleaved woodland","LU":"U120","LU1_Desc":"Forestry","N":1.2,"NUTS_0":"PT","NUTS_1":"PT1","NUTS_2":"PT18","NUTS_3":"PT184","OC":18.1,"OC__20_30_":"","Ox_Al":0.0,"Ox_Fe":0.0,"P":"< LOD","POINTID":27561812,"POINTID_1":27561812,"TH_LAT":37.73699578,"TH_LONG":-7.802264626,"pH_CaCl2":5.3,"pH_H2O":6.14}},{"type":"Feature","geometry":{"type":"Point","coordinates":[-8.207457071780912,39.21302698603037]},"id":"0000000000000000015d","properties":{"CaCO3":"2","CaCO3__20_":"","Depth":"0-20 cm","EC":3.96,"Elev":216,"K":24.5,"LC":"C10","LC0_Desc":"Woodland","LC1_Desc":"Broadleaved woodland","LU":"U120","LU1_Desc":"Forestry","N":0.7,"NUTS_0":"PT","NUTS_1":"PT1","NUTS_2":"PT18","NUTS_3":"PT186","OC":9.9,"OC__20_30_":"","Ox_Al":0.0,"Ox_Fe":0.0,"P":"< LOD","POINTID":27561980,"POINTID_1":27561980,"TH_LAT":39.21302743,"TH_LONG":-8.207455207,"pH_CaCl2":4.1,"pH_H2O":5.11}},{"type":"Feature","geometry":{"type":"Point","coordinates":[-8.068667551492409,38.88818593338789]},"id":"00000000000000000161","properties":{"CaCO3":"2","CaCO3__20_":"","Depth":"0-20 cm","EC":26.5,"Elev":201,"K":166.8,"LC":"C10","LC0_Desc":"Woodland","LC1_Desc":"Broadleaved woodland","LU":"U120","LU1_Desc":"Forestry","N":2.0,"NUTS_0":"PT","NUTS_1":"PT1","NUTS_2":"PT18","NUTS_3":"PT187","OC":24.4,"OC__20_30_":"","Ox_Al":0.0,"Ox_Fe":0.0,"P":"14.2","POINTID":27601942,"POINTID_1":27601942,"TH_LAT":38.88818492,"TH_LONG":-8.068669507,"pH_CaCl2":6.7,"pH_H2O":6.96}},{"type":"Feature","geometry":{"type":"Point","coordinates":[-7.986651305816379,38.84828589716165]},"id":"00000000000000000166","properties":{"CaCO3":"2","CaCO3__20_":"","Depth":"0-20 cm","EC":11.61,"Elev":226,"K":153.1,"LC":"C10","LC0_Desc":"Woodland","LC1_Desc":"Broadleaved woodland","LU":"U120","LU1_Desc":"Forestry","N":0.9,"NUTS_0":"PT","NUTS_1":"PT1","NUTS_2":"PT18","NUTS_3":"PT187","OC":9.0,"OC__20_30_":"","Ox_Al":0.0,"Ox_Fe":0.0,"P":"< LOD","POINTID":27661936,"POINTID_1":27661936,"TH_LAT":38.84828741,"TH_LONG":-7.986650198,"pH_CaCl2":5.7,"pH_H2O":6.21}},{"type":"Feature","geometry":{"type":"Point","coordinates":[-7.558907578163529,37.78285504605761]},"id":"00000000000000000170","properties":{"CaCO3":"1","CaCO3__20_":"","Depth":"0-20 cm","EC":3.61,"Elev":230,"K":46.6,"LC":"C10","LC0_Desc":"Woodland","LC1_Desc":"Broadleaved woodland","LU":"U120","LU1_Desc":"Forestry","N":1.6,"NUTS_0":"PT","NUTS_1":"PT1","NUTS_2":"PT18","NUTS_3":"PT184","OC":13.2,"OC__20_30_":"","Ox_Al":0.0,"Ox_Fe":0.0,"P":"< LOD","POINTID":27781812,"POINTID_1":27781812,"TH_LAT":37.78285534,"TH_LONG":-7.558908662,"pH_CaCl2":4.7,"pH_H2O":5.63}},{"type":"Feature","geometry":{"type":"Point","coordinates":[-7.9188283787934655,39.2861250295995]},"id":"00000000000000000177","properties":{"CaCO3":"1","CaCO3__20_":"","Depth":"0-20 cm","EC":5.5,"Elev":287,"K":76.0,"LC":"C10","LC0_Desc":"Woodland","LC1_Desc":"Broadleaved woodland","LU":"U120","LU1_Desc":"Forestry","N":1.0,"NUTS_0":"PT","NUTS_1":"PT1","NUTS_2":"PT18","NUTS_3":"PT186","OC":16.2,"OC__20_30_":"","Ox_Al":0.0,"Ox_Fe":0.0,"P":"< LOD","POINTID":27821982,"POINTID_1":27821982,"TH_LAT":39.28612407,"TH_LONG":-7.918827731,"pH_CaCl2":4.4,"pH_H2O":5.3}},{"type":"Feature","geometry":{"type":"Point","coordinates":[-7.658296481543786,38.59580713641449]},"id":"0000000000000000017c","properties":{"CaCO3":"2","CaCO3__20_":"","Depth":"0-20 cm","EC":5.33,"Elev":293,"K":86.1,"LC":"C10","LC0_Desc":"Woodland","LC1_Desc":"Broadleaved woodland","LU":"U120","LU1_Desc":"Forestry","N":1.5,"NUTS_0":"PT","NUTS_1":"PT1","NUTS_2":"PT18","NUTS_3":"PT187","OC":15.5,"OC__20_30_":"","Ox_Al":0.0,"Ox_Fe":0.0,"P":"< LOD","POINTID":27881902,"POINTID_1":27881902,"TH_LAT":38.59580859,"TH_LONG":-7.658297473,"pH_CaCl2":5.4,"pH_H2O":6.25}},{"type":"Feature","geometry":{"type":"Point","coordinates":[-7.734698718993525,38.87715411738167]},"id":"0000000000000000017d","properties":{"CaCO3":"2","CaCO3__20_":"","Depth":"0-20 cm","EC":5.14,"Elev":300,"K":177.7,"LC":"C10","LC0_Desc":"Woodland","LC1_Desc":"Broadleaved woodland","LU":"U120","LU1_Desc":"Forestry","N":1.3,"NUTS_0":"PT","NUTS_1":"PT1","NUTS_2":"PT18","NUTS_3":"PT187","OC":13.9,"OC__20_30_":"","Ox_Al":0.0,"Ox_Fe":0.0,"P":"< LOD","POINTID":27881934,"POINTID_1":27881934,"TH_LAT":38.87715575,"TH_LONG":-7.734696664,"pH_CaCl2":5.1,"pH_H2O":6.08}},{"type":"Feature","geometry":{"type":"Point","coordinates":[-7.919831676530492,39.54459236306144]},"id":"0000000000000000017f","properties":{"CaCO3":"1","CaCO3__20_":"","Depth":"0-20 cm","EC":3.65,"Elev":288,"K":110.4,"LC":"C10","LC0_Desc":"Woodland","LC1_Desc":"Broadleaved woodland","LU":"U120","LU1_Desc":"Forestry","N":1.3,"NUTS_0":"PT","NUTS_1":"PT1","NUTS_2":"PT18","NUTS_3":"PT186","OC":11.2,"OC__20_30_":"","Ox_Al":0.0,"Ox_Fe":0.0,"P":"< LOD","POINTID":27882010,"POINTID_1":27882010,"TH_LAT":39.54459119,"TH_LONG":-7.919830747,"pH_CaCl2":4.2,"pH_H2O":5.21}},{"type":"Feature","geometry":{"type":"Point","coordinates":[-7.631167310734619,38.58238524224363]},"id":"00000000000000000181","properties":{"CaCO3":"2","CaCO3__20_":"","Depth":"0-20 cm","EC":5.11,"Elev":299,"K":65.4,"LC":"C10","LC0_Desc":"Woodland","LC1_Desc":"Broadleaved woodland","LU":"U120","LU1_Desc":"Forestry","N":1.0,"NUTS_0":"PT","NUTS_1":"PT1","NUTS_2":"PT18","NUTS_3":"PT187","OC":9.6,"OC__20_30_":"","Ox_Al":0.0,"Ox_Fe":0.0,"P":"< LOD","POINTID":27901900,"POINTID_1":27901900,"TH_LAT":38.58238594,"TH_LONG":-7.631168134,"pH_CaCl2":5.3,"pH_H2O":6.19}},{"type":"Feature","geometry":{"type":"Point","coordinates":[-7.717018383316613,38.89892344872459]},"id":"00000000000000000182","properties":{"CaCO3":"1","CaCO3__20_":"","Depth":"0-20 cm","EC":5.95,"Elev":299,"K":57.4,"LC":"C10","LC0_Desc":"Woodland","LC1_Desc":"Broadleaved woodland","LU":"U120","LU1_Desc":"Forestry","N":1.3,"NUTS_0":"PT","NUTS_1":"PT1","NUTS_2":"PT18","NUTS_3":"PT187","OC":11.4,"OC__20_30_":"","Ox_Al":0.0,"Ox_Fe":0.0,"P":"< LOD","POINTID":27901936,"POINTID_1":27901936,"TH_LAT":38.89892467,"TH_LONG":-7.717018966,"pH_CaCl2":4.9,"pH_H2O":5.82}},{"type":"Feature","geometry":{"type":"Point","coordinates":[-7.535733629988771,38.489270294045575]},"id":"00000000000000000188","properties":{"CaCO3":"2","CaCO3__20_":"","Depth":"0-20 cm","EC":3.65,"Elev":317,"K":66.0,"LC":"C10","LC0_Desc":"Woodland","LC1_Desc":"Broadleaved woodland","LU":"U120","LU1_Desc":"Forestry","N":1.2,"NUTS_0":"PT","NUTS_1":"PT1","NUTS_2":"PT18","NUTS_3":"PT187","OC":12.8,"OC__20_30_":"","Ox_Al":0.0,"Ox_Fe":0.0,"P":"< LOD","POINTID":27961888,"POINTID_1":27961888,"TH_LAT":38.48926898,"TH_LONG":-7.535734711,"pH_CaCl2":5.0,"pH_H2O":6.03}},{"type":"Feature","geometry":{"type":"Point","coordinates":[-7.707230656504299,39.122404675321185]},"id":"0000000000000000018a","properties":{"CaCO3":"1","CaCO3__20_":"","Depth":"0-20 cm","EC":4.37,"Elev":241,"K":77.2,"LC":"C10","LC0_Desc":"Woodland","LC1_Desc":"Broadleaved woodland","LU":"U120","LU1_Desc":"Forestry","N":0.6,"NUTS_0":"PT","NUTS_1":"PT1","NUTS_2":"PT18","NUTS_3":"PT186","OC":6.5,"OC__20_30_":"","Ox_Al":0.0,"Ox_Fe":0.0,"P":"26.6","POINTID":27961960,"POINTID_1":27961960,"TH_LAT":39.12240511,"TH_LONG":-7.707231429,"pH_CaCl2":4.7,"pH_H2O":5.66}},{"type":"Feature","geometry":{"type":"Point","coordinates":[-7.541606266076159,38.59900431186982]},"id":"0000000000000000018d","properties":{"CaCO3":"1","CaCO3__20_":"","Depth":"0-20 cm","EC":4.67,"Elev":349,"K":67.6,"LC":"C10","LC0_Desc":"Woodland","LC1_Desc":"Broadleaved woodland","LU":"U120","LU1_Desc":"Forestry","N":1.0,"NUTS_0":"PT","NUTS_1":"PT1","NUTS_2":"PT18","NUTS_3":"PT187","OC":10.1,"OC__20_30_":"","Ox_Al":0.0,"Ox_Fe":0.0,"P":"< LOD","POINTID":27981900,"POINTID_1":27981900,"TH_LAT":38.5990055,"TH_LONG":-7.54160659,"pH_CaCl2":4.8,"pH_H2O":5.59}},{"type":"Feature","geometry":{"type":"Point","coordinates":[-7.627064937765449,38.9156361594729]},"id":"0000000000000000018e","properties":{"CaCO3":"1","CaCO3__20_":"","Depth":"0-20 cm","EC":5.15,"Elev":373,"K":197.8,"LC":"C10","LC0_Desc":"Woodland","LC1_Desc":"Broadleaved woodland","LU":"U120","LU1_Desc":"Forestry","N":1.1,"NUTS_0":"PT","NUTS_1":"PT1","NUTS_2":"PT18","NUTS_3":"PT187","OC":12.7,"OC__20_30_":"","Ox_Al":0.0,"Ox_Fe":0.0,"P":"13.7","POINTID":27981936,"POINTID_1":27981936,"TH_LAT":38.91563662,"TH_LONG":-7.627063194,"pH_CaCl2":5.5,"pH_H2O":6.22}},{"type":"Feature","geometry":{"type":"Point","coordinates":[-7.540549459126492,38.85775702779917]},"id":"00000000000000000193","properties":{"CaCO3":"1","CaCO3__20_":"","Depth":"0-20 cm","EC":10.94,"Elev":460,"K":502.7,"LC":"C10","LC0_Desc":"Woodland","LC1_Desc":"Broadleaved woodland","LU":"U120","LU1_Desc":"Forestry","N":4.0,"NUTS_0":"PT","NUTS_1":"PT1","NUTS_2":"PT18","NUTS_3":"PT187","OC":44.1,"OC__20_30_":"","Ox_Al":0.0,"Ox_Fe":0.0,"P":"71.8","POINTID":28041928,"POINTID_1":28041928,"TH_LAT":38.85775853,"TH_LONG":-7.540547715,"pH_CaCl2":5.5,"pH_H2O":6.14}},{"type":"Feature","geometry":{"type":"Point","coordinates":[-7.704064694756353,39.45541926019463]},"id":"00000000000000000196","properties":{"CaCO3":"2","CaCO3__20_":"","Depth":"0-20 cm","EC":3.61,"Elev":351,"K":32.2,"LC":"C10","LC0_Desc":"Woodland","LC1_Desc":"Broadleaved woodland","LU":"U120","LU1_Desc":"Forestry","N":1.1,"NUTS_0":"PT","NUTS_1":"PT1","NUTS_2":"PT18","NUTS_3":"PT186","OC":15.7,"OC__20_30_":"","Ox_Al":0.0,"Ox_Fe":0.0,"P":"< LOD","POINTID":28041996,"POINTID_1":28041996,"TH_LAT":39.45541868,"TH_LONG":-7.704064572,"pH_CaCl2":4.8,"pH_H2O":5.61}},{"type":"Feature","geometry":{"type":"Point","coordinates":[-7.30038673548895,38.2186697466172]},"id":"00000000000000000199","properties":{"CaCO3":"NA","CaCO3__20_":"","Depth":"0-20 cm","EC":6.67,"Elev":246,"K":152.2,"LC":"C10","LC0_Desc":"Woodland","LC1_Desc":"Broadleaved woodland","LU":"U120","LU1_Desc":"Forestry","N":1.5,"NUTS_0":"PT","NUTS_1":"PT1","NUTS_2":"PT18","NUTS_3":"PT184","OC":12.2,"OC__20_30_":"","Ox_Al":0.0,"Ox_Fe":0.0,"P":"< LOD","POINTID":28101854,"POINTID_1":28101854,"TH_LAT":38.21867155,"TH_LONG":-7.300388487,"pH_CaCl2":5.3,"pH_H2O":5.97}},{"type":"Feature","geometry":{"type":"Point","coordinates":[-7.5732569653535196,39.239500668984675]},"id":"0000000000000000019a","properties":{"CaCO3":"1","CaCO3__20_":"","Depth":"0-20 cm","EC":8.18,"Elev":344,"K":90.5,"LC":"C10","LC0_Desc":"Woodland","LC1_Desc":"Broadleaved woodland","LU":"U120","LU1_Desc":"Forestry","N":0.9,"NUTS_0":"PT","NUTS_1":"PT1","NUTS_2":"PT18","NUTS_3":"PT186","OC":8.7,"OC__20_30_":"","Ox_Al":0.0,"Ox_Fe":0.0,"P":"< LOD","POINTID":28101970,"POINTID_1":28101970,"TH_LAT":39.23949994,"TH_LONG":-7.573255374,"pH_CaCl2":4.2,"pH_H2O":4.75}},{"type":"Feature","geometry":{"type":"Point","coordinates":[-7.287308192099194,38.257999017908595]},"id":"0000000000000000019b","properties":{"CaCO3":"1","CaCO3__20_":"","Depth":"0-20 cm","EC":4.03,"Elev":252,"K":74.0,"LC":"C10","LC0_Desc":"Woodland","LC1_Desc":"Broadleaved woodland","LU":"U120","LU1_Desc":"Forestry","N":0.8,"NUTS_0":"PT","NUTS_1":"PT1","NUTS_2":"PT18","NUTS_3":"PT184","OC":9.0,"OC__20_30_":"","Ox_Al":0.0,"Ox_Fe":0.0,"P":"< LOD","POINTID":28121858,"POINTID_1":28121858,"TH_LAT":38.25799804,"TH_LONG":-7.28730728,"pH_CaCl2":5.6,"pH_H2O":6.42}},{"type":"Feature","geometry":{"type":"Point","coordinates":[-7.3376068519820645,39.245631932933165]},"id":"000000000000000001a7","properties":{"CaCO3":"3","CaCO3__20_":"","Depth":"0-20 cm","EC":43.0,"Elev":587,"K":278.1,"LC":"C10","LC0_Desc":"Woodland","LC1_Desc":"Broadleaved woodland","LU":"U120","LU1_Desc":"Forestry","N":7.9,"NUTS_0":"PT","NUTS_1":"PT1","NUTS_2":"PT18","NUTS_3":"PT186","OC":125.7,"OC__20_30_":"","Ox_Al":0.0,"Ox_Fe":0.0,"P":"51.2","POINTID":28301966,"POINTID_1":28301966,"TH_LAT":39.24563187,"TH_LONG":-7.337607748,"pH_CaCl2":4.2,"pH_H2O":5.18}},{"type":"Feature","geometry":{"type":"Point","coordinates":[-7.300792513684817,39.19694300853059]},"id":"000000000000000001a9","properties":{"CaCO3":"1","CaCO3__20_":"","Depth":"0-20 cm","EC":7.11,"Elev":447,"K":85.1,"LC":"C10","LC0_Desc":"Woodland","LC1_Desc":"Broadleaved woodland","LU":"U120","LU1_Desc":"Forestry","N":2.7,"NUTS_0":"PT","NUTS_1":"PT1","NUTS_2":"PT18","NUTS_3":"PT186","OC":36.7,"OC__20_30_":"","Ox_Al":0.0,"Ox_Fe":0.0,"P":"11.1","POINTID":28321960,"POINTID_1":28321960,"TH_LAT":39.19694439,"TH_LONG":-7.300792091,"pH_CaCl2":4.1,"pH_H2O":4.86}},{"type":"Feature","geometry":{"type":"Point","coordinates":[-8.092577251340984,41.636280862514994]},"id":"00000000000000000024","properties":{"CaCO3":"1","CaCO3__20_":"","Depth":"0-20 cm","EC":7.07,"Elev":691,"K":59.9,"LC":"C22","LC0_Desc":"Woodland","LC1_Desc":"Pine dominated coniferous woodland","LU":"U120","LU1_Desc":"Forestry","N":4.4,"NUTS_0":"PT","NUTS_1":"PT1","NUTS_2":"PT11","NUTS_3":"PT119","OC":104.4,"OC__20_30_":"","Ox_Al":0.0,"Ox_Fe":0.0,"P":"10.3","POINTID":28242240,"POINTID_1":28242240,"TH_LAT":41.63628119,"TH_LONG":-8.092577054,"pH_CaCl2":3.1,"pH_H2O":4.07}},{"type":"Feature","geometry":{"type":"Point","coordinates":[-7.617303965559457,40.85554577726926]},"id":"0000000000000000002d","properties":{"CaCO3":"1","CaCO3__20_":"","Depth":"0-20 cm","EC":14.97,"Elev":888,"K":56.8,"LC":"C22","LC0_Desc":"Woodland","LC1_Desc":"Pine dominated coniferous woodland","LU":"U120","LU1_Desc":"Forestry","N":3.0,"NUTS_0":"PT","NUTS_1":"PT1","NUTS_2":"PT11","NUTS_3":"PT11D","OC":53.2,"OC__20_30_":"","Ox_Al":0.0,"Ox_Fe":0.0,"P":"10.6","POINTID":28442146,"POINTID_1":28442146,"TH_LAT":40.85554796,"TH_LONG":-7.617304245,"pH_CaCl2":3.9,"pH_H2O":4.28}},{"type":"Feature","geometry":{"type":"Point","coordinates":[-7.659148169844993,41.25383268336305]},"id":"00000000000000000031","properties":{"CaCO3":"1","CaCO3__20_":"","Depth":"0-20 cm","EC":4.91,"Elev":685,"K":55.3,"LC":"C22","LC0_Desc":"Woodland","LC1_Desc":"Pine dominated coniferous woodland","LU":"U120","LU1_Desc":"Forestry","N":2.0,"NUTS_0":"PT","NUTS_1":"PT1","NUTS_2":"PT11","NUTS_3":"PT11D","OC":32.4,"OC__20_30_":"","Ox_Al":0.0,"Ox_Fe":0.0,"P":"< LOD","POINTID":28502190,"POINTID_1":28502190,"TH_LAT":41.25383347,"TH_LONG":-7.659150248,"pH_CaCl2":4.3,"pH_H2O":5.13}},{"type":"Feature","geometry":{"type":"Point","coordinates":[-7.441954275733751,40.92394838742912]},"id":"0000000000000000003b","properties":{"CaCO3":"1","CaCO3__20_":"","Depth":"0-20 cm","EC":9.58,"Elev":779,"K":67.0,"LC":"C22","LC0_Desc":"Woodland","LC1_Desc":"Pine dominated coniferous woodland","LU":"U120","LU1_Desc":"Forestry","N":0.8,"NUTS_0":"PT","NUTS_1":"PT1","NUTS_2":"PT11","NUTS_3":"PT11D","OC":9.7,"OC__20_30_":"","Ox_Al":0.0,"Ox_Fe":0.0,"P":"< LOD","POINTID":28602150,"POINTID_1":28602150,"TH_LAT":40.92394705,"TH_LONG":-7.441954018,"pH_CaCl2":4.3,"pH_H2O":5.04}},{"type":"Feature","geometry":{"type":"Point","coordinates":[-7.496007498703621,41.28308884537471]},"id":"00000000000000000046","properties":{"CaCO3":"1","CaCO3__20_":"","Depth":"0-20 cm","EC":2.75,"Elev":865,"K":31.8,"LC":"C22","LC0_Desc":"Woodland","LC1_Desc":"Pine dominated coniferous woodland","LU":"U120","LU1_Desc":"Forestry","N":1.9,"NUTS_0":"PT","NUTS_1":"PT1","NUTS_2":"PT11","NUTS_3":"PT11D","OC":37.8,"OC__20_30_":"","Ox_Al":0.0,"Ox_Fe":0.0,"P":"< LOD","POINTID":28642190,"POINTID_1":28642190,"TH_LAT":41.28308859,"TH_LONG":-7.496005502,"pH_CaCl2":4.3,"pH_H2O":5.04}},{"type":"Feature","geometry":{"type":"Point","coordinates":[-7.376186994296477,41.3781256661268]},"id":"00000000000000000050","properties":{"CaCO3":"1","CaCO3__20_":"","Depth":"0-20 cm","EC":3.01,"Elev":383,"K":31.9,"LC":"C22","LC0_Desc":"Woodland","LC1_Desc":"Pine dominated coniferous woodland","LU":"U120","LU1_Desc":"Forestry","N":2.3,"NUTS_0":"PT","NUTS_1":"PT1","NUTS_2":"PT11","NUTS_3":"PT11D","OC":38.5,"OC__20_30_":"","Ox_Al":0.0,"Ox_Fe":0.0,"P":"< LOD","POINTID":28762198,"POINTID_1":28762198,"TH_LAT":41.37812398,"TH_LONG":-7.37618672,"pH_CaCl2":4.1,"pH_H2O":5.09}},{"type":"Feature","geometry":{"type":"Point","coordinates":[-6.350647261216565,41.57227492599383]},"id":"00000000000000000071","properties":{"CaCO3":"1","CaCO3__20_":"","Depth":"0-20 cm","EC":3.52,"Elev":840,"K":91.4,"LC":"C22","LC0_Desc":"Woodland","LC1_Desc":"Pine dominated coniferous woodland","LU":"U120","LU1_Desc":"Forestry","N":0.7,"NUTS_0":"PT","NUTS_1":"PT1","NUTS_2":"PT11","NUTS_3":"PT11E","OC":6.9,"OC__20_30_":"","Ox_Al":0.0,"Ox_Fe":0.0,"P":"17.9","POINTID":29642200,"POINTID_1":29642200,"TH_LAT":41.57227686,"TH_LONG":-6.350646468,"pH_CaCl2":4.6,"pH_H2O":5.67}},{"type":"Feature","geometry":{"type":"Point","coordinates":[-8.554366215536893,39.997142069874606]},"id":"000000000000000000a1","properties":{"CaCO3":"1","CaCO3__20_":"","Depth":"0-20 cm","EC":10.48,"Elev":308,"K":77.7,"LC":"C22","LC0_Desc":"Woodland","LC1_Desc":"Pine dominated coniferous woodland","LU":"U120","LU1_Desc":"Forestry","N":2.2,"NUTS_0":"PT","NUTS_1":"PT1","NUTS_2":"PT16","NUTS_3":"PT16F","OC":46.1,"OC__20_30_":"","Ox_Al":0.0,"Ox_Fe":0.0,"P":"< LOD","POINTID":27462072,"POINTID_1":27462072,"TH_LAT":39.99714428,"TH_LONG":-8.554367445,"pH_CaCl2":5.5,"pH_H2O":6.06}},{"type":"Feature","geometry":{"type":"Point","coordinates":[-8.292652656508048,39.67747803355518]},"id":"000000000000000000ac","properties":{"CaCO3":"3","CaCO3__20_":"","Depth":"0-20 cm","EC":10.02,"Elev":333,"K":100.5,"LC":"C22","LC0_Desc":"Woodland","LC1_Desc":"Pine dominated coniferous woodland","LU":"U120","LU1_Desc":"Forestry","N":1.8,"NUTS_0":"PT","NUTS_1":"PT1","NUTS_2":"PT16","NUTS_3":"PT16I","OC":22.0,"OC__20_30_":"","Ox_Al":0.0,"Ox_Fe":0.0,"P":"< LOD","POINTID":27602032,"POINTID_1":27602032,"TH_LAT":39.67747911,"TH_LONG":-8.292652508,"pH_CaCl2":4.1,"pH_H2O":4.64}},{"type":"Feature","geometry":{"type":"Point","coordinates":[-8.097674003845073,40.08399644019363]},"id":"000000000000000000b9","properties":{"CaCO3":"1","CaCO3__20_":"","Depth":"0-20 cm","EC":18.98,"Elev":705,"K":61.4,"LC":"C22","LC0_Desc":"Woodland","LC1_Desc":"Pine dominated coniferous woodland","LU":"U120","LU1_Desc":"Forestry","N":4.7,"NUTS_0":"PT","NUTS_1":"PT1","NUTS_2":"PT16","NUTS_3":"PT16E","OC":63.0,"OC__20_30_":"","Ox_Al":0.0,"Ox_Fe":0.0,"P":"< LOD","POINTID":27862072,"POINTID_1":27862072,"TH_LAT":40.08399572,"TH_LONG":-8.097674836,"pH_CaCl2":3.8,"pH_H2O":4.03}},{"type":"Feature","geometry":{"type":"Point","coordinates":[-7.92321613423006,40.818214183249815]},"id":"000000000000000000cb","properties":{"CaCO3":"1","CaCO3__20_":"","Depth":"0-20 cm","EC":2.65,"Elev":643,"K":37.6,"LC":"C22","LC0_Desc":"Woodland","LC1_Desc":"Pine dominated coniferous woodland","LU":"U120","LU1_Desc":"Forestry","N":1.4,"NUTS_0":"PT","NUTS_1":"PT1","NUTS_2":"PT16","NUTS_3":"PT16G","OC":29.8,"OC__20_30_":"","Ox_Al":0.0,"Ox_Fe":0.0,"P":"< LOD","POINTID":28182148,"POINTID_1":28182148,"TH_LAT":40.81821392,"TH_LONG":-7.923217475,"pH_CaCl2":4.3,"pH_H2O":5.2}},{"type":"Feature","geometry":{"type":"Point","coordinates":[-7.720554450451996,40.28317556604895]},"id":"000000000000000000ce","properties":{"CaCO3":"1","CaCO3__20_":"","Depth":"0-20 cm","EC":4.64,"Elev":535,"K":46.6,"LC":"C22","LC0_Desc":"Woodland","LC1_Desc":"Pine dominated coniferous woodland","LU":"U120","LU1_Desc":"Forestry","N":3.3,"NUTS_0":"PT","NUTS_1":"PT1","NUTS_2":"PT16","NUTS_3":"PT16J","OC":74.4,"OC__20_30_":"","Ox_Al":0.0,"Ox_Fe":0.0,"P":"< LOD","POINTID":28222086,"POINTID_1":28222086,"TH_LAT":40.28317439,"TH_LONG":-7.720553158,"pH_CaCl2":4.2,"pH_H2O":4.94}},{"type":"Feature","geometry":{"type":"Point","coordinates":[-7.535162865053929,40.224685537530895]},"id":"000000000000000000db","properties":{"CaCO3":"1","CaCO3__20_":"","Depth":"0-20 cm","EC":4.91,"Elev":630,"K":71.5,"LC":"C22","LC0_Desc":"Woodland","LC1_Desc":"Pine dominated coniferous woodland","LU":"U120","LU1_Desc":"Forestry","N":3.0,"NUTS_0":"PT","NUTS_1":"PT1","NUTS_2":"PT16","NUTS_3":"PT16J","OC":61.7,"OC__20_30_":"","Ox_Al":0.0,"Ox_Fe":0.0,"P":"< LOD","POINTID":28362076,"POINTID_1":28362076,"TH_LAT":40.22468379,"TH_LONG":-7.53516306,"pH_CaCl2":4.0,"pH_H2O":5.02}},{"type":"Feature","geometry":{"type":"Point","coordinates":[-7.4778678756182035,40.10590846277026]},"id":"000000000000000000dd","properties":{"CaCO3":"1","CaCO3__20_":"","Depth":"0-20 cm","EC":3.25,"Elev":932,"K":30.3,"LC":"C22","LC0_Desc":"Woodland","LC1_Desc":"Pine dominated coniferous woodland","LU":"U120","LU1_Desc":"Forestry","N":0.6,"NUTS_0":"PT","NUTS_1":"PT1","NUTS_2":"PT16","NUTS_3":"PT16J","OC":9.6,"OC__20_30_":"","Ox_Al":0.0,"Ox_Fe":0.0,"P":"< LOD","POINTID":28382062,"POINTID_1":28382062,"TH_LAT":40.10590839,"TH_LONG":-7.47786928,"pH_CaCl2":4.6,"pH_H2O":5.85}},{"type":"Feature","geometry":{"type":"Point","coordinates":[-7.532790623293495,40.815445081495625]},"id":"000000000000000000e4","properties":{"CaCO3":"1","CaCO3__20_":"","Depth":"0-20 cm","EC":4.49,"Elev":801,"K":37.4,"LC":"C22","LC0_Desc":"Woodland","LC1_Desc":"Pine dominated coniferous woodland","LU":"U120","LU1_Desc":"Forestry","N":1.3,"NUTS_0":"PT","NUTS_1":"PT1","NUTS_2":"PT16","NUTS_3":"PT16G","OC":22.5,"OC__20_30_":"","Ox_Al":0.0,"Ox_Fe":0.0,"P":"< LOD","POINTID":28502140,"POINTID_1":28502140,"TH_LAT":40.81544716,"TH_LONG":-7.532788549,"pH_CaCl2":4.1,"pH_H2O":5.08}},{"type":"Feature","geometry":{"type":"Point","coordinates":[-7.011686696884651,40.33650641464816]},"id":"000000000000000000fb","properties":{"CaCO3":"1","CaCO3__20_":"","Depth":"0-20 cm","EC":4.12,"Elev":959,"K":36.3,"LC":"C22","LC0_Desc":"Woodland","LC1_Desc":"Pine dominated coniferous woodland","LU":"U120","LU1_Desc":"Forestry","N":3.4,"NUTS_0":"PT","NUTS_1":"PT1","NUTS_2":"PT16","NUTS_3":"PT16J","OC":47.8,"OC__20_30_":"","Ox_Al":0.0,"Ox_Fe":0.0,"P":"< LOD","POINTID":28822078,"POINTID_1":28822078,"TH_LAT":40.33650777,"TH_LONG":-7.011686302,"pH_CaCl2":4.4,"pH_H2O":5.21}},{"type":"Feature","geometry":{"type":"Point","coordinates":[-8.672550229857423,37.6045177585261]},"id":"00000000000000000110","properties":{"CaCO3":"2","CaCO3__20_":"","Depth":"0-20 cm","EC":6.36,"Elev":105,"K":65.1,"LC":"C22","LC0_Desc":"Woodland","LC1_Desc":"Pine dominated coniferous woodland","LU":"U120","LU1_Desc":"Forestry","N":3.3,"NUTS_0":"PT","NUTS_1":"PT1","NUTS_2":"PT18","NUTS_3":"PT181","OC":53.6,"OC__20_30_":"","Ox_Al":0.0,"Ox_Fe":0.0,"P":"< LOD","POINTID":26781816,"POINTID_1":26781816,"TH_LAT":37.60451843,"TH_LONG":-8.67255033,"pH_CaCl2":4.1,"pH_H2O":5.12}},{"type":"Feature","geometry":{"type":"Point","coordinates":[-8.7736514280422,38.04750269357963]},"id":"00000000000000000111","properties":{"CaCO3":"1","CaCO3__20_":"","Depth":"0-20 cm","EC":2.97,"Elev":95,"K":23.9,"LC":"C22","LC0_Desc":"Woodland","LC1_Desc":"Pine dominated coniferous woodland","LU":"U120","LU1_Desc":"Forestry","N":0.7,"NUTS_0":"PT","NUTS_1":"PT1","NUTS_2":"PT18","NUTS_3":"PT181","OC":15.9,"OC__20_30_":"","Ox_Al":0.0,"Ox_Fe":0.0,"P":"< LOD","POINTID":26801866,"POINTID_1":26801866,"TH_LAT":38.04750108,"TH_LONG":-8.773652515,"pH_CaCl2":4.3,"pH_H2O":5.43}},{"type":"Feature","geometry":{"type":"Point","coordinates":[-8.632819639471222,39.03827927484688]},"id":"0000000000000000012b","properties":{"CaCO3":"1","CaCO3__20_":"","Depth":"0-20 cm","EC":4.3,"Elev":125,"K":44.1,"LC":"C22","LC0_Desc":"Woodland","LC1_Desc":"Pine dominated coniferous woodland","LU":"U120","LU1_Desc":"Forestry","N":1.0,"NUTS_0":"PT","NUTS_1":"PT1","NUTS_2":"PT18","NUTS_3":"PT185","OC":20.4,"OC__20_30_":"","Ox_Al":0.0,"Ox_Fe":0.0,"P":"< LOD","POINTID":27161970,"POINTID_1":27161970,"TH_LAT":39.03827941,"TH_LONG":-8.632818987,"pH_CaCl2":3.9,"pH_H2O":4.93}},{"type":"Feature","geometry":{"type":"Point","coordinates":[-8.528137783140522,39.16974695120562]},"id":"0000000000000000013a","properties":{"CaCO3":"1","CaCO3__20_":"","Depth":"0-20 cm","EC":3.78,"Elev":127,"K":37.9,"LC":"C22","LC0_Desc":"Woodland","LC1_Desc":"Pine dominated coniferous woodland","LU":"U120","LU1_Desc":"Forestry","N":0.4,"NUTS_0":"PT","NUTS_1":"PT1","NUTS_2":"PT18","NUTS_3":"PT185","OC":3.9,"OC__20_30_":"","Ox_Al":0.0,"Ox_Fe":0.0,"P":"< LOD","POINTID":27281982,"POINTID_1":27281982,"TH_LAT":39.1697455,"TH_LONG":-8.528138021,"pH_CaCl2":4.3,"pH_H2O":5.31}},{"type":"Feature","geometry":{"type":"Point","coordinates":[-8.36787769127968,38.941793246252416]},"id":"00000000000000000141","properties":{"CaCO3":"1","CaCO3__20_":"","Depth":"0-20 cm","EC":3.06,"Elev":148,"K":21.2,"LC":"C22","LC0_Desc":"Woodland","LC1_Desc":"Pine dominated coniferous woodland","LU":"U120","LU1_Desc":"Forestry","N":0.5,"NUTS_0":"PT","NUTS_1":"PT1","NUTS_2":"PT18","NUTS_3":"PT185","OC":9.0,"OC__20_30_":"","Ox_Al":0.0,"Ox_Fe":0.0,"P":"< LOD","POINTID":27361954,"POINTID_1":27361954,"TH_LAT":38.94179381,"TH_LONG":-8.367875561,"pH_CaCl2":4.2,"pH_H2O":5.16}},{"type":"Feature","geometry":{"type":"Point","coordinates":[-7.2020724754625745,38.199714108039004]},"id":"0000000000000000019d","properties":{"CaCO3":"1","CaCO3__20_":"","Depth":"0-20 cm","EC":8.65,"Elev":267,"K":195.0,"LC":"C22","LC0_Desc":"Woodland","LC1_Desc":"Pine dominated coniferous woodland","LU":"U120","LU1_Desc":"Forestry","N":3.3,"NUTS_0":"PT","NUTS_1":"PT1","NUTS_2":"PT18","NUTS_3":"PT184","OC":72.1,"OC__20_30_":"","Ox_Al":0.0,"Ox_Fe":0.0,"P":"36.5","POINTID":28181850,"POINTID_1":28181850,"TH_LAT":38.19971281,"TH_LONG":-7.202072105,"pH_CaCl2":5.3,"pH_H2O":5.99}},{"type":"Feature","geometry":{"type":"Point","coordinates":[-6.491483508888601,41.548820054452705]},"id":"0000000000000000006f","properties":{"CaCO3":"1","CaCO3__20_":"","Depth":"0-20 cm","EC":3.08,"Elev":741,"K":144.6,"LC":"C23","LC0_Desc":"Woodland","LC1_Desc":"Other coniferous woodland","LU":"U120","LU1_Desc":"Forestry","N":1.1,"NUTS_0":"PT","NUTS_1":"PT1","NUTS_2":"PT11","NUTS_3":"PT11E","OC":11.8,"OC__20_30_":"","Ox_Al":0.0,"Ox_Fe":0.0,"P":"< LOD","POINTID":29522200,"POINTID_1":29522200,"TH_LAT":41.54881911,"TH_LONG":-6.491483285,"pH_CaCl2":4.6,"pH_H2O":5.53}},{"type":"Feature","geometry":{"type":"Point","coordinates":[-8.535022635167046,39.68642744936945]},"id":"0000000000000000009e","properties":{"CaCO3":"1","CaCO3__20_":"","Depth":"0-20 cm","EC":5.05,"Elev":231,"K":51.9,"LC":"C32","LC0_Desc":"Woodland","LC1_Desc":"Pine dominated mixed woodland","LU":"U120","LU1_Desc":"Forestry","N":1.4,"NUTS_0":"PT","NUTS_1":"PT1","NUTS_2":"PT16","NUTS_3":"PT16I","OC":38.9,"OC__20_30_":"","Ox_Al":0.0,"Ox_Fe":0.0,"P":"< LOD","POINTID":27402038,"POINTID_1":27402038,"TH_LAT":39.68642896,"TH_LONG":-8.535023205,"pH_CaCl2":3.5,"pH_H2O":4.31}},{"type":"Feature","geometry":{"type":"Point","coordinates":[-8.049118852474104,40.83189024618074]},"id":"000000000000000000c4","properties":{"CaCO3":"1","CaCO3__20_":"","Depth":"0-20 cm","EC":11.19,"Elev":329,"K":261.2,"LC":"C32","LC0_Desc":"Woodland","LC1_Desc":"Pine dominated mixed woodland","LU":"U120","LU1_Desc":"Forestry","N":3.8,"NUTS_0":"PT","NUTS_1":"PT1","NUTS_2":"PT16","NUTS_3":"PT16G","OC":71.4,"OC__20_30_":"","Ox_Al":0.0,"Ox_Fe":0.0,"P":"< LOD","POINTID":28082152,"POINTID_1":28082152,"TH_LAT":40.83189042,"TH_LONG":-8.049117564,"pH_CaCl2":4.0,"pH_H2O":4.87}},{"type":"Feature","geometry":{"type":"Point","coordinates":[-8.504861275641538,38.34145555322489]},"id":"00000000000000000125","properties":{"CaCO3":"1","CaCO3__20_":"","Depth":"0-20 cm","EC":3.77,"Elev":104,"K":19.3,"LC":"C32","LC0_Desc":"Woodland","LC1_Desc":"Pine dominated mixed woodland","LU":"U120","LU1_Desc":"Forestry","N":0.3,"NUTS_0":"PT","NUTS_1":"PT1","NUTS_2":"PT18","NUTS_3":"PT181","OC":5.5,"OC__20_30_":"","Ox_Al":0.0,"Ox_Fe":0.0,"P":"< LOD","POINTID":27101892,"POINTID_1":27101892,"TH_LAT":38.34145735,"TH_LONG":-8.504861164,"pH_CaCl2":4.4,"pH_H2O":5.36}},{"type":"Feature","geometry":{"type":"Point","coordinates":[-8.360319514994089,39.16522542273743]},"id":"00000000000000000149","properties":{"CaCO3":"1","CaCO3__20_":"","Depth":"0-20 cm","EC":9.44,"Elev":208,"K":39.2,"LC":"C32","LC0_Desc":"Woodland","LC1_Desc":"Pine dominated mixed woodland","LU":"U120","LU1_Desc":"Forestry","N":1.2,"NUTS_0":"PT","NUTS_1":"PT1","NUTS_2":"PT18","NUTS_3":"PT185","OC":15.1,"OC__20_30_":"","Ox_Al":0.0,"Ox_Fe":0.0,"P":"< LOD","POINTID":27421978,"POINTID_1":27421978,"TH_LAT":39.1652236,"TH_LONG":-8.360320515,"pH_CaCl2":4.1,"pH_H2O":4.71}},{"type":"Feature","geometry":{"type":"Point","coordinates":[-6.832885662843578,41.80401440774141]},"id":"00000000000000000067","properties":{"CaCO3":"1","CaCO3__20_":"","Depth":"0-20 cm","EC":6.03,"Elev":944,"K":81.7,"LC":"C33","LC0_Desc":"Woodland","LC1_Desc":"Other mixed woodland","LU":"U120","LU1_Desc":"Forestry","N":1.4,"NUTS_0":"PT","NUTS_1":"PT1","NUTS_2":"PT11","NUTS_3":"PT11E","OC":20.5,"OC__20_30_":"","Ox_Al":0.0,"Ox_Fe":0.0,"P":"< LOD","POINTID":29302234,"POINTID_1":29302234,"TH_LAT":41.80401539,"TH_LONG":-6.832883439,"pH_CaCl2":4.7,"pH_H2O":5.52}},{"type":"Feature","geometry":{"type":"Point","coordinates":[-6.9750551817305935,41.17196358802178]},"id":"00000000000000000007","properties":{"CaCO3":"NA","CaCO3__20_":"","Depth":"0-10 cm","EC":4.42,"Elev":929,"K":48.7,"LC":"D10","LC0_Desc":"Shrubland","LC1_Desc":"Shrubland with sparse tree cover","LU":"U120","LU1_Desc":"Forestry","N":6.4,"NUTS_0":"PT","NUTS_1":"PT1","NUTS_2":"PT11","NUTS_3":"PT11D","OC":91.6,"OC__20_30_":"","Ox_Al":0.0,"Ox_Fe":0.0,"P":"16.1","POINTID":29042168,"POINTID_1":29042168,"TH_LAT":41.17196535,"TH_LONG":-6.975055937,"pH_CaCl2":4.0,"pH_H2O":4.45}},{"type":"Feature","geometry":{"type":"Point","coordinates":[-7.670679405169203,41.71287484131003]},"id":"0000000000000000003d","properties":{"CaCO3":"NA","CaCO3__20_":"","Depth":"0-20 cm","EC":2.22,"Elev":920,"K":57.5,"LC":"D10","LC0_Desc":"Shrubland","LC1_Desc":"Shrubland with sparse tree cover","LU":"U120","LU1_Desc":"Forestry","N":3.0,"NUTS_0":"PT","NUTS_1":"PT1","NUTS_2":"PT11","NUTS_3":"PT11B","OC":49.0,"OC__20_30_":"","Ox_Al":0.0,"Ox_Fe":0.0,"P":"27.6","POINTID":28602240,"POINTID_1":28602240,"TH_LAT":41.71287308,"TH_LONG":-7.670681309,"pH_CaCl2":4.1,"pH_H2O":5.39}},{"type":"Feature","geometry":{"type":"Point","coordinates":[-7.10171148805267,41.794681509236554]},"id":"0000000000000000005f","properties":{"CaCO3":"NA","CaCO3__20_":"","Depth":"0-20 cm","EC":3.13,"Elev":733,"K":123.4,"LC":"D10","LC0_Desc":"Shrubland","LC1_Desc":"Shrubland with sparse tree cover","LU":"U120","LU1_Desc":"Forestry","N":1.5,"NUTS_0":"PT","NUTS_1":"PT1","NUTS_2":"PT11","NUTS_3":"PT11E","OC":18.6,"OC__20_30_":"","Ox_Al":0.0,"Ox_Fe":0.0,"P":"< LOD","POINTID":29082238,"POINTID_1":29082238,"TH_LAT":41.79468135,"TH_LONG":-7.101713074,"pH_CaCl2":4.3,"pH_H2O":5.4}},{"type":"Feature","geometry":{"type":"Point","coordinates":[-8.792254797637177,37.2839708201981]},"id":"00000000000000000075","properties":{"CaCO3":"NA","CaCO3__20_":"","Depth":"0-20 cm","EC":5.61,"Elev":145,"K":161.1,"LC":"D10","LC0_Desc":"Shrubland","LC1_Desc":"Shrubland with sparse tree cover","LU":"U120","LU1_Desc":"Forestry","N":3.6,"NUTS_0":"PT","NUTS_1":"PT1","NUTS_2":"PT15","NUTS_3":"PT150","OC":52.1,"OC__20_30_":"","Ox_Al":0.0,"Ox_Fe":0.0,"P":"< LOD","POINTID":26601784,"POINTID_1":26601784,"TH_LAT":37.28397193,"TH_LONG":-8.792255364,"pH_CaCl2":4.5,"pH_H2O":5.54}},{"type":"Feature","geometry":{"type":"Point","coordinates":[-7.760695278135114,41.014057901517155]},"id":"0000000000000000002a","properties":{"CaCO3":"NA","CaCO3__20_":"","Depth":"0-20 cm","EC":11.37,"Elev":669,"K":83.3,"LC":"D20","LC0_Desc":"Shrubland","LC1_Desc":"Shrubland without tree cover","LU":"U120","LU1_Desc":"Forestry","N":2.9,"NUTS_0":"PT","NUTS_1":"PT1","NUTS_2":"PT11","NUTS_3":"PT11D","OC":69.4,"OC__20_30_":"","Ox_Al":0.0,"Ox_Fe":0.0,"P":"56.6","POINTID":28362166,"POINTID_1":28362166,"TH_LAT":41.01405771,"TH_LONG":-7.760696018,"pH_CaCl2":3.7,"pH_H2O":4.25}},{"type":"Feature","geometry":{"type":"Point","coordinates":[-7.385805275268762,41.837216874185366]},"id":"00000000000000000056","properties":{"CaCO3":"NA","CaCO3__20_":"","Depth":"0-20 cm","EC":6.31,"Elev":482,"K":209.0,"LC":"D20","LC0_Desc":"Shrubland","LC1_Desc":"Shrubland without tree cover","LU":"U120","LU1_Desc":"Forestry","N":1.7,"NUTS_0":"PT","NUTS_1":"PT1","NUTS_2":"PT11","NUTS_3":"PT11B","OC":16.3,"OC__20_30_":"","Ox_Al":0.0,"Ox_Fe":0.0,"P":"58.7","POINTID":28862248,"POINTID_1":28862248,"TH_LAT":41.8372148,"TH_LONG":-7.385803515,"pH_CaCl2":4.8,"pH_H2O":5.83}},{"type":"Feature","geometry":{"type":"Point","coordinates":[-7.70692297853161,37.551664033739605]},"id":"0000000000000000015e","properties":{"CaCO3":"NA","CaCO3__20_":"","Depth":"0-20 cm","EC":8.26,"Elev":245,"K":394.6,"LC":"E10","LC0_Desc":"Grassland","LC1_Desc":"Grassland with sparse tree/shrub cover","LU":"U120","LU1_Desc":"Forestry","N":2.4,"NUTS_0":"PT","NUTS_1":"PT1","NUTS_2":"PT18","NUTS_3":"PT184","OC":21.2,"OC__20_30_":"","Ox_Al":0.0,"Ox_Fe":0.0,"P":"21.2","POINTID":27601790,"POINTID_1":27601790,"TH_LAT":37.5516643,"TH_LONG":-7.706921315,"pH_CaCl2":6.2,"pH_H2O":6.84}},{"type":"Feature","geometry":{"type":"Point","coordinates":[-7.3641117486437455,40.735007357592515]},"id":"000000000000000000eb","properties":{"CaCO3":"NA","CaCO3__20_":"","Depth":"0-20 cm","EC":16.25,"Elev":840,"K":62.2,"LC":"F40","LC0_Desc":"Bareland","LC1_Desc":"Other bare soil","LU":"U120","LU1_Desc":"Forestry","N":2.8,"NUTS_0":"PT","NUTS_1":"PT1","NUTS_2":"PT16","NUTS_3":"PT16J","OC":33.0,"OC__20_30_":"","Ox_Al":0.0,"Ox_Fe":0.0,"P":"30.2","POINTID":28622128,"POINTID_1":28622128,"TH_LAT":40.73500756,"TH_LONG":-7.364110987,"pH_CaCl2":4.5,"pH_H2O":4.97}},{"type":"Feature","geometry":{"type":"Point","coordinates":[-7.722231072448092,40.96569003239042]},"id":"00000000000000000005","properties":{"CaCO3":"NA","CaCO3__20_":"NA","Depth":"0-10 cm","EC":6.95,"Elev":978,"K":35.8,"LC":"C10","LC0_Desc":"Woodland","LC1_Desc":"Broadleaved woodland","LU":"U120","LU1_Desc":"Forestry","N":2.3,"NUTS_0":"PT","NUTS_1":"PT1","NUTS_2":"PT11","NUTS_3":"PT11D","OC":31.8,"OC__20_30_":"27","Ox_Al":0.0,"Ox_Fe":0.0,"P":"26.5","POINTID":28382160,"POINTID_1":28382160,"TH_LAT":40.96569098,"TH_LONG":-7.722229895,"pH_CaCl2":4.3,"pH_H2O":4.68}},{"type":"Feature","geometry":{"type":"Point","coordinates":[-8.655289049679537,41.45714539589492]},"id":"0000000000000000000d","properties":{"CaCO3":"NA","CaCO3__20_":"NA","Depth":"0-20 cm","EC":5.17,"Elev":191,"K":43.9,"LC":"C10","LC0_Desc":"Woodland","LC1_Desc":"Broadleaved woodland","LU":"U120","LU1_Desc":"Forestry","N":3.4,"NUTS_0":"PT","NUTS_1":"PT1","NUTS_2":"PT11","NUTS_3":"PT112","OC":68.4,"OC__20_30_":"60.2","Ox_Al":0.0,"Ox_Fe":0.0,"P":"< LOD","POINTID":27742232,"POINTID_1":27742232,"TH_LAT":41.45714479,"TH_LONG":-8.655287129,"pH_CaCl2":4.1,"pH_H2O":4.93}},{"type":"Feature","geometry":{"type":"Point","coordinates":[-7.57566487992238,37.22513744089893]},"id":"00000000000000000087","properties":{"CaCO3":"NA","CaCO3__20_":"NA","Depth":"0-20 cm","EC":4.94,"Elev":222,"K":176.7,"LC":"C10","LC0_Desc":"Woodland","LC1_Desc":"Broadleaved woodland","LU":"U120","LU1_Desc":"Forestry","N":2.6,"NUTS_0":"PT","NUTS_1":"PT1","NUTS_2":"PT15","NUTS_3":"PT150","OC":25.7,"OC__20_30_":"22.8","Ox_Al":0.0,"Ox_Fe":0.0,"P":"< LOD","POINTID":27641752,"POINTID_1":27641752,"TH_LAT":37.22513623,"TH_LONG":-7.575663712,"pH_CaCl2":4.8,"pH_H2O":5.7}},{"type":"Feature","geometry":{"type":"Point","coordinates":[-8.22738479438876,39.28318202290423]},"id":"000000000000000000a8","properties":{"CaCO3":"NA","CaCO3__20_":"NA","Depth":"0-20 cm","EC":5.0,"Elev":225,"K":76.5,"LC":"C10","LC0_Desc":"Woodland","LC1_Desc":"Broadleaved woodland","LU":"U120","LU1_Desc":"Forestry","N":1.0,"NUTS_0":"PT","NUTS_1":"PT1","NUTS_2":"PT16","NUTS_3":"PT16I","OC":17.9,"OC__20_30_":"40.4","Ox_Al":0.0,"Ox_Fe":0.0,"P":"< LOD","POINTID":27561988,"POINTID_1":27561988,"TH_LAT":39.28318073,"TH_LONG":-8.22738568,"pH_CaCl2":4.3,"pH_H2O":5.15}},{"type":"Feature","geometry":{"type":"Point","coordinates":[-8.241524603829236,40.740603529414585]},"id":"000000000000000000ba","properties":{"CaCO3":"NA","CaCO3__20_":"NA","Depth":"0-20 cm","EC":18.06,"Elev":361,"K":72.9,"LC":"C10","LC0_Desc":"Woodland","LC1_Desc":"Broadleaved woodland","LU":"U120","LU1_Desc":"Forestry","N":3.4,"NUTS_0":"PT","NUTS_1":"PT1","NUTS_2":"PT16","NUTS_3":"PT16G","OC":45.8,"OC__20_30_":"41.4","Ox_Al":0.0,"Ox_Fe":0.0,"P":"< LOD","POINTID":27902146,"POINTID_1":27902146,"TH_LAT":40.74060181,"TH_LONG":-8.241522697,"pH_CaCl2":4.0,"pH_H2O":4.31}},{"type":"Feature","geometry":{"type":"Point","coordinates":[-8.089910708911024,40.30714323421122]},"id":"000000000000000000bc","properties":{"CaCO3":"NA","CaCO3__20_":"NA","Depth":"0-20 cm","EC":20.5,"Elev":322,"K":118.2,"LC":"C10","LC0_Desc":"Woodland","LC1_Desc":"Broadleaved woodland","LU":"U120","LU1_Desc":"Forestry","N":3.0,"NUTS_0":"PT","NUTS_1":"PT1","NUTS_2":"PT16","NUTS_3":"PT16E","OC":41.1,"OC__20_30_":"37.5","Ox_Al":0.0,"Ox_Fe":0.0,"P":"< LOD","POINTID":27922096,"POINTID_1":27922096,"TH_LAT":40.30714232,"TH_LONG":-8.089911916,"pH_CaCl2":4.1,"pH_H2O":4.5}},{"type":"Feature","geometry":{"type":"Point","coordinates":[-8.01072153330288,40.45119895284385]},"id":"000000000000000000bf","properties":{"CaCO3":"NA","CaCO3__20_":"NA","Depth":"0-20 cm","EC":4.8,"Elev":323,"K":50.1,"LC":"C10","LC0_Desc":"Woodland","LC1_Desc":"Broadleaved woodland","LU":"U120","LU1_Desc":"Forestry","N":2.1,"NUTS_0":"PT","NUTS_1":"PT1","NUTS_2":"PT16","NUTS_3":"PT16G","OC":32.5,"OC__20_30_":"18.3","Ox_Al":0.0,"Ox_Fe":0.0,"P":"< LOD","POINTID":28022110,"POINTID_1":28022110,"TH_LAT":40.45120013,"TH_LONG":-8.010723245,"pH_CaCl2":4.2,"pH_H2O":4.84}},{"type":"Feature","geometry":{"type":"Point","coordinates":[-7.671812016836779,39.68294043234566]},"id":"000000000000000000c7","properties":{"CaCO3":"NA","CaCO3__20_":"NA","Depth":"0-20 cm","EC":2.79,"Elev":266,"K":36.0,"LC":"C10","LC0_Desc":"Woodland","LC1_Desc":"Broadleaved woodland","LU":"U120","LU1_Desc":"Forestry","N":0.8,"NUTS_0":"PT","NUTS_1":"PT1","NUTS_2":"PT16","NUTS_3":"PT16H","OC":6.4,"OC__20_30_":"15.6","Ox_Al":0.0,"Ox_Fe":0.0,"P":"< LOD","POINTID":28122020,"POINTID_1":28122020,"TH_LAT":39.68293879,"TH_LONG":-7.671810213,"pH_CaCl2":4.0,"pH_H2O":5.17}},{"type":"Feature","geometry":{"type":"Point","coordinates":[-7.600453022678482,40.02827551342977]},"id":"000000000000000000d1","properties":{"CaCO3":"NA","CaCO3__20_":"NA","Depth":"0-20 cm","EC":5.55,"Elev":477,"K":41.1,"LC":"C10","LC0_Desc":"Woodland","LC1_Desc":"Broadleaved woodland","LU":"U120","LU1_Desc":"Forestry","N":2.8,"NUTS_0":"PT","NUTS_1":"PT1","NUTS_2":"PT16","NUTS_3":"PT16H","OC":54.3,"OC__20_30_":"39","Ox_Al":0.0,"Ox_Fe":0.0,"P":"< LOD","POINTID":28262056,"POINTID_1":28262056,"TH_LAT":40.0282755,"TH_LONG":-7.600453995,"pH_CaCl2":4.1,"pH_H2O":4.84}},{"type":"Feature","geometry":{"type":"Point","coordinates":[-7.248745886188995,39.79667872291591]},"id":"000000000000000000e3","properties":{"CaCO3":"NA","CaCO3__20_":"NA","Depth":"0-20 cm","EC":3.26,"Elev":282,"K":63.1,"LC":"C10","LC0_Desc":"Woodland","LC1_Desc":"Broadleaved woodland","LU":"U120","LU1_Desc":"Forestry","N":0.7,"NUTS_0":"PT","NUTS_1":"PT1","NUTS_2":"PT16","NUTS_3":"PT16H","OC":6.4,"OC__20_30_":"6.5","Ox_Al":0.0,"Ox_Fe":0.0,"P":"< LOD","POINTID":28502024,"POINTID_1":28502024,"TH_LAT":39.79667943,"TH_LONG":-7.248743873,"pH_CaCl2":5.0,"pH_H2O":5.84}},{"type":"Feature","geometry":{"type":"Point","coordinates":[-7.425188055772795,40.521229134888216]},"id":"000000000000000000e6","properties":{"CaCO3":"NA","CaCO3__20_":"NA","Depth":"0-20 cm","EC":17.68,"Elev":1304,"K":63.5,"LC":"C10","LC0_Desc":"Woodland","LC1_Desc":"Broadleaved woodland","LU":"U120","LU1_Desc":"Forestry","N":5.8,"NUTS_0":"PT","NUTS_1":"PT1","NUTS_2":"PT16","NUTS_3":"PT16J","OC":78.2,"OC__20_30_":"180.5","Ox_Al":0.0,"Ox_Fe":0.0,"P":"20.9","POINTID":28522106,"POINTID_1":28522106,"TH_LAT":40.5212293,"TH_LONG":-7.425186888,"pH_CaCl2":4.2,"pH_H2O":4.53}},{"type":"Feature","geometry":{"type":"Point","coordinates":[-7.188806649828574,39.75207433507828]},"id":"000000000000000000e7","properties":{"CaCO3":"NA","CaCO3__20_":"NA","Depth":"0-20 cm","EC":2.78,"Elev":301,"K":33.3,"LC":"C10","LC0_Desc":"Woodland","LC1_Desc":"Broadleaved woodland","LU":"U120","LU1_Desc":"Forestry","N":0.7,"NUTS_0":"PT","NUTS_1":"PT1","NUTS_2":"PT16","NUTS_3":"PT16H","OC":7.9,"OC__20_30_":"7.5","Ox_Al":0.0,"Ox_Fe":0.0,"P":"< LOD","POINTID":28542018,"POINTID_1":28542018,"TH_LAT":39.75207571,"TH_LONG":-7.188806116,"pH_CaCl2":5.0,"pH_H2O":5.87}},{"type":"Feature","geometry":{"type":"Point","coordinates":[-7.185957284255422,40.268884147172656]},"id":"000000000000000000ed","properties":{"CaCO3":"NA","CaCO3__20_":"NA","Depth":"0-20 cm","EC":4.5,"Elev":634,"K":79.0,"LC":"C10","LC0_Desc":"Woodland","LC1_Desc":"Broadleaved woodland","LU":"U120","LU1_Desc":"Forestry","N":1.7,"NUTS_0":"PT","NUTS_1":"PT1","NUTS_2":"PT16","NUTS_3":"PT16H","OC":26.4,"OC__20_30_":"35.6","Ox_Al":0.0,"Ox_Fe":0.0,"P":"10.5","POINTID":28662074,"POINTID_1":28662074,"TH_LAT":40.26888581,"TH_LONG":-7.185955982,"pH_CaCl2":4.2,"pH_H2O":5.07}},{"type":"Feature","geometry":{"type":"Point","coordinates":[-6.887531946253557,40.855581450077686]},"id":"00000000000000000104","properties":{"CaCO3":"NA","CaCO3__20_":"NA","Depth":"0-20 cm","EC":13.21,"Elev":677,"K":96.9,"LC":"C10","LC0_Desc":"Woodland","LC1_Desc":"Broadleaved woodland","LU":"U120","LU1_Desc":"Forestry","N":1.3,"NUTS_0":"PT","NUTS_1":"PT1","NUTS_2":"PT16","NUTS_3":"PT16J","OC":12.2,"OC__20_30_":"9.7","Ox_Al":0.0,"Ox_Fe":0.0,"P":"< LOD","POINTID":29042132,"POINTID_1":29042132,"TH_LAT":40.85558051,"TH_LONG":-6.887533901,"pH_CaCl2":4.1,"pH_H2O":4.76}},{"type":"Feature","geometry":{"type":"Point","coordinates":[-8.865544582551616,38.696047728095955]},"id":"0000000000000000010a","properties":{"CaCO3":"NA","CaCO3__20_":"NA","Depth":"0-20 cm","EC":11.125,"Elev":66,"K":99.75,"LC":"C10","LC0_Desc":"Woodland","LC1_Desc":"Broadleaved woodland","LU":"U120","LU1_Desc":"Forestry","N":0.85,"NUTS_0":"PT","NUTS_1":"PT1","NUTS_2":"PT17","NUTS_3":"PT170","OC":10.4,"OC__20_30_":"17.9","Ox_Al":0.0,"Ox_Fe":0.0,"P":"< LOD","POINTID":26881938,"POINTID_1":26881938,"TH_LAT":38.69604951,"TH_LONG":-8.865543872,"pH_CaCl2":4.5,"pH_H2O":5.28}},{"type":"Feature","geometry":{"type":"Point","coordinates":[-8.37076272966126,37.775345919883605]},"id":"00000000000000000122","properties":{"CaCO3":"NA","CaCO3__20_":"NA","Depth":"0-20 cm","EC":3.65,"Elev":181,"K":42.7,"LC":"C10","LC0_Desc":"Woodland","LC1_Desc":"Broadleaved woodland","LU":"U120","LU1_Desc":"Forestry","N":1.2,"NUTS_0":"PT","NUTS_1":"PT1","NUTS_2":"PT18","NUTS_3":"PT184","OC":11.0,"OC__20_30_":"6.7","Ox_Al":0.0,"Ox_Fe":0.0,"P":"< LOD","POINTID":27081828,"POINTID_1":27081828,"TH_LAT":37.77534776,"TH_LONG":-8.370764946,"pH_CaCl2":4.8,"pH_H2O":5.86}},{"type":"Feature","geometry":{"type":"Point","coordinates":[-8.314983834583705,37.6566803226493]},"id":"00000000000000000124","properties":{"CaCO3":"NA","CaCO3__20_":"NA","Depth":"0-20 cm","EC":4.61,"Elev":244,"K":81.8,"LC":"C10","LC0_Desc":"Woodland","LC1_Desc":"Broadleaved woodland","LU":"U120","LU1_Desc":"Forestry","N":1.8,"NUTS_0":"PT","NUTS_1":"PT1","NUTS_2":"PT18","NUTS_3":"PT184","OC":20.7,"OC__20_30_":"12.9","Ox_Al":0.0,"Ox_Fe":0.0,"P":"< LOD","POINTID":27101814,"POINTID_1":27101814,"TH_LAT":37.65667873,"TH_LONG":-8.314985341,"pH_CaCl2":5.4,"pH_H2O":5.81}},{"type":"Feature","geometry":{"type":"Point","coordinates":[-8.201673617714592,37.752805164058444]},"id":"00000000000000000130","properties":{"CaCO3":"NA","CaCO3__20_":"NA","Depth":"0-20 cm","EC":6.49,"Elev":240,"K":141.9,"LC":"C10","LC0_Desc":"Woodland","LC1_Desc":"Broadleaved woodland","LU":"U120","LU1_Desc":"Forestry","N":1.9,"NUTS_0":"PT","NUTS_1":"PT1","NUTS_2":"PT18","NUTS_3":"PT184","OC":17.7,"OC__20_30_":"11.8","Ox_Al":1.2,"Ox_Fe":3.4,"P":"< LOD","POINTID":27221822,"POINTID_1":27221822,"TH_LAT":37.75280367,"TH_LONG":-8.201674106,"pH_CaCl2":5.8,"pH_H2O":6.38}},{"type":"Feature","geometry":{"type":"Point","coordinates":[-8.408014059861747,38.58247442426469]},"id":"00000000000000000134","properties":{"CaCO3":"NA","CaCO3__20_":"NA","Depth":"0-20 cm","EC":7.92,"Elev":222,"K":120.8,"LC":"C10","LC0_Desc":"Woodland","LC1_Desc":"Broadleaved woodland","LU":"U120","LU1_Desc":"Forestry","N":2.1,"NUTS_0":"PT","NUTS_1":"PT1","NUTS_2":"PT18","NUTS_3":"PT187","OC":22.8,"OC__20_30_":"20.2","Ox_Al":0.0,"Ox_Fe":0.0,"P":"< LOD","POINTID":27241916,"POINTID_1":27241916,"TH_LAT":38.58247455,"TH_LONG":-8.408011888,"pH_CaCl2":5.2,"pH_H2O":5.92}},{"type":"Feature","geometry":{"type":"Point","coordinates":[-8.217253716795332,38.489890109092]},"id":"00000000000000000143","properties":{"CaCO3":"NA","CaCO3__20_":"NA","Depth":"0-20 cm","EC":8.69,"Elev":255,"K":65.3,"LC":"C10","LC0_Desc":"Woodland","LC1_Desc":"Broadleaved woodland","LU":"U120","LU1_Desc":"Forestry","N":1.5,"NUTS_0":"PT","NUTS_1":"PT1","NUTS_2":"PT18","NUTS_3":"PT187","OC":16.1,"OC__20_30_":"11.9","Ox_Al":0.0,"Ox_Fe":0.0,"P":"< LOD","POINTID":27381902,"POINTID_1":27381902,"TH_LAT":38.48989142,"TH_LONG":-8.217254276,"pH_CaCl2":4.0,"pH_H2O":4.71}},{"type":"Feature","geometry":{"type":"Point","coordinates":[-7.960231132074711,37.63287318212495]},"id":"00000000000000000146","properties":{"CaCO3":"NA","CaCO3__20_":"NA","Depth":"0-20 cm","EC":7.03,"Elev":288,"K":48.8,"LC":"C10","LC0_Desc":"Woodland","LC1_Desc":"Broadleaved woodland","LU":"U120","LU1_Desc":"Forestry","N":1.2,"NUTS_0":"PT","NUTS_1":"PT1","NUTS_2":"PT18","NUTS_3":"PT184","OC":9.5,"OC__20_30_":"6.6","Ox_Al":0.0,"Ox_Fe":0.0,"P":"< LOD","POINTID":27401804,"POINTID_1":27401804,"TH_LAT":37.63287273,"TH_LONG":-7.960229523,"pH_CaCl2":5.3,"pH_H2O":5.76}},{"type":"Feature","geometry":{"type":"Point","coordinates":[-8.103667035660903,38.41923119379909]},"id":"0000000000000000014d","properties":{"CaCO3":"NA","CaCO3__20_":"NA","Depth":"0-20 cm","EC":5.85,"Elev":237,"K":52.6,"LC":"C10","LC0_Desc":"Woodland","LC1_Desc":"Broadleaved woodland","LU":"U120","LU1_Desc":"Forestry","N":1.1,"NUTS_0":"PT","NUTS_1":"PT1","NUTS_2":"PT18","NUTS_3":"PT187","OC":12.9,"OC__20_30_":"10.3","Ox_Al":0.0,"Ox_Fe":0.0,"P":"< LOD","POINTID":27461892,"POINTID_1":27461892,"TH_LAT":38.41923153,"TH_LONG":-8.103666991,"pH_CaCl2":4.8,"pH_H2O":5.74}},{"type":"Feature","geometry":{"type":"Point","coordinates":[-7.9283753141488935,37.8609294464024]},"id":"0000000000000000014f","properties":{"CaCO3":"NA","CaCO3__20_":"NA","Depth":"0-20 cm","EC":8.95,"Elev":188,"K":60.7,"LC":"C10","LC0_Desc":"Woodland","LC1_Desc":"Broadleaved woodland","LU":"U120","LU1_Desc":"Forestry","N":2.1,"NUTS_0":"PT","NUTS_1":"PT1","NUTS_2":"PT18","NUTS_3":"PT184","OC":23.6,"OC__20_30_":"13.7","Ox_Al":0.0,"Ox_Fe":0.0,"P":"< LOD","POINTID":27481828,"POINTID_1":27481828,"TH_LAT":37.86093134,"TH_LONG":-7.92837558,"pH_CaCl2":6.2,"pH_H2O":6.8}},{"type":"Feature","geometry":{"type":"Point","coordinates":[-8.086191818632448,38.44107187075887]},"id":"00000000000000000151","properties":{"CaCO3":"NA","CaCO3__20_":"NA","Depth":"0-20 cm","EC":8.02,"Elev":225,"K":78.2,"LC":"C10","LC0_Desc":"Woodland","LC1_Desc":"Broadleaved woodland","LU":"U120","LU1_Desc":"Forestry","N":1.3,"NUTS_0":"PT","NUTS_1":"PT1","NUTS_2":"PT18","NUTS_3":"PT187","OC":14.7,"OC__20_30_":"21.7","Ox_Al":0.0,"Ox_Fe":0.0,"P":"< LOD","POINTID":27481894,"POINTID_1":27481894,"TH_LAT":38.44107094,"TH_LONG":-8.086193948,"pH_CaCl2":5.5,"pH_H2O":6.1}},{"type":"Feature","geometry":{"type":"Point","coordinates":[-8.138162641410362,38.96739294540025]},"id":"0000000000000000015c","properties":{"CaCO3":"NA","CaCO3__20_":"NA","Depth":"0-20 cm","EC":4.51,"Elev":162,"K":27.0,"LC":"C10","LC0_Desc":"Woodland","LC1_Desc":"Broadleaved woodland","LU":"U120","LU1_Desc":"Forestry","N":0.5,"NUTS_0":"PT","NUTS_1":"PT1","NUTS_2":"PT18","NUTS_3":"PT187","OC":4.2,"OC__20_30_":"2.4","Ox_Al":0.0,"Ox_Fe":0.0,"P":"< LOD","POINTID":27561952,"POINTID_1":27561952,"TH_LAT":38.9673951,"TH_LONG":-8.138163986,"pH_CaCl2":4.5,"pH_H2O":5.44}},{"type":"Feature","geometry":{"type":"Point","coordinates":[-7.856539196177881,38.37380633136764]},"id":"00000000000000000165","properties":{"CaCO3":"NA","CaCO3__20_":"NA","Depth":"0-20 cm","EC":5.74,"Elev":379,"K":136.9,"LC":"C10","LC0_Desc":"Woodland","LC1_Desc":"Broadleaved woodland","LU":"U120","LU1_Desc":"Forestry","N":1.8,"NUTS_0":"PT","NUTS_1":"PT1","NUTS_2":"PT18","NUTS_3":"PT187","OC":26.5,"OC__20_30_":"14.8","Ox_Al":0.0,"Ox_Fe":0.0,"P":"< LOD","POINTID":27661882,"POINTID_1":27661882,"TH_LAT":38.37380684,"TH_LONG":-7.856539308,"pH_CaCl2":5.3,"pH_H2O":5.74}},{"type":"Feature","geometry":{"type":"Point","coordinates":[-7.729401306942032,38.249896831294485]},"id":"0000000000000000016b","properties":{"CaCO3":"NA","CaCO3__20_":"NA","Depth":"0-20 cm","EC":5.78,"Elev":410,"K":124.0,"LC":"C10","LC0_Desc":"Woodland","LC1_Desc":"Broadleaved woodland","LU":"U120","LU1_Desc":"Forestry","N":2.2,"NUTS_0":"PT","NUTS_1":"PT1","NUTS_2":"PT18","NUTS_3":"PT187","OC":29.2,"OC__20_30_":"30.7","Ox_Al":0.0,"Ox_Fe":0.0,"P":"< LOD","POINTID":27741866,"POINTID_1":27741866,"TH_LAT":38.24989582,"TH_LONG":-7.729403411,"pH_CaCl2":4.9,"pH_H2O":5.69}},{"type":"Feature","geometry":{"type":"Point","coordinates":[-7.532161890044962,37.76937518357305]},"id":"00000000000000000172","properties":{"CaCO3":"NA","CaCO3__20_":"NA","Depth":"0-20 cm","EC":13.34,"Elev":261,"K":227.4,"LC":"C10","LC0_Desc":"Woodland","LC1_Desc":"Broadleaved woodland","LU":"U120","LU1_Desc":"Forestry","N":3.3,"NUTS_0":"PT","NUTS_1":"PT1","NUTS_2":"PT18","NUTS_3":"PT184","OC":38.8,"OC__20_30_":"34.3","Ox_Al":0.0,"Ox_Fe":0.0,"P":"60.2","POINTID":27801810,"POINTID_1":27801810,"TH_LAT":37.76937439,"TH_LONG":-7.532160065,"pH_CaCl2":4.6,"pH_H2O":5.19}},{"type":"Feature","geometry":{"type":"Point","coordinates":[-7.7443125408647555,38.91230967008702]},"id":"0000000000000000017e","properties":{"CaCO3":"NA","CaCO3__20_":"NA","Depth":"0-20 cm","EC":16.84,"Elev":294,"K":78.2,"LC":"C10","LC0_Desc":"Woodland","LC1_Desc":"Broadleaved woodland","LU":"U120","LU1_Desc":"Forestry","N":1.4,"NUTS_0":"PT","NUTS_1":"PT1","NUTS_2":"PT18","NUTS_3":"PT187","OC":13.7,"OC__20_30_":"14.3","Ox_Al":0.0,"Ox_Fe":0.0,"P":"< LOD","POINTID":27881938,"POINTID_1":27881938,"TH_LAT":38.91231073,"TH_LONG":-7.744310472,"pH_CaCl2":5.0,"pH_H2O":5.62}},{"type":"Feature","geometry":{"type":"Point","coordinates":[-7.339145241845503,38.986972858125924]},"id":"000000000000000001a2","properties":{"CaCO3":"NA","CaCO3__20_":"NA","Depth":"0-20 cm","EC":5.79,"Elev":379,"K":147.4,"LC":"C10","LC0_Desc":"Woodland","LC1_Desc":"Broadleaved woodland","LU":"U120","LU1_Desc":"Forestry","N":1.3,"NUTS_0":"PT","NUTS_1":"PT1","NUTS_2":"PT18","NUTS_3":"PT186","OC":15.6,"OC__20_30_":"15.8","Ox_Al":0.0,"Ox_Fe":0.0,"P":"< LOD","POINTID":28241938,"POINTID_1":28241938,"TH_LAT":38.98697265,"TH_LONG":-7.339146943,"pH_CaCl2":5.5,"pH_H2O":6.48}},{"type":"Feature","geometry":{"type":"Point","coordinates":[-8.659083744676016,41.54886018636219]},"id":"0000000000000000000e","properties":{"CaCO3":"NA","CaCO3__20_":"NA","Depth":"0-20 cm","EC":5.46,"Elev":196,"K":31.8,"LC":"C22","LC0_Desc":"Woodland","LC1_Desc":"Pine dominated coniferous woodland","LU":"U120","LU1_Desc":"Forestry","N":3.6,"NUTS_0":"PT","NUTS_1":"PT1","NUTS_2":"PT11","NUTS_3":"PT112","OC":94.0,"OC__20_30_":"91.2","Ox_Al":9.3,"Ox_Fe":3.6,"P":"< LOD","POINTID":27762242,"POINTID_1":27762242,"TH_LAT":41.54886066,"TH_LONG":-8.659084,"pH_CaCl2":3.7,"pH_H2O":4.46}},{"type":"Feature","geometry":{"type":"Point","coordinates":[-7.514254140214322,41.261390859648635]},"id":"00000000000000000041","properties":{"CaCO3":"NA","CaCO3__20_":"NA","Depth":"0-20 cm","EC":3.72,"Elev":613,"K":53.1,"LC":"C22","LC0_Desc":"Woodland","LC1_Desc":"Pine dominated coniferous woodland","LU":"U120","LU1_Desc":"Forestry","N":1.6,"NUTS_0":"PT","NUTS_1":"PT1","NUTS_2":"PT11","NUTS_3":"PT11D","OC":29.8,"OC__20_30_":"15.2","Ox_Al":0.0,"Ox_Fe":0.0,"P":"< LOD","POINTID":28622188,"POINTID_1":28622188,"TH_LAT":41.26139044,"TH_LONG":-7.514255471,"pH_CaCl2":4.1,"pH_H2O":4.97}},{"type":"Feature","geometry":{"type":"Point","coordinates":[-7.882014040496218,37.4258727930219]},"id":"00000000000000000082","properties":{"CaCO3":"NA","CaCO3__20_":"NA","Depth":"0-20 cm","EC":4.58,"Elev":304,"K":57.6,"LC":"C22","LC0_Desc":"Woodland","LC1_Desc":"Pine dominated coniferous woodland","LU":"U120","LU1_Desc":"Forestry","N":0.8,"NUTS_0":"PT","NUTS_1":"PT1","NUTS_2":"PT15","NUTS_3":"PT150","OC":6.2,"OC__20_30_":"6.5","Ox_Al":0.0,"Ox_Fe":0.0,"P":"< LOD","POINTID":27421780,"POINTID_1":27421780,"TH_LAT":37.42587121,"TH_LONG":-7.882013906,"pH_CaCl2":5.4,"pH_H2O":6.36}},{"type":"Feature","geometry":{"type":"Point","coordinates":[-8.769789846529918,40.473458785302654]},"id":"0000000000000000009f","properties":{"CaCO3":"NA","CaCO3__20_":"NA","Depth":"0-20 cm","EC":2.6,"Elev":66,"K":0.0,"LC":"C22","LC0_Desc":"Woodland","LC1_Desc":"Pine dominated coniferous woodland","LU":"U120","LU1_Desc":"Forestry","N":0.0,"NUTS_0":"PT","NUTS_1":"PT1","NUTS_2":"PT16","NUTS_3":"PT16E","OC":2.4,"OC__20_30_":"3.1","Ox_Al":0.0,"Ox_Fe":0.0,"P":"< LOD","POINTID":27402128,"POINTID_1":27402128,"TH_LAT":40.47345671,"TH_LONG":-8.769787704,"pH_CaCl2":5.3,"pH_H2O":5.87}},{"type":"Feature","geometry":{"type":"Point","coordinates":[-8.727388254612698,40.57415866439261]},"id":"000000000000000000a2","properties":{"CaCO3":"NA","CaCO3__20_":"NA","Depth":"0-20 cm","EC":2.37,"Elev":77,"K":0.0,"LC":"C22","LC0_Desc":"Woodland","LC1_Desc":"Pine dominated coniferous woodland","LU":"U120","LU1_Desc":"Forestry","N":0.0,"NUTS_0":"PT","NUTS_1":"PT1","NUTS_2":"PT16","NUTS_3":"PT16D","OC":3.3,"OC__20_30_":"< LOD","Ox_Al":0.0,"Ox_Fe":0.0,"P":"< LOD","POINTID":27462138,"POINTID_1":27462138,"TH_LAT":40.57415894,"TH_LONG":-8.72738882,"pH_CaCl2":4.1,"pH_H2O":5.04}},{"type":"Feature","geometry":{"type":"Point","coordinates":[-8.59517590837803,40.37768175377569]},"id":"000000000000000000a6","properties":{"CaCO3":"NA","CaCO3__20_":"NA","Depth":"0-20 cm","EC":5.93,"Elev":133,"K":12.3,"LC":"C22","LC0_Desc":"Woodland","LC1_Desc":"Pine dominated coniferous woodland","LU":"U120","LU1_Desc":"Forestry","N":0.3,"NUTS_0":"PT","NUTS_1":"PT1","NUTS_2":"PT16","NUTS_3":"PT16E","OC":4.0,"OC__20_30_":"6.3","Ox_Al":0.0,"Ox_Fe":0.0,"P":"< LOD","POINTID":27522114,"POINTID_1":27522114,"TH_LAT":40.37768345,"TH_LONG":-8.595175679,"pH_CaCl2":5.5,"pH_H2O":5.86}},{"type":"Feature","geometry":{"type":"Point","coordinates":[-7.99716140699935,39.7333371924517]},"id":"000000000000000000b8","properties":{"CaCO3":"NA","CaCO3__20_":"NA","Depth":"0-20 cm","EC":3.77,"Elev":533,"K":49.9,"LC":"C22","LC0_Desc":"Woodland","LC1_Desc":"Pine dominated coniferous woodland","LU":"U120","LU1_Desc":"Forestry","N":1.7,"NUTS_0":"PT","NUTS_1":"PT1","NUTS_2":"PT16","NUTS_3":"PT16H","OC":15.5,"OC__20_30_":"6.4","Ox_Al":0.0,"Ox_Fe":0.0,"P":"< LOD","POINTID":27862032,"POINTID_1":27862032,"TH_LAT":39.73333602,"TH_LONG":-7.997159656,"pH_CaCl2":4.5,"pH_H2O":5.59}},{"type":"Feature","geometry":{"type":"Point","coordinates":[-8.01830646419479,40.56059853808909]},"id":"000000000000000000c2","properties":{"CaCO3":"NA","CaCO3__20_":"NA","Depth":"0-20 cm","EC":9.28,"Elev":355,"K":60.7,"LC":"C22","LC0_Desc":"Woodland","LC1_Desc":"Pine dominated coniferous woodland","LU":"U120","LU1_Desc":"Forestry","N":1.8,"NUTS_0":"PT","NUTS_1":"PT1","NUTS_2":"PT16","NUTS_3":"PT16G","OC":28.1,"OC__20_30_":"29.8","Ox_Al":0.0,"Ox_Fe":0.0,"P":"< LOD","POINTID":28042122,"POINTID_1":28042122,"TH_LAT":40.56059987,"TH_LONG":-8.018305845,"pH_CaCl2":3.9,"pH_H2O":4.63}},{"type":"Feature","geometry":{"type":"Point","coordinates":[-7.793246715825269,40.029822821495316]},"id":"000000000000000000c5","properties":{"CaCO3":"NA","CaCO3__20_":"NA","Depth":"0-20 cm","EC":12.16,"Elev":574,"K":84.1,"LC":"C22","LC0_Desc":"Woodland","LC1_Desc":"Pine dominated coniferous woodland","LU":"U120","LU1_Desc":"Forestry","N":4.7,"NUTS_0":"PT","NUTS_1":"PT1","NUTS_2":"PT16","NUTS_3":"PT16H","OC":97.5,"OC__20_30_":"66.3","Ox_Al":0.0,"Ox_Fe":0.0,"P":"< LOD","POINTID":28102060,"POINTID_1":28102060,"TH_LAT":40.02982153,"TH_LONG":-7.793248633,"pH_CaCl2":3.6,"pH_H2O":4.52}},{"type":"Feature","geometry":{"type":"Point","coordinates":[-7.928870274365825,40.503303548653356]},"id":"000000000000000000c6","properties":{"CaCO3":"NA","CaCO3__20_":"NA","Depth":"0-20 cm","EC":3.97,"Elev":426,"K":105.5,"LC":"C22","LC0_Desc":"Woodland","LC1_Desc":"Pine dominated coniferous woodland","LU":"U120","LU1_Desc":"Forestry","N":0.8,"NUTS_0":"PT","NUTS_1":"PT1","NUTS_2":"PT16","NUTS_3":"PT16G","OC":16.5,"OC__20_30_":"13.3","Ox_Al":0.0,"Ox_Fe":0.0,"P":"< LOD","POINTID":28102114,"POINTID_1":28102114,"TH_LAT":40.50330277,"TH_LONG":-7.928871831,"pH_CaCl2":4.2,"pH_H2O":5.21}},{"type":"Feature","geometry":{"type":"Point","coordinates":[-7.722770623675556,39.95049095465346]},"id":"000000000000000000c8","properties":{"CaCO3":"NA","CaCO3__20_":"NA","Depth":"0-20 cm","EC":6.13,"Elev":516,"K":96.5,"LC":"C22","LC0_Desc":"Woodland","LC1_Desc":"Pine dominated coniferous woodland","LU":"U120","LU1_Desc":"Forestry","N":5.2,"NUTS_0":"PT","NUTS_1":"PT1","NUTS_2":"PT16","NUTS_3":"PT16H","OC":129.6,"OC__20_30_":"156","Ox_Al":0.0,"Ox_Fe":0.0,"P":"16.2","POINTID":28142050,"POINTID_1":28142050,"TH_LAT":39.95049214,"TH_LONG":-7.722771242,"pH_CaCl2":3.8,"pH_H2O":4.48}},{"type":"Feature","geometry":{"type":"Point","coordinates":[-7.672168744921054,39.941327501988624]},"id":"000000000000000000ca","properties":{"CaCO3":"NA","CaCO3__20_":"NA","Depth":"0-20 cm","EC":3.26,"Elev":385,"K":83.4,"LC":"C22","LC0_Desc":"Woodland","LC1_Desc":"Pine dominated coniferous woodland","LU":"U120","LU1_Desc":"Forestry","N":2.2,"NUTS_0":"PT","NUTS_1":"PT1","NUTS_2":"PT16","NUTS_3":"PT16H","OC":40.1,"OC__20_30_":"29.1","Ox_Al":0.0,"Ox_Fe":0.0,"P":"< LOD","POINTID":28182048,"POINTID_1":28182048,"TH_LAT":39.94132617,"TH_LONG":-7.672168018,"pH_CaCl2":4.1,"pH_H2O":5.06}},{"type":"Feature","geometry":{"type":"Point","coordinates":[-7.714967196832027,40.8562993653473]},"id":"000000000000000000dc","properties":{"CaCO3":"NA","CaCO3__20_":"NA","Depth":"0-20 cm","EC":4.38,"Elev":849,"K":58.4,"LC":"C22","LC0_Desc":"Woodland","LC1_Desc":"Pine dominated coniferous woodland","LU":"U120","LU1_Desc":"Forestry","N":1.3,"NUTS_0":"PT","NUTS_1":"PT1","NUTS_2":"PT16","NUTS_3":"PT16G","OC":24.1,"OC__20_30_":"23.5","Ox_Al":0.0,"Ox_Fe":0.0,"P":"36.9","POINTID":28362148,"POINTID_1":28362148,"TH_LAT":40.85629928,"TH_LONG":-7.714967797,"pH_CaCl2":3.9,"pH_H2O":4.86}},{"type":"Feature","geometry":{"type":"Point","coordinates":[-8.8129896175357,38.021104815343236]},"id":"0000000000000000010f","properties":{"CaCO3":"NA","CaCO3__20_":"NA","Depth":"0-20 cm","EC":3.29,"Elev":78,"K":22.1,"LC":"C22","LC0_Desc":"Woodland","LC1_Desc":"Pine dominated coniferous woodland","LU":"U120","LU1_Desc":"Forestry","N":0.5,"NUTS_0":"PT","NUTS_1":"PT1","NUTS_2":"PT18","NUTS_3":"PT181","OC":7.2,"OC__20_30_":"5.7","Ox_Al":0.0,"Ox_Fe":0.0,"P":"< LOD","POINTID":26761864,"POINTID_1":26761864,"TH_LAT":38.02110541,"TH_LONG":-8.812989762,"pH_CaCl2":4.5,"pH_H2O":5.42}},{"type":"Feature","geometry":{"type":"Point","coordinates":[-7.819693644173256,37.71519264667262]},"id":"00000000000000000158","properties":{"CaCO3":"NA","CaCO3__20_":"NA","Depth":"0-20 cm","EC":8.59,"Elev":214,"K":72.3,"LC":"C22","LC0_Desc":"Woodland","LC1_Desc":"Pine dominated coniferous woodland","LU":"U120","LU1_Desc":"Forestry","N":2.1,"NUTS_0":"PT","NUTS_1":"PT1","NUTS_2":"PT18","NUTS_3":"PT184","OC":23.5,"OC__20_30_":"13.1","Ox_Al":0.0,"Ox_Fe":0.0,"P":"10.8","POINTID":27541810,"POINTID_1":27541810,"TH_LAT":37.71519302,"TH_LONG":-7.819694228,"pH_CaCl2":5.4,"pH_H2O":6.18}},{"type":"Feature","geometry":{"type":"Point","coordinates":[-8.216932661519484,39.91368999365937]},"id":"000000000000000000b3","properties":{"CaCO3":"NA","CaCO3__20_":"NA","Depth":"0-20 cm","EC":7.01,"Elev":408,"K":59.5,"LC":"C32","LC0_Desc":"Woodland","LC1_Desc":"Pine dominated mixed woodland","LU":"U120","LU1_Desc":"Forestry","N":3.0,"NUTS_0":"PT","NUTS_1":"PT1","NUTS_2":"PT16","NUTS_3":"PT16F","OC":75.5,"OC__20_30_":"70.8","Ox_Al":0.0,"Ox_Fe":0.0,"P":"< LOD","POINTID":27722056,"POINTID_1":27722056,"TH_LAT":39.91368778,"TH_LONG":-8.216930883,"pH_CaCl2":4.1,"pH_H2O":5.03}},{"type":"Feature","geometry":{"type":"Point","coordinates":[-7.963793953816413,39.868893864476455]},"id":"000000000000000000bb","properties":{"CaCO3":"NA","CaCO3__20_":"NA","Depth":"0-20 cm","EC":6.37,"Elev":563,"K":72.3,"LC":"C32","LC0_Desc":"Woodland","LC1_Desc":"Pine dominated mixed woodland","LU":"U120","LU1_Desc":"Forestry","N":3.6,"NUTS_0":"PT","NUTS_1":"PT1","NUTS_2":"PT16","NUTS_3":"PT16I","OC":116.1,"OC__20_30_":"108.5","Ox_Al":0.0,"Ox_Fe":0.0,"P":"< LOD","POINTID":27922046,"POINTID_1":27922046,"TH_LAT":39.86889223,"TH_LONG":-7.963795322,"pH_CaCl2":3.7,"pH_H2O":4.53}},{"type":"Feature","geometry":{"type":"Point","coordinates":[-8.102980334098673,40.766484151928786]},"id":"000000000000000000c1","properties":{"CaCO3":"NA","CaCO3__20_":"NA","Depth":"0-20 cm","EC":4.18,"Elev":469,"K":36.9,"LC":"C32","LC0_Desc":"Woodland","LC1_Desc":"Pine dominated mixed woodland","LU":"U120","LU1_Desc":"Forestry","N":2.8,"NUTS_0":"PT","NUTS_1":"PT1","NUTS_2":"PT16","NUTS_3":"PT16G","OC":55.1,"OC__20_30_":"49","Ox_Al":0.0,"Ox_Fe":0.0,"P":"< LOD","POINTID":28022146,"POINTID_1":28022146,"TH_LAT":40.76648479,"TH_LONG":-8.102979965,"pH_CaCl2":3.9,"pH_H2O":4.85}},{"type":"Feature","geometry":{"type":"Point","coordinates":[-7.70456411407434,40.39684251100234]},"id":"000000000000000000d3","properties":{"CaCO3":"NA","CaCO3__20_":"NA","Depth":"0-20 cm","EC":11.4,"Elev":873,"K":52.0,"LC":"C32","LC0_Desc":"Woodland","LC1_Desc":"Pine dominated mixed woodland","LU":"U120","LU1_Desc":"Forestry","N":5.9,"NUTS_0":"PT","NUTS_1":"PT1","NUTS_2":"PT16","NUTS_3":"PT16J","OC":88.6,"OC__20_30_":"75.1","Ox_Al":0.0,"Ox_Fe":0.0,"P":"18.2","POINTID":28262098,"POINTID_1":28262098,"TH_LAT":40.39684159,"TH_LONG":-7.704563866,"pH_CaCl2":4.1,"pH_H2O":4.43}},{"type":"Feature","geometry":{"type":"Point","coordinates":[-7.777095851809689,40.73425376951449]},"id":"000000000000000000d6","properties":{"CaCO3":"NA","CaCO3__20_":"NA","Depth":"0-20 cm","EC":16.17,"Elev":650,"K":81.1,"LC":"C32","LC0_Desc":"Woodland","LC1_Desc":"Pine dominated mixed woodland","LU":"U120","LU1_Desc":"Forestry","N":5.5,"NUTS_0":"PT","NUTS_1":"PT1","NUTS_2":"PT16","NUTS_3":"PT16G","OC":85.0,"OC__20_30_":"80.3","Ox_Al":0.0,"Ox_Fe":0.0,"P":"< LOD","POINTID":28282136,"POINTID_1":28282136,"TH_LAT":40.73425467,"TH_LONG":-7.777096453,"pH_CaCl2":4.1,"pH_H2O":4.39}},{"type":"Feature","geometry":{"type":"Point","coordinates":[-8.567654336676163,38.97699338996832]},"id":"0000000000000000012e","properties":{"CaCO3":"NA","CaCO3__20_":"NA","Depth":"0-20 cm","EC":6.59,"Elev":100,"K":19.5,"LC":"C32","LC0_Desc":"Woodland","LC1_Desc":"Pine dominated mixed woodland","LU":"U120","LU1_Desc":"Forestry","N":0.7,"NUTS_0":"PT","NUTS_1":"PT1","NUTS_2":"PT18","NUTS_3":"PT185","OC":9.9,"OC__20_30_":"7","Ox_Al":0.0,"Ox_Fe":0.0,"P":"< LOD","POINTID":27201962,"POINTID_1":27201962,"TH_LAT":38.97699355,"TH_LONG":-8.567653831,"pH_CaCl2":4.3,"pH_H2O":4.96}},{"type":"Feature","geometry":{"type":"Point","coordinates":[-8.42278260255076,38.80165261834472]},"id":"00000000000000000139","properties":{"CaCO3":"NA","CaCO3__20_":"NA","Depth":"0-20 cm","EC":5.55,"Elev":174,"K":35.3,"LC":"C32","LC0_Desc":"Woodland","LC1_Desc":"Pine dominated mixed woodland","LU":"U120","LU1_Desc":"Forestry","N":0.5,"NUTS_0":"PT","NUTS_1":"PT1","NUTS_2":"PT18","NUTS_3":"PT187","OC":7.7,"OC__20_30_":"6","Ox_Al":0.0,"Ox_Fe":0.0,"P":"< LOD","POINTID":27281940,"POINTID_1":27281940,"TH_LAT":38.80165119,"TH_LONG":-8.422782643,"pH_CaCl2":5.1,"pH_H2O":5.89}},{"type":"Feature","geometry":{"type":"Point","coordinates":[-7.571540211447942,40.439498271679604]},"id":"000000000000000000de","properties":{"CaCO3":"NA","CaCO3__20_":"NA","Depth":"0-20 cm","EC":5.35,"Elev":1490,"K":62.4,"LC":"D20","LC0_Desc":"Shrubland","LC1_Desc":"Shrubland without tree cover","LU":"U120","LU1_Desc":"Forestry","N":3.7,"NUTS_0":"PT","NUTS_1":"PT1","NUTS_2":"PT16","NUTS_3":"PT16J","OC":66.8,"OC__20_30_":"67.5","Ox_Al":0.0,"Ox_Fe":0.0,"P":"10.6","POINTID":28382100,"POINTID_1":28382100,"TH_LAT":40.4394979,"TH_LONG":-7.571541371,"pH_CaCl2":4.4,"pH_H2O":4.75}},{"type":"Feature","geometry":{"type":"Point","coordinates":[-7.588944082859539,39.90118221520446]},"id":"000000000000000000d0","properties":{"CaCO3":"NA","CaCO3__20_":"NA","Depth":"0-20 cm","EC":3.33,"Elev":336,"K":38.4,"LC":"E10","LC0_Desc":"Grassland","LC1_Desc":"Grassland with sparse tree/shrub cover","LU":"U120","LU1_Desc":"Forestry","N":1.0,"NUTS_0":"PT","NUTS_1":"PT1","NUTS_2":"PT16","NUTS_3":"PT16H","OC":11.0,"OC__20_30_":"12.4","Ox_Al":0.0,"Ox_Fe":0.0,"P":"< LOD","POINTID":28242042,"POINTID_1":28242042,"TH_LAT":39.90118363,"TH_LONG":-7.588942545,"pH_CaCl2":4.3,"pH_H2O":5.25}},{"type":"Feature","geometry":{"type":"Point","coordinates":[-7.713669598425476,39.2320272156191]},"id":"0000000000000000018f","properties":{"CaCO3":"NA","CaCO3__20_":"NA","Depth":"0-20 cm","EC":12.54,"Elev":241,"K":56.7,"LC":"E10","LC0_Desc":"Grassland","LC1_Desc":"Grassland with sparse tree/shrub cover","LU":"U120","LU1_Desc":"Forestry","N":0.8,"NUTS_0":"PT","NUTS_1":"PT1","NUTS_2":"PT18","NUTS_3":"PT186","OC":7.6,"OC__20_30_":"7.1","Ox_Al":0.0,"Ox_Fe":0.0,"P":"12.7","POINTID":27981972,"POINTID_1":27981972,"TH_LAT":39.23202797,"TH_LONG":-7.713670721,"pH_CaCl2":4.4,"pH_H2O":4.81}},{"type":"Feature","geometry":{"type":"Point","coordinates":[-7.1278195247205955,40.40821767778968]},"id":"000000000000000000f3","properties":{"CaCO3":"1","CaCO3__20_":"","Depth":"0-20 cm","EC":4.09,"Elev":844,"K":97.3,"LC":"C10","LC0_Desc":"Woodland","LC1_Desc":"Broadleaved woodland","LU":"U415","LU1_Desc":"Other abandoned areas","N":1.4,"NUTS_0":"PT","NUTS_1":"PT1","NUTS_2":"PT16","NUTS_3":"PT16J","OC":17.3,"OC__20_30_":"","Ox_Al":0.0,"Ox_Fe":0.0,"P":"18.9","POINTID":28742088,"POINTID_1":28742088,"TH_LAT":40.4082193,"TH_LONG":-7.12782059,"pH_CaCl2":4.8,"pH_H2O":5.74}},{"type":"Feature","geometry":{"type":"Point","coordinates":[-6.933982401927302,40.40538614862075]},"id":"000000000000000000ff","properties":{"CaCO3":"NA","CaCO3__20_":"","Depth":"0-20 cm","EC":2.94,"Elev":888,"K":100.5,"LC":"D10","LC0_Desc":"Shrubland","LC1_Desc":"Shrubland with sparse tree cover","LU":"U415","LU1_Desc":"Other abandoned areas","N":1.1,"NUTS_0":"PT","NUTS_1":"PT1","NUTS_2":"PT16","NUTS_3":"PT16J","OC":10.6,"OC__20_30_":"","Ox_Al":1.0,"Ox_Fe":1.6,"P":"< LOD","POINTID":28902084,"POINTID_1":28902084,"TH_LAT":40.40538675,"TH_LONG":-6.933982987,"pH_CaCl2":5.2,"pH_H2O":6.1}},{"type":"Feature","geometry":{"type":"Point","coordinates":[-7.560285440389044,40.570680565570925]},"id":"000000000000000000e1","properties":{"CaCO3":"NA","CaCO3__20_":"","Depth":"0-20 cm","EC":8.07,"Elev":441,"K":37.6,"LC":"D20","LC0_Desc":"Shrubland","LC1_Desc":"Shrubland without tree cover","LU":"U415","LU1_Desc":"Other abandoned areas","N":2.6,"NUTS_0":"PT","NUTS_1":"PT1","NUTS_2":"PT16","NUTS_3":"PT16J","OC":36.7,"OC__20_30_":"","Ox_Al":0.0,"Ox_Fe":0.0,"P":"42.7","POINTID":28422114,"POINTID_1":28422114,"TH_LAT":40.57068109,"TH_LONG":-7.560283456,"pH_CaCl2":4.0,"pH_H2O":4.61}},{"type":"Feature","geometry":{"type":"Point","coordinates":[-7.188824486232788,40.80295959854598]},"id":"000000000000000000f9","properties":{"CaCO3":"NA","CaCO3__20_":"","Depth":"0-20 cm","EC":29.37,"Elev":508,"K":196.5,"LC":"D20","LC0_Desc":"Shrubland","LC1_Desc":"Shrubland without tree cover","LU":"U415","LU1_Desc":"Other abandoned areas","N":2.0,"NUTS_0":"PT","NUTS_1":"PT1","NUTS_2":"PT16","NUTS_3":"PT16J","OC":17.1,"OC__20_30_":"","Ox_Al":0.0,"Ox_Fe":0.0,"P":"46.7","POINTID":28782132,"POINTID_1":28782132,"TH_LAT":40.80295743,"TH_LONG":-7.188824358,"pH_CaCl2":5.4,"pH_H2O":5.9}},{"type":"Feature","geometry":{"type":"Point","coordinates":[-6.944661948950306,40.97462161180048]},"id":"00000000000000000103","properties":{"CaCO3":"NA","CaCO3__20_":"","Depth":"0-20 cm","EC":2.53,"Elev":634,"K":47.7,"LC":"D20","LC0_Desc":"Shrubland","LC1_Desc":"Shrubland without tree cover","LU":"U415","LU1_Desc":"Other abandoned areas","N":0.7,"NUTS_0":"PT","NUTS_1":"PT1","NUTS_2":"PT16","NUTS_3":"PT16J","OC":5.7,"OC__20_30_":"","Ox_Al":0.0,"Ox_Fe":0.0,"P":"14.1","POINTID":29022146,"POINTID_1":29022146,"TH_LAT":40.97462072,"TH_LONG":-6.944660675,"pH_CaCl2":4.5,"pH_H2O":5.77}},{"type":"Feature","geometry":{"type":"Point","coordinates":[-7.849172761237589,40.64722103515332]},"id":"000000000000000000cd","properties":{"CaCO3":"NA","CaCO3__20_":"","Depth":"0-20 cm","EC":8.39,"Elev":422,"K":163.8,"LC":"E10","LC0_Desc":"Grassland","LC1_Desc":"Grassland with sparse tree/shrub cover","LU":"U415","LU1_Desc":"Other abandoned areas","N":2.2,"NUTS_0":"PT","NUTS_1":"PT1","NUTS_2":"PT16","NUTS_3":"PT16G","OC":20.2,"OC__20_30_":"","Ox_Al":0.0,"Ox_Fe":0.0,"P":"13.6","POINTID":28202128,"POINTID_1":28202128,"TH_LAT":40.64722143,"TH_LONG":-7.849172891,"pH_CaCl2":5.0,"pH_H2O":5.86}},{"type":"Feature","geometry":{"type":"Point","coordinates":[-8.707175149537433,39.37538285538633]},"id":"00000000000000000000","properties":{"CaCO3":"4","CaCO3__20_":"","Depth":"0-10 cm","EC":14.61,"Elev":189,"K":201.1,"LC":"E20","LC0_Desc":"Grassland","LC1_Desc":"Grassland without tree/shrub cover","LU":"U415","LU1_Desc":"Other abandoned areas","N":1.4,"NUTS_0":"PT","NUTS_1":"PT1","NUTS_2":"PT18","NUTS_3":"PT185","OC":16.1,"OC__20_30_":"","Ox_Al":0.0,"Ox_Fe":0.0,"P":"< LOD","POINTID":27182008,"POINTID_1":27182008,"TH_LAT":39.37538276,"TH_LONG":-8.707174304,"pH_CaCl2":6.8,"pH_H2O":7.36}},{"type":"Feature","geometry":{"type":"Point","coordinates":[-7.832700841946159,41.09321140431687]},"id":"00000000000000000028","properties":{"CaCO3":"NA","CaCO3__20_":"","Depth":"0-20 cm","EC":13.05,"Elev":629,"K":213.8,"LC":"E20","LC0_Desc":"Grassland","LC1_Desc":"Grassland without tree/shrub cover","LU":"U415","LU1_Desc":"Other abandoned areas","N":1.2,"NUTS_0":"PT","NUTS_1":"PT1","NUTS_2":"PT11","NUTS_3":"PT11D","OC":11.7,"OC__20_30_":"","Ox_Al":0.0,"Ox_Fe":0.0,"P":"63.9","POINTID":28322176,"POINTID_1":28322176,"TH_LAT":41.09321193,"TH_LONG":-7.832701865,"pH_CaCl2":4.7,"pH_H2O":5.35}},{"type":"Feature","geometry":{"type":"Point","coordinates":[-8.155343557769289,37.150987049481174]},"id":"0000000000000000007a","properties":{"CaCO3":"711","CaCO3__20_":"","Depth":"0-20 cm","EC":17.18,"Elev":239,"K":177.4,"LC":"F40","LC0_Desc":"Bareland","LC1_Desc":"Other bare soil","LU":"U415","LU1_Desc":"Other abandoned areas","N":2.6,"NUTS_0":"PT","NUTS_1":"PT1","NUTS_2":"PT15","NUTS_3":"PT150","OC":26.0,"OC__20_30_":"","Ox_Al":0.0,"Ox_Fe":0.0,"P":"23","POINTID":27121756,"POINTID_1":27121756,"TH_LAT":37.15098681,"TH_LONG":-8.155341858,"pH_CaCl2":7.3,"pH_H2O":8.0}},{"type":"Feature","geometry":{"type":"Point","coordinates":[-8.532097464875985,39.59450308115266]},"id":"0000000000000000009d","properties":{"CaCO3":"NA","CaCO3__20_":"NA","Depth":"0-20 cm","EC":25.1,"Elev":201,"K":97.6,"LC":"B81","LC0_Desc":"Cropland","LC1_Desc":"Olive groves","LU":"U415","LU1_Desc":"Other abandoned areas","N":1.6,"NUTS_0":"PT","NUTS_1":"PT1","NUTS_2":"PT16","NUTS_3":"PT16I","OC":21.9,"OC__20_30_":"17.6","Ox_Al":0.0,"Ox_Fe":0.0,"P":"< LOD","POINTID":27382028,"POINTID_1":27382028,"TH_LAT":39.59450173,"TH_LONG":-8.532099306,"pH_CaCl2":5.2,"pH_H2O":5.54}},{"type":"Feature","geometry":{"type":"Point","coordinates":[-8.376746843274985,41.675966861890664]},"id":"0000000000000000001a","properties":{"CaCO3":"NA","CaCO3__20_":"NA","Depth":"0-20 cm","EC":5.75,"Elev":144,"K":49.6,"LC":"D10","LC0_Desc":"Shrubland","LC1_Desc":"Shrubland with sparse tree cover","LU":"U415","LU1_Desc":"Other abandoned areas","N":1.3,"NUTS_0":"PT","NUTS_1":"PT1","NUTS_2":"PT11","NUTS_3":"PT112","OC":18.9,"OC__20_30_":"34","Ox_Al":0.0,"Ox_Fe":0.0,"P":"17.1","POINTID":28022250,"POINTID_1":28022250,"TH_LAT":41.6759665,"TH_LONG":-8.376746755,"pH_CaCl2":4.2,"pH_H2O":5.01}},{"type":"Feature","geometry":{"type":"Point","coordinates":[-7.433004859919485,41.404924863458014]},"id":"0000000000000000004b","properties":{"CaCO3":"NA","CaCO3__20_":"NA","Depth":"0-20 cm","EC":3.99,"Elev":498,"K":114.7,"LC":"D10","LC0_Desc":"Shrubland","LC1_Desc":"Shrubland with sparse tree cover","LU":"U415","LU1_Desc":"Other abandoned areas","N":1.2,"NUTS_0":"PT","NUTS_1":"PT1","NUTS_2":"PT11","NUTS_3":"PT11D","OC":10.2,"OC__20_30_":"5","Ox_Al":0.0,"Ox_Fe":0.0,"P":"< LOD","POINTID":28722202,"POINTID_1":28722202,"TH_LAT":41.4049234,"TH_LONG":-7.433006097,"pH_CaCl2":4.8,"pH_H2O":5.71}},{"type":"Feature","geometry":{"type":"Point","coordinates":[-7.793951253791715,37.44268360399339]},"id":"00000000000000000083","properties":{"CaCO3":"NA","CaCO3__20_":"NA","Depth":"0-20 cm","EC":3.17,"Elev":295,"K":67.2,"LC":"D10","LC0_Desc":"Shrubland","LC1_Desc":"Shrubland with sparse tree cover","LU":"U415","LU1_Desc":"Other abandoned areas","N":0.9,"NUTS_0":"PT","NUTS_1":"PT1","NUTS_2":"PT15","NUTS_3":"PT150","OC":6.2,"OC__20_30_":"4.6","Ox_Al":0.0,"Ox_Fe":0.0,"P":"< LOD","POINTID":27501780,"POINTID_1":27501780,"TH_LAT":37.44268222,"TH_LONG":-7.793951199,"pH_CaCl2":5.4,"pH_H2O":6.31}},{"type":"Feature","geometry":{"type":"Point","coordinates":[-7.659741230285102,40.23892344719455]},"id":"000000000000000000d2","properties":{"CaCO3":"NA","CaCO3__20_":"NA","Depth":"0-20 cm","EC":5.91,"Elev":727,"K":57.1,"LC":"D10","LC0_Desc":"Shrubland","LC1_Desc":"Shrubland with sparse tree cover","LU":"U415","LU1_Desc":"Other abandoned areas","N":6.9,"NUTS_0":"PT","NUTS_1":"PT1","NUTS_2":"PT16","NUTS_3":"PT16J","OC":117.6,"OC__20_30_":"108.2","Ox_Al":0.0,"Ox_Fe":0.0,"P":"13","POINTID":28262080,"POINTID_1":28262080,"TH_LAT":40.23892377,"TH_LONG":-7.659742483,"pH_CaCl2":4.4,"pH_H2O":5.15}},{"type":"Feature","geometry":{"type":"Point","coordinates":[-7.9152477206475504,41.20732425937561]},"id":"00000000000000000026","properties":{"CaCO3":"NA","CaCO3__20_":"NA","Depth":"0-20 cm","EC":26.4,"Elev":767,"K":109.5,"LC":"E10","LC0_Desc":"Grassland","LC1_Desc":"Grassland with sparse tree/shrub cover","LU":"U415","LU1_Desc":"Other abandoned areas","N":3.4,"NUTS_0":"PT","NUTS_1":"PT1","NUTS_2":"PT11","NUTS_3":"PT11C","OC":46.8,"OC__20_30_":"31.9","Ox_Al":0.0,"Ox_Fe":0.0,"P":"80","POINTID":28282190,"POINTID_1":28282190,"TH_LAT":41.20732272,"TH_LONG":-7.915247279,"pH_CaCl2":4.7,"pH_H2O":5.06}},{"type":"Feature","geometry":{"type":"Point","coordinates":[-8.750633548404313,41.91971024367412]},"id":"00000000000000000011","properties":{"CaCO3":"NA","CaCO3__20_":"NA","Depth":"0-20 cm","EC":36.2,"Elev":130,"K":106.3,"LC":"E20","LC0_Desc":"Grassland","LC1_Desc":"Grassland without tree/shrub cover","LU":"U415","LU1_Desc":"Other abandoned areas","N":3.0,"NUTS_0":"PT","NUTS_1":"PT1","NUTS_2":"PT11","NUTS_3":"PT111","OC":32.5,"OC__20_30_":"29.6","Ox_Al":0.0,"Ox_Fe":0.0,"P":"61.3","POINTID":27782284,"POINTID_1":27782284,"TH_LAT":41.91971201,"TH_LONG":-8.75063462,"pH_CaCl2":5.0,"pH_H2O":5.37}},{"type":"Feature","geometry":{"type":"Point","coordinates":[-8.023889258713703,41.24276073544735]},"id":"00000000000000000022","properties":{"CaCO3":"NA","CaCO3__20_":"NA","Depth":"0-20 cm","EC":13.29,"Elev":249,"K":145.5,"LC":"E30","LC0_Desc":"Grassland","LC1_Desc":"Spontaneously re-vegetated surfaces","LU":"U415","LU1_Desc":"Other abandoned areas","N":2.2,"NUTS_0":"PT","NUTS_1":"PT1","NUTS_2":"PT11","NUTS_3":"PT11C","OC":28.9,"OC__20_30_":"24.6","Ox_Al":0.0,"Ox_Fe":0.0,"P":"77","POINTID":28202196,"POINTID_1":28202196,"TH_LAT":41.24276057,"TH_LONG":-8.023889996,"pH_CaCl2":5.8,"pH_H2O":6.25}},{"type":"Feature","geometry":{"type":"Point","coordinates":[-8.612379120242222,41.55772487925644]},"id":"00000000000000000012","properties":{"CaCO3":"1","CaCO3__20_":"","Depth":"0-20 cm","EC":40.7,"Elev":80,"K":245.1,"LC":"C10","LC0_Desc":"Woodland","LC1_Desc":"Broadleaved woodland","LU":"U420","LU1_Desc":"Semi-natural and natural areas not in use","N":3.6,"NUTS_0":"PT","NUTS_1":"PT1","NUTS_2":"PT11","NUTS_3":"PT112","OC":41.2,"OC__20_30_":"","Ox_Al":0.0,"Ox_Fe":0.0,"P":"27.4","POINTID":27802242,"POINTID_1":27802242,"TH_LAT":41.55772311,"TH_LONG":-8.612379751,"pH_CaCl2":5.2,"pH_H2O":5.57}},{"type":"Feature","geometry":{"type":"Point","coordinates":[-6.4306613705196,41.59576101124233]},"id":"00000000000000000070","properties":{"CaCO3":"NA","CaCO3__20_":"","Depth":"0-20 cm","EC":3.2,"Elev":822,"K":68.2,"LC":"C10","LC0_Desc":"Woodland","LC1_Desc":"Broadleaved woodland","LU":"U420","LU1_Desc":"Semi-natural and natural areas not in use","N":1.9,"NUTS_0":"PT","NUTS_1":"PT1","NUTS_2":"PT11","NUTS_3":"PT11E","OC":22.2,"OC__20_30_":"","Ox_Al":0.0,"Ox_Fe":0.0,"P":"< LOD","POINTID":29582204,"POINTID_1":29582204,"TH_LAT":41.59576262,"TH_LONG":-6.430661544,"pH_CaCl2":4.3,"pH_H2O":5.12}},{"type":"Feature","geometry":{"type":"Point","coordinates":[-8.408950471082973,39.747691038742744]},"id":"000000000000000000a4","properties":{"CaCO3":"2","CaCO3__20_":"","Depth":"0-20 cm","EC":11.02,"Elev":267,"K":320.7,"LC":"C10","LC0_Desc":"Woodland","LC1_Desc":"Broadleaved woodland","LU":"U420","LU1_Desc":"Semi-natural and natural areas not in use","N":2.2,"NUTS_0":"PT","NUTS_1":"PT1","NUTS_2":"PT16","NUTS_3":"PT16I","OC":37.3,"OC__20_30_":"","Ox_Al":0.0,"Ox_Fe":0.0,"P":"< LOD","POINTID":27522042,"POINTID_1":27522042,"TH_LAT":39.74769001,"TH_LONG":-8.408952199,"pH_CaCl2":6.5,"pH_H2O":6.69}},{"type":"Feature","geometry":{"type":"Point","coordinates":[-7.270118357538162,40.659541531363985]},"id":"000000000000000000ef","properties":{"CaCO3":"1","CaCO3__20_":"","Depth":"0-20 cm","EC":16.28,"Elev":683,"K":123.4,"LC":"C10","LC0_Desc":"Woodland","LC1_Desc":"Broadleaved woodland","LU":"U420","LU1_Desc":"Semi-natural and natural areas not in use","N":1.5,"NUTS_0":"PT","NUTS_1":"PT1","NUTS_2":"PT16","NUTS_3":"PT16J","OC":17.0,"OC__20_30_":"","Ox_Al":0.0,"Ox_Fe":0.0,"P":"11.1","POINTID":28682118,"POINTID_1":28682118,"TH_LAT":40.65954216,"TH_LONG":-7.270119832,"pH_CaCl2":4.6,"pH_H2O":5.15}},{"type":"Feature","geometry":{"type":"Point","coordinates":[-7.705736857651393,41.245427277877305]},"id":"0000000000000000002f","properties":{"CaCO3":"NA","CaCO3__20_":"","Depth":"0-20 cm","EC":2.95,"Elev":589,"K":36.6,"LC":"D10","LC0_Desc":"Shrubland","LC1_Desc":"Shrubland with sparse tree cover","LU":"U420","LU1_Desc":"Semi-natural and natural areas not in use","N":2.2,"NUTS_0":"PT","NUTS_1":"PT1","NUTS_2":"PT11","NUTS_3":"PT11D","OC":38.3,"OC__20_30_":"","Ox_Al":0.0,"Ox_Fe":0.0,"P":"< LOD","POINTID":28462190,"POINTID_1":28462190,"TH_LAT":41.24542589,"TH_LONG":-7.705738263,"pH_CaCl2":4.2,"pH_H2O":5.16}},{"type":"Feature","geometry":{"type":"Point","coordinates":[-7.663656321010024,41.437476301148166]},"id":"00000000000000000036","properties":{"CaCO3":"NA","CaCO3__20_":"","Depth":"0-20 cm","EC":4.02,"Elev":781,"K":29.9,"LC":"D10","LC0_Desc":"Shrubland","LC1_Desc":"Shrubland with sparse tree cover","LU":"U420","LU1_Desc":"Semi-natural and natural areas not in use","N":2.6,"NUTS_0":"PT","NUTS_1":"PT1","NUTS_2":"PT11","NUTS_3":"PT11B","OC":32.5,"OC__20_30_":"","Ox_Al":0.0,"Ox_Fe":0.0,"P":"55.3","POINTID":28542210,"POINTID_1":28542210,"TH_LAT":41.43747713,"TH_LONG":-7.663657682,"pH_CaCl2":4.4,"pH_H2O":5.04}},{"type":"Feature","geometry":{"type":"Point","coordinates":[-6.50900331692759,41.3435096646489]},"id":"0000000000000000006d","properties":{"CaCO3":"NA","CaCO3__20_":"","Depth":"0-20 cm","EC":2.97,"Elev":780,"K":117.9,"LC":"D10","LC0_Desc":"Shrubland","LC1_Desc":"Shrubland with sparse tree cover","LU":"U420","LU1_Desc":"Semi-natural and natural areas not in use","N":2.9,"NUTS_0":"PT","NUTS_1":"PT1","NUTS_2":"PT11","NUTS_3":"PT11E","OC":35.4,"OC__20_30_":"","Ox_Al":0.0,"Ox_Fe":0.0,"P":"< LOD","POINTID":29462178,"POINTID_1":29462178,"TH_LAT":41.34351075,"TH_LONG":-6.509002706,"pH_CaCl2":4.5,"pH_H2O":5.59}},{"type":"Feature","geometry":{"type":"Point","coordinates":[-8.031746194769878,37.11947904143753]},"id":"0000000000000000007c","properties":{"CaCO3":"559","CaCO3__20_":"","Depth":"0-20 cm","EC":19.66,"Elev":139,"K":301.3,"LC":"D10","LC0_Desc":"Shrubland","LC1_Desc":"Shrubland with sparse tree cover","LU":"U420","LU1_Desc":"Semi-natural and natural areas not in use","N":2.2,"NUTS_0":"PT","NUTS_1":"PT1","NUTS_2":"PT15","NUTS_3":"PT150","OC":30.0,"OC__20_30_":"","Ox_Al":0.0,"Ox_Fe":0.0,"P":"< LOD","POINTID":27221750,"POINTID_1":27221750,"TH_LAT":37.11947836,"TH_LONG":-8.031746353,"pH_CaCl2":7.0,"pH_H2O":7.76}},{"type":"Feature","geometry":{"type":"Point","coordinates":[-7.840227804524376,37.26737404607717]},"id":"00000000000000000081","properties":{"CaCO3":"NA","CaCO3__20_":"","Depth":"0-20 cm","EC":5.83,"Elev":432,"K":245.9,"LC":"D10","LC0_Desc":"Shrubland","LC1_Desc":"Shrubland with sparse tree cover","LU":"U420","LU1_Desc":"Semi-natural and natural areas not in use","N":2.5,"NUTS_0":"PT","NUTS_1":"PT1","NUTS_2":"PT15","NUTS_3":"PT150","OC":23.0,"OC__20_30_":"","Ox_Al":0.0,"Ox_Fe":0.0,"P":"< LOD","POINTID":27421762,"POINTID_1":27421762,"TH_LAT":37.26737422,"TH_LONG":-7.840226945,"pH_CaCl2":5.9,"pH_H2O":6.56}},{"type":"Feature","geometry":{"type":"Point","coordinates":[-7.691012905972917,37.31428378915942]},"id":"00000000000000000085","properties":{"CaCO3":"NA","CaCO3__20_":"","Depth":"0-20 cm","EC":9.7,"Elev":245,"K":312.3,"LC":"D10","LC0_Desc":"Shrubland","LC1_Desc":"Shrubland with sparse tree cover","LU":"U420","LU1_Desc":"Semi-natural and natural areas not in use","N":3.8,"NUTS_0":"PT","NUTS_1":"PT1","NUTS_2":"PT15","NUTS_3":"PT150","OC":44.8,"OC__20_30_":"","Ox_Al":0.0,"Ox_Fe":0.0,"P":"12.9","POINTID":27561764,"POINTID_1":27561764,"TH_LAT":37.31428407,"TH_LONG":-7.691011843,"pH_CaCl2":6.1,"pH_H2O":6.61}},{"type":"Feature","geometry":{"type":"Point","coordinates":[-7.633294301937113,37.26973291053444]},"id":"00000000000000000086","properties":{"CaCO3":"NA","CaCO3__20_":"","Depth":"0-20 cm","EC":4.53,"Elev":220,"K":102.2,"LC":"D10","LC0_Desc":"Shrubland","LC1_Desc":"Shrubland with sparse tree cover","LU":"U420","LU1_Desc":"Semi-natural and natural areas not in use","N":0.3,"NUTS_0":"PT","NUTS_1":"PT1","NUTS_2":"PT15","NUTS_3":"PT150","OC":2.4,"OC__20_30_":"","Ox_Al":0.0,"Ox_Fe":0.0,"P":"< LOD","POINTID":27601758,"POINTID_1":27601758,"TH_LAT":37.26973116,"TH_LONG":-7.633296391,"pH_CaCl2":5.2,"pH_H2O":6.05}},{"type":"Feature","geometry":{"type":"Point","coordinates":[-7.1107902177974855,40.52181327712621]},"id":"000000000000000000f7","properties":{"CaCO3":"NA","CaCO3__20_":"","Depth":"0-20 cm","EC":9.4,"Elev":880,"K":40.8,"LC":"D10","LC0_Desc":"Shrubland","LC1_Desc":"Shrubland with sparse tree cover","LU":"U420","LU1_Desc":"Semi-natural and natural areas not in use","N":1.5,"NUTS_0":"PT","NUTS_1":"PT1","NUTS_2":"PT16","NUTS_3":"PT16J","OC":14.7,"OC__20_30_":"","Ox_Al":0.0,"Ox_Fe":0.0,"P":"24","POINTID":28782100,"POINTID_1":28782100,"TH_LAT":40.52181333,"TH_LONG":-7.110788386,"pH_CaCl2":4.1,"pH_H2O":4.54}},{"type":"Feature","geometry":{"type":"Point","coordinates":[-7.397118014641351,39.290187270659196]},"id":"000000000000000001a4","properties":{"CaCO3":"NA","CaCO3__20_":"","Depth":"0-20 cm","EC":64.59,"Elev":642,"K":565.1,"LC":"D10","LC0_Desc":"Shrubland","LC1_Desc":"Shrubland with sparse tree cover","LU":"U420","LU1_Desc":"Semi-natural and natural areas not in use","N":4.4,"NUTS_0":"PT","NUTS_1":"PT1","NUTS_2":"PT18","NUTS_3":"PT186","OC":60.2,"OC__20_30_":"","Ox_Al":0.0,"Ox_Fe":0.0,"P":"34.1","POINTID":28261972,"POINTID_1":28261972,"TH_LAT":39.29018526,"TH_LONG":-7.397116118,"pH_CaCl2":4.7,"pH_H2O":5.14}},{"type":"Feature","geometry":{"type":"Point","coordinates":[-8.157644453912868,41.03335689087647]},"id":"0000000000000000001b","properties":{"CaCO3":"NA","CaCO3__20_":"","Depth":"0-20 cm","EC":8.55,"Elev":968,"K":68.6,"LC":"D20","LC0_Desc":"Shrubland","LC1_Desc":"Shrubland without tree cover","LU":"U420","LU1_Desc":"Semi-natural and natural areas not in use","N":6.6,"NUTS_0":"PT","NUTS_1":"PT1","NUTS_2":"PT11","NUTS_3":"PT11C","OC":80.7,"OC__20_30_":"","Ox_Al":0.0,"Ox_Fe":0.0,"P":"15.4","POINTID":28042176,"POINTID_1":28042176,"TH_LAT":41.03335579,"TH_LONG":-8.157644417,"pH_CaCl2":4.1,"pH_H2O":4.9}},{"type":"Feature","geometry":{"type":"Point","coordinates":[-8.35293078454853,41.92054409557112]},"id":"0000000000000000001e","properties":{"CaCO3":"NA","CaCO3__20_":"","Depth":"0-20 cm","EC":8.48,"Elev":747,"K":39.6,"LC":"D20","LC0_Desc":"Shrubland","LC1_Desc":"Shrubland without tree cover","LU":"U420","LU1_Desc":"Semi-natural and natural areas not in use","N":4.2,"NUTS_0":"PT","NUTS_1":"PT1","NUTS_2":"PT11","NUTS_3":"PT111","OC":49.9,"OC__20_30_":"","Ox_Al":0.0,"Ox_Fe":0.0,"P":"15.4","POINTID":28102276,"POINTID_1":28102276,"TH_LAT":41.92054381,"TH_LONG":-8.352928966,"pH_CaCl2":3.8,"pH_H2O":5.13}},{"type":"Feature","geometry":{"type":"Point","coordinates":[-8.19698710250742,42.06017638595871]},"id":"00000000000000000025","properties":{"CaCO3":"NA","CaCO3__20_":"","Depth":"0-20 cm","EC":37.73,"Elev":1112,"K":127.3,"LC":"D20","LC0_Desc":"Shrubland","LC1_Desc":"Shrubland without tree cover","LU":"U420","LU1_Desc":"Semi-natural and natural areas not in use","N":6.5,"NUTS_0":"PT","NUTS_1":"PT1","NUTS_2":"PT11","NUTS_3":"PT111","OC":92.0,"OC__20_30_":"","Ox_Al":0.0,"Ox_Fe":0.0,"P":"21.4","POINTID":28262288,"POINTID_1":28262288,"TH_LAT":42.06017685,"TH_LONG":-8.19698605,"pH_CaCl2":3.9,"pH_H2O":4.41}},{"type":"Feature","geometry":{"type":"Point","coordinates":[-7.96498007469663,41.62273857261568]},"id":"00000000000000000029","properties":{"CaCO3":"NA","CaCO3__20_":"","Depth":"0-20 cm","EC":4.6,"Elev":1058,"K":43.9,"LC":"D20","LC0_Desc":"Shrubland","LC1_Desc":"Shrubland without tree cover","LU":"U420","LU1_Desc":"Semi-natural and natural areas not in use","N":4.5,"NUTS_0":"PT","NUTS_1":"PT1","NUTS_2":"PT11","NUTS_3":"PT11B","OC":80.4,"OC__20_30_":"","Ox_Al":0.0,"Ox_Fe":0.0,"P":"10.6","POINTID":28342236,"POINTID_1":28342236,"TH_LAT":41.62273819,"TH_LONG":-7.964980681,"pH_CaCl2":3.7,"pH_H2O":4.85}},{"type":"Feature","geometry":{"type":"Point","coordinates":[-7.753993249251787,41.827023369177205]},"id":"00000000000000000039","properties":{"CaCO3":"NA","CaCO3__20_":"","Depth":"0-20 cm","EC":3.63,"Elev":1059,"K":68.1,"LC":"D20","LC0_Desc":"Shrubland","LC1_Desc":"Shrubland without tree cover","LU":"U420","LU1_Desc":"Semi-natural and natural areas not in use","N":3.4,"NUTS_0":"PT","NUTS_1":"PT1","NUTS_2":"PT11","NUTS_3":"PT11B","OC":55.3,"OC__20_30_":"","Ox_Al":0.0,"Ox_Fe":0.0,"P":"75.8","POINTID":28562254,"POINTID_1":28562254,"TH_LAT":41.82702424,"TH_LONG":-7.753991213,"pH_CaCl2":4.0,"pH_H2O":5.12}},{"type":"Feature","geometry":{"type":"Point","coordinates":[-7.71738848870405,41.87048622714513]},"id":"0000000000000000003f","properties":{"CaCO3":"NA","CaCO3__20_":"","Depth":"0-20 cm","EC":2.84,"Elev":1149,"K":37.5,"LC":"D20","LC0_Desc":"Shrubland","LC1_Desc":"Shrubland without tree cover","LU":"U420","LU1_Desc":"Semi-natural and natural areas not in use","N":1.9,"NUTS_0":"PT","NUTS_1":"PT1","NUTS_2":"PT11","NUTS_3":"PT11B","OC":30.1,"OC__20_30_":"","Ox_Al":0.0,"Ox_Fe":0.0,"P":"16.5","POINTID":28602258,"POINTID_1":28602258,"TH_LAT":41.87048683,"TH_LONG":-7.717389199,"pH_CaCl2":4.4,"pH_H2O":5.76}},{"type":"Feature","geometry":{"type":"Point","coordinates":[-7.652383713546914,41.734595122541364]},"id":"00000000000000000042","properties":{"CaCO3":"NA","CaCO3__20_":"","Depth":"0-20 cm","EC":14.12,"Elev":1182,"K":58.9,"LC":"D20","LC0_Desc":"Shrubland","LC1_Desc":"Shrubland without tree cover","LU":"U420","LU1_Desc":"Semi-natural and natural areas not in use","N":5.4,"NUTS_0":"PT","NUTS_1":"PT1","NUTS_2":"PT11","NUTS_3":"PT11B","OC":90.3,"OC__20_30_":"","Ox_Al":0.0,"Ox_Fe":0.0,"P":"28","POINTID":28622242,"POINTID_1":28622242,"TH_LAT":41.73459301,"TH_LONG":-7.652383136,"pH_CaCl2":3.9,"pH_H2O":4.51}},{"type":"Feature","geometry":{"type":"Point","coordinates":[-8.833728896535277,37.34974701983747]},"id":"00000000000000000074","properties":{"CaCO3":"NA","CaCO3__20_":"","Depth":"0-20 cm","EC":11.07,"Elev":78,"K":182.8,"LC":"D20","LC0_Desc":"Shrubland","LC1_Desc":"Shrubland without tree cover","LU":"U420","LU1_Desc":"Semi-natural and natural areas not in use","N":3.0,"NUTS_0":"PT","NUTS_1":"PT1","NUTS_2":"PT15","NUTS_3":"PT150","OC":33.5,"OC__20_30_":"","Ox_Al":0.5,"Ox_Fe":3.2,"P":"< LOD","POINTID":26581792,"POINTID_1":26581792,"TH_LAT":37.34974664,"TH_LONG":-8.833727843,"pH_CaCl2":5.8,"pH_H2O":6.51}},{"type":"Feature","geometry":{"type":"Point","coordinates":[-7.694620318725155,37.23962506022157]},"id":"00000000000000000084","properties":{"CaCO3":"NA","CaCO3__20_":"","Depth":"0-20 cm","EC":4.55,"Elev":319,"K":241.3,"LC":"D20","LC0_Desc":"Shrubland","LC1_Desc":"Shrubland without tree cover","LU":"U420","LU1_Desc":"Semi-natural and natural areas not in use","N":2.2,"NUTS_0":"PT","NUTS_1":"PT1","NUTS_2":"PT15","NUTS_3":"PT150","OC":25.8,"OC__20_30_":"","Ox_Al":0.0,"Ox_Fe":0.0,"P":"< LOD","POINTID":27541756,"POINTID_1":27541756,"TH_LAT":37.23962435,"TH_LONG":-7.694621989,"pH_CaCl2":5.1,"pH_H2O":6.0}},{"type":"Feature","geometry":{"type":"Point","coordinates":[-8.619758932485677,39.48498310017898]},"id":"00000000000000000097","properties":{"CaCO3":"NA","CaCO3__20_":"","Depth":"0-20 cm","EC":4.53,"Elev":163,"K":105.7,"LC":"D20","LC0_Desc":"Shrubland","LC1_Desc":"Shrubland without tree cover","LU":"U420","LU1_Desc":"Semi-natural and natural areas not in use","N":1.2,"NUTS_0":"PT","NUTS_1":"PT1","NUTS_2":"PT16","NUTS_3":"PT16I","OC":14.9,"OC__20_30_":"","Ox_Al":0.0,"Ox_Fe":0.0,"P":"< LOD","POINTID":27282018,"POINTID_1":27282018,"TH_LAT":39.4849831,"TH_LONG":-8.619761035,"pH_CaCl2":6.2,"pH_H2O":6.83}},{"type":"Feature","geometry":{"type":"Point","coordinates":[-8.072087682000399,40.661414353806435]},"id":"000000000000000000c0","properties":{"CaCO3":"NA","CaCO3__20_":"","Depth":"0-20 cm","EC":3.74,"Elev":544,"K":49.1,"LC":"D20","LC0_Desc":"Shrubland","LC1_Desc":"Shrubland without tree cover","LU":"U420","LU1_Desc":"Semi-natural and natural areas not in use","N":3.3,"NUTS_0":"PT","NUTS_1":"PT1","NUTS_2":"PT16","NUTS_3":"PT16G","OC":64.3,"OC__20_30_":"","Ox_Al":0.0,"Ox_Fe":0.0,"P":"19.1","POINTID":28022134,"POINTID_1":28022134,"TH_LAT":40.6614164,"TH_LONG":-8.072087181,"pH_CaCl2":3.8,"pH_H2O":4.91}},{"type":"Feature","geometry":{"type":"Point","coordinates":[-7.716184531419617,37.58689093206183]},"id":"0000000000000000015f","properties":{"CaCO3":"NA","CaCO3__20_":"","Depth":"0-20 cm","EC":4.08,"Elev":199,"K":111.7,"LC":"D20","LC0_Desc":"Shrubland","LC1_Desc":"Shrubland without tree cover","LU":"U420","LU1_Desc":"Semi-natural and natural areas not in use","N":1.1,"NUTS_0":"PT","NUTS_1":"PT1","NUTS_2":"PT18","NUTS_3":"PT184","OC":13.9,"OC__20_30_":"","Ox_Al":0.0,"Ox_Fe":0.0,"P":"< LOD","POINTID":27601794,"POINTID_1":27601794,"TH_LAT":37.5868922,"TH_LONG":-7.716184921,"pH_CaCl2":5.7,"pH_H2O":6.55}},{"type":"Feature","geometry":{"type":"Point","coordinates":[-8.381254994440019,41.28714216823229]},"id":"00000000000000000015","properties":{"CaCO3":"13","CaCO3__20_":"","Depth":"0-20 cm","EC":22.61,"Elev":366,"K":83.2,"LC":"E10","LC0_Desc":"Grassland","LC1_Desc":"Grassland with sparse tree/shrub cover","LU":"U420","LU1_Desc":"Semi-natural and natural areas not in use","N":2.5,"NUTS_0":"PT","NUTS_1":"PT1","NUTS_2":"PT11","NUTS_3":"PT11C","OC":33.0,"OC__20_30_":"","Ox_Al":0.0,"Ox_Fe":0.0,"P":"18.9","POINTID":27922208,"POINTID_1":27922208,"TH_LAT":41.28714082,"TH_LONG":-8.381253453,"pH_CaCl2":7.0,"pH_H2O":7.71}},{"type":"Feature","geometry":{"type":"Point","coordinates":[-8.002931483762511,41.0066112027579]},"id":"00000000000000000020","properties":{"CaCO3":"NA","CaCO3__20_":"","Depth":"0-20 cm","EC":6.98,"Elev":1121,"K":51.0,"LC":"E20","LC0_Desc":"Grassland","LC1_Desc":"Grassland without tree/shrub cover","LU":"U420","LU1_Desc":"Semi-natural and natural areas not in use","N":3.4,"NUTS_0":"PT","NUTS_1":"PT1","NUTS_2":"PT11","NUTS_3":"PT11C","OC":38.2,"OC__20_30_":"","Ox_Al":0.0,"Ox_Fe":0.0,"P":"17.7","POINTID":28162170,"POINTID_1":28162170,"TH_LAT":41.00661111,"TH_LONG":-8.002933345,"pH_CaCl2":4.1,"pH_H2O":5.05}},{"type":"Feature","geometry":{"type":"Point","coordinates":[-6.9506237670587625,41.08410146086468]},"id":"0000000000000000005c","properties":{"CaCO3":"NA","CaCO3__20_":"","Depth":"0-20 cm","EC":2.93,"Elev":643,"K":124.3,"LC":"E30","LC0_Desc":"Grassland","LC1_Desc":"Spontaneously re-vegetated surfaces","LU":"U420","LU1_Desc":"Semi-natural and natural areas not in use","N":1.5,"NUTS_0":"PT","NUTS_1":"PT1","NUTS_2":"PT11","NUTS_3":"PT11D","OC":10.2,"OC__20_30_":"","Ox_Al":0.0,"Ox_Fe":0.0,"P":"< LOD","POINTID":29042158,"POINTID_1":29042158,"TH_LAT":41.08410286,"TH_LONG":-6.950622623,"pH_CaCl2":4.8,"pH_H2O":5.86}},{"type":"Feature","geometry":{"type":"Point","coordinates":[-8.133779345074826,42.01639693181599]},"id":"00000000000000000027","properties":{"CaCO3":"NA","CaCO3__20_":"","Depth":"0-20 cm","EC":9.11,"Elev":1070,"K":73.0,"LC":"F10","LC0_Desc":"Bareland","LC1_Desc":"Rocks and stones","LU":"U420","LU1_Desc":"Semi-natural and natural areas not in use","N":5.0,"NUTS_0":"PT","NUTS_1":"PT1","NUTS_2":"PT11","NUTS_3":"PT111","OC":64.6,"OC__20_30_":"","Ox_Al":0.0,"Ox_Fe":0.0,"P":"15.5","POINTID":28302282,"POINTID_1":28302282,"TH_LAT":42.01639763,"TH_LONG":-8.133780206,"pH_CaCl2":4.0,"pH_H2O":4.36}},{"type":"Feature","geometry":{"type":"Point","coordinates":[-7.586286458631686,41.34070489008628]},"id":"0000000000000000003a","properties":{"CaCO3":"NA","CaCO3__20_":"NA","Depth":"0-20 cm","EC":3.73,"Elev":599,"K":67.6,"LC":"C22","LC0_Desc":"Woodland","LC1_Desc":"Pine dominated coniferous woodland","LU":"U420","LU1_Desc":"Semi-natural and natural areas not in use","N":1.6,"NUTS_0":"PT","NUTS_1":"PT1","NUTS_2":"PT11","NUTS_3":"PT11D","OC":26.2,"OC__20_30_":"18.3","Ox_Al":0.0,"Ox_Fe":0.0,"P":"< LOD","POINTID":28582198,"POINTID_1":28582198,"TH_LAT":41.34070601,"TH_LONG":-7.586287699,"pH_CaCl2":4.1,"pH_H2O":4.95}},{"type":"Feature","geometry":{"type":"Point","coordinates":[-7.115730901764703,40.88952412729652]},"id":"000000000000000000fd","properties":{"CaCO3":"NA","CaCO3__20_":"NA","Depth":"0-20 cm","EC":4.66,"Elev":489,"K":85.8,"LC":"D10","LC0_Desc":"Shrubland","LC1_Desc":"Shrubland with sparse tree cover","LU":"U420","LU1_Desc":"Semi-natural and natural areas not in use","N":1.2,"NUTS_0":"PT","NUTS_1":"PT1","NUTS_2":"PT16","NUTS_3":"PT16J","OC":12.9,"OC__20_30_":"6.6","Ox_Al":0.0,"Ox_Fe":0.0,"P":"22.8","POINTID":28862140,"POINTID_1":28862140,"TH_LAT":40.88952602,"TH_LONG":-7.115728921,"pH_CaCl2":5.4,"pH_H2O":5.96}},{"type":"Feature","geometry":{"type":"Point","coordinates":[-7.342565372353498,41.08913578595402]},"id":"0000000000000000004a","properties":{"CaCO3":"NA","CaCO3__20_":"NA","Depth":"0-20 cm","EC":17.71,"Elev":690,"K":37.3,"LC":"D20","LC0_Desc":"Shrubland","LC1_Desc":"Shrubland without tree cover","LU":"U420","LU1_Desc":"Semi-natural and natural areas not in use","N":1.7,"NUTS_0":"PT","NUTS_1":"PT1","NUTS_2":"PT11","NUTS_3":"PT11D","OC":17.2,"OC__20_30_":"15.6","Ox_Al":0.0,"Ox_Fe":0.0,"P":"< LOD","POINTID":28722166,"POINTID_1":28722166,"TH_LAT":41.08913568,"TH_LONG":-7.342565209,"pH_CaCl2":4.7,"pH_H2O":4.96}},{"type":"Feature","geometry":{"type":"Point","coordinates":[-7.624300295112311,41.555201028060196]},"id":"0000000000000000003c","properties":{"CaCO3":"6","CaCO3__20_":"NA","Depth":"0-20 cm","EC":21.0,"Elev":739,"K":128.3,"LC":"E10","LC0_Desc":"Grassland","LC1_Desc":"Grassland with sparse tree/shrub cover","LU":"U420","LU1_Desc":"Semi-natural and natural areas not in use","N":1.3,"NUTS_0":"PT","NUTS_1":"PT1","NUTS_2":"PT11","NUTS_3":"PT11B","OC":21.0,"OC__20_30_":"28.7","Ox_Al":0.0,"Ox_Fe":0.0,"P":"17.4","POINTID":28602222,"POINTID_1":28602222,"TH_LAT":41.55520217,"TH_LONG":-7.624298224,"pH_CaCl2":6.4,"pH_H2O":6.89}},{"type":"Feature","geometry":{"type":"Point","coordinates":[-7.362426208445544,40.901251563067085]},"id":"000000000000000000ee","properties":{"CaCO3":"NA","CaCO3__20_":"NA","Depth":"0-20 cm","EC":18.47,"Elev":839,"K":65.3,"LC":"E30","LC0_Desc":"Grassland","LC1_Desc":"Spontaneously re-vegetated surfaces","LU":"U420","LU1_Desc":"Semi-natural and natural areas not in use","N":2.1,"NUTS_0":"PT","NUTS_1":"PT1","NUTS_2":"PT16","NUTS_3":"PT16J","OC":27.4,"OC__20_30_":"12.1","Ox_Al":0.0,"Ox_Fe":0.0,"P":"26.5","POINTID":28662146,"POINTID_1":28662146,"TH_LAT":40.90124972,"TH_LONG":-7.362426783,"pH_CaCl2":4.4,"pH_H2O":4.76}},{"type":"Feature","geometry":{"type":"Point","coordinates":[-7.617642857239518,41.27974897868567]},"id":"00000000000000000035","properties":{"CaCO3":"NA","CaCO3__20_":"NA","Depth":"0-20 cm","EC":3.97,"Elev":869,"K":55.2,"LC":"F10","LC0_Desc":"Bareland","LC1_Desc":"Rocks and stones","LU":"U420","LU1_Desc":"Semi-natural and natural areas not in use","N":3.1,"NUTS_0":"PT","NUTS_1":"PT1","NUTS_2":"PT11","NUTS_3":"PT11D","OC":40.7,"OC__20_30_":"16.6","Ox_Al":0.0,"Ox_Fe":0.0,"P":"17.5","POINTID":28542192,"POINTID_1":28542192,"TH_LAT":41.27974826,"TH_LONG":-7.617644148,"pH_CaCl2":4.7,"pH_H2O":5.29}}]}