algorithm,fixed_spatial_folds,fixed_block_size_m,search_runtime_minutes,mean_fit_time,std_fit_time,mean_score_time,std_score_time,param_learning_rate,param_loss,param_max_depth,param_min_samples_leaf,param_n_estimators,param_subsample,params,split0_test_R2,split1_test_R2,split2_test_R2,split3_test_R2,split4_test_R2,split5_test_R2,split6_test_R2,split7_test_R2,split8_test_R2,split9_test_R2,mean_test_R2,std_test_R2,rank_test_R2,split0_test_RMSE,split1_test_RMSE,split2_test_RMSE,split3_test_RMSE,split4_test_RMSE,split5_test_RMSE,split6_test_RMSE,split7_test_RMSE,split8_test_RMSE,split9_test_RMSE,mean_test_RMSE,std_test_RMSE,rank_test_RMSE,split0_test_MAE,split1_test_MAE,split2_test_MAE,split3_test_MAE,split4_test_MAE,split5_test_MAE,split6_test_MAE,split7_test_MAE,split8_test_MAE,split9_test_MAE,mean_test_MAE,std_test_MAE,rank_test_MAE,mean_CV_RMSE,std_CV_RMSE,mean_CV_MAE,std_CV_MAE,mean_CV_R2,std_CV_R2
GTB,10,20000,56.457966383298235,0.5093806982040405,0.011089320684451395,0.0032373666763305664,0.00013430545193332462,0.03,huber,3,1,100,0.7,"{'learning_rate': 0.03, 'loss': 'huber', 'max_depth': 3, 'min_samples_leaf': 1, 'n_estimators': 100, 'subsample': 0.7}",0.01296721564018155,0.18032953840325439,0.19145344674575926,0.5539769591694006,0.032684008623909966,0.5103583105366591,0.34150568329549513,0.4752474142848857,0.5063544213609696,0.266740206448528,0.30716172045090434,0.19087005616103359,1,-27.600319316279425,-19.650358265996505,-18.88446471338548,-15.035612304360798,-18.72391050112615,-14.208272100047886,-21.184624279859662,-14.711871053008176,-14.517842013167316,-27.27449724250564,-19.179177178973706,4.7386885467307165,1,-16.530943903651114,-14.309200560858116,-12.343824140950186,-11.20798548116194,-14.009463277928306,-9.850583999647412,-13.727270621684257,-10.512246486600429,-9.72941744779781,-18.029404561893415,-13.025034048217298,2.6732842076485275,8,19.179177178973706,4.7386885467307165,13.025034048217298,2.6732842076485275,0.30716172045090434,0.19087005616103359
GTB,10,20000,56.457966383298235,0.20278046131134034,0.004081171142947096,0.003148460388183594,0.00027474844794378895,0.03,squared_error,2,5,100,0.7,"{'learning_rate': 0.03, 'loss': 'squared_error', 'max_depth': 2, 'min_samples_leaf': 5, 'n_estimators': 100, 'subsample': 0.7}",-0.0598280303322154,0.22397495835944936,0.06885409174997692,0.5912627962908064,0.11111656148259275,0.40303885920439797,0.37092009846252927,0.3866191738134237,0.5607642356183438,0.2917592796450934,0.29484820242943977,0.20003635997761546,4,-28.5999990258635,-19.120035680047444,-20.265673135605343,-14.39343849850636,-17.948773624274505,-15.688271715180244,-20.706068934410784,-15.905807210021562,-13.694408785783098,-26.805151381766827,-19.31276279914597,4.771221322781927,2,-18.680440147712748,-14.101421017420884,-13.996740734478713,-10.79711509073049,-13.826753494295062,-10.776748487783248,-14.332876536967289,-11.583735565344387,-10.047250292393091,-18.826442666948065,-13.696952403407398,2.9418394661171323,119,19.31276279914597,4.771221322781927,13.696952403407398,2.9418394661171323,0.29484820242943977,0.20003635997761546
GTB,10,20000,56.457966383298235,0.35775222778320315,0.009825301160369284,0.0031380653381347656,0.00011790274840906212,0.03,huber,2,1,100,0.7,"{'learning_rate': 0.03, 'loss': 'huber', 'max_depth': 2, 'min_samples_leaf': 1, 'n_estimators': 100, 'subsample': 0.7}",0.010872614501912126,0.15531455740755173,0.15036517853038356,0.526764221292658,0.09831287726143245,0.5142888985527134,0.3618310265799134,0.42326680395886396,0.4839540536376389,0.2592848561768356,0.29842550878999036,0.17872558548961437,2,-27.62958937846236,-19.94795295314732,-19.358349020356066,-15.487497796626164,-18.07758060055437,-14.151128892330627,-20.855115209320573,-15.423327868438744,-14.843578913219257,-27.41280202939072,-19.31869226618462,4.641835677469082,3,-16.571633780435914,-14.37724832619221,-12.393718565625154,-11.640270873884296,-13.567731430832454,-9.93214892221604,-13.621562920889845,-11.131649417171788,-9.674139892091299,-18.083846026376467,-13.099395015571549,2.594011701047196,15,19.31869226618462,4.641835677469082,13.099395015571549,2.594011701047196,0.29842550878999036,0.17872558548961437
GTB,10,20000,56.457966383298235,0.487442946434021,0.013283454938725578,0.0034255504608154295,0.0004925874955306071,0.03,huber,3,5,100,0.7,"{'learning_rate': 0.03, 'loss': 'huber', 'max_depth': 3, 'min_samples_leaf': 5, 'n_estimators': 100, 'subsample': 0.7}",-0.017035051372736643,0.18423385112365775,0.15159275488316182,0.5914990169427317,-0.06106477059396709,0.5097873796981043,0.36054756226113027,0.4376941283765531,0.5178210876637283,0.25051393592615556,0.2925589894908519,0.21616077725403698,7,-28.016654726846273,-19.60350240960081,-19.344359220995923,-14.389278712243419,-19.610258589984262,-14.21655323458991,-20.876076234332878,-15.229194220337243,-14.348237167557869,-27.574623970819268,-19.320873848730788,4.880240792003851,4,-16.740700578733147,-13.91011371409745,-12.550577222305526,-10.468988139484054,-14.415623553006876,-9.576165710140842,-13.641580681618038,-10.59836042279591,-9.526208133055214,-17.9103128366415,-12.933863099187857,2.783342245819136,1,19.320873848730788,4.880240792003851,12.933863099187857,2.783342245819136,0.2925589894908519,0.21616077725403698
GTB,10,20000,56.457966383298235,0.3594268798828125,0.015785688637785945,0.003180837631225586,9.732888857967772e-05,0.05,huber,2,5,100,0.7,"{'learning_rate': 0.05, 'loss': 'huber', 'max_depth': 2, 'min_samples_leaf': 5, 'n_estimators': 100, 'subsample': 0.7}",-0.024260629366299247,0.13489129139550693,0.10585402336963112,0.6126912378365432,0.07334835951433016,0.5156154192117923,0.37998241563959045,0.39626714621647197,0.49492320080585717,0.24518386230264977,0.2934496326926074,0.205419236516532,5,-28.116001470101917,-20.187668863134622,-19.858954346268405,-14.01106451526876,-18.326124063063816,-14.13179167814611,-20.55638551310757,-15.78021881504158,-14.684972919510454,-27.672500636002788,-19.3325682819646,4.897018655509229,5,-17.328066437940144,-14.35016484967283,-13.233477462300144,-10.237271661620643,-13.538479715210507,-9.58116356623608,-13.401633634595447,-11.303756569485785,-9.425549367531435,-18.340870464593017,-13.074043372918604,2.906991719267764,11,19.3325682819646,4.897018655509229,13.074043372918604,2.906991719267764,0.2934496326926074,0.205419236516532
GTB,10,20000,56.457966383298235,0.2131211757659912,0.013187486564119617,0.003522014617919922,0.0007160780487153204,0.03,squared_error,2,1,100,0.7,"{'learning_rate': 0.03, 'loss': 'squared_error', 'max_depth': 2, 'min_samples_leaf': 1, 'n_estimators': 100, 'subsample': 0.7}",-0.04918762703721935,0.21139521071217693,0.10715265802024354,0.578988271364279,0.07762229904851747,0.3616488120324315,0.3735225812829175,0.4036268863947131,0.5139980074552718,0.3344407158249434,0.2913207815098275,0.18985044156949227,8,-28.45606850780514,-19.274385265733915,-19.8445277885637,-14.607959934643421,-18.283812980496347,-16.22302760580265,-20.663194383412492,-15.68374035895126,-14.405006716292831,-25.984908432422895,-19.342663197412463,4.474514314723444,6,-18.258240265120573,-14.290620061312765,-13.548248233255968,-10.953669622259236,-14.081157690875349,-11.239827654870078,-14.355047045046845,-11.526102987004998,-10.274733464013838,-18.5452080684071,-13.707285509216675,2.7432161927826675,123,19.342663197412463,4.474514314723444,13.707285509216675,2.7432161927826675,0.2913207815098275,0.18985044156949227
GTB,10,20000,56.457966383298235,0.34200847148895264,0.006257850445819612,0.0031786441802978517,0.00030508456878718495,0.03,huber,2,5,100,0.7,"{'learning_rate': 0.03, 'loss': 'huber', 'max_depth': 2, 'min_samples_leaf': 5, 'n_estimators': 100, 'subsample': 0.7}",0.005636049396484322,0.14781248214347154,0.11682013893863386,0.5735402565804525,0.1047238893454312,0.5073370093921444,0.3735205597513036,0.4129967811022973,0.4725132773279569,0.23823722975159478,0.29531376737297704,0.18730753120398672,3,-27.70263009947341,-20.036341022139748,-19.736800112416866,-14.702171767072429,-18.01319999373758,-14.252040280876578,-20.6632277216189,-15.56004531682505,-15.007218523806799,-27.799545110196142,-19.347321994816348,4.755086309343399,7,-16.698303431762287,-14.437327523889698,-12.69530122700482,-11.027857750480294,-13.447230403764939,-9.833840651448357,-13.539911630965168,-11.251073163500203,-9.717271270254457,-18.286631120487915,-13.093474817355816,2.682121844444906,14,19.347321994816348,4.755086309343399,13.093474817355816,2.682121844444906,0.29531376737297704,0.18730753120398672
GTB,10,20000,56.457966383298235,0.553347134590149,0.07972464391381644,0.003429079055786133,0.0004867293330705227,0.05,huber,3,1,100,0.7,"{'learning_rate': 0.05, 'loss': 'huber', 'max_depth': 3, 'min_samples_leaf': 1, 'n_estimators': 100, 'subsample': 0.7}",-0.021523662421403245,0.13135649661604165,0.07091822709440376,0.5472242167055744,0.06052419644384466,0.49305752051772034,0.306049469957688,0.43394695628160584,0.5299395894283028,0.3282532307875352,0.2879746241411313,0.20254357107196835,9,-28.0784114074613,-20.228869767517306,-20.24319851587906,-15.149003537251117,-18.452498234348173,-14.45710762328466,-21.747483317274206,-15.279853174987965,-14.166784185605856,-26.10541556108699,-19.390862532469665,4.636252230133171,8,-16.4956173780768,-14.450163372055894,-13.325246332157743,-11.398228607679936,-13.981922524475857,-9.692803215776237,-14.036000197764986,-10.832037196191301,-9.418303516481336,-17.497682343367153,-13.112800468402725,2.5999867245178416,20,19.390862532469665,4.636252230133171,13.112800468402725,2.5999867245178416,0.2879746241411313,0.20254357107196835
GTB,10,20000,56.457966383298235,0.4266727685928345,0.04293215945706868,0.004168820381164551,0.0021748645477631667,0.1,huber,2,5,100,1.0,"{'learning_rate': 0.1, 'loss': 'huber', 'max_depth': 2, 'min_samples_leaf': 5, 'n_estimators': 100, 'subsample': 1.0}",-0.0220589396891826,0.06710272693846797,0.15063516666204502,0.6128423604826262,0.18536268913141296,0.4953141084718232,0.2950105105675853,0.4344668935787993,0.5301261020091685,0.1826439882319828,0.29314456063847294,0.20342058320241854,6,-28.085766972250987,-20.963690643384954,-19.35527302839715,-14.008330784541082,-17.182823195997017,-14.424894776330525,-21.919773972067343,-15.27283405299898,-14.163973328131215,-28.796085103953388,-19.41734458580526,5.25080432495104,9,-16.764642065493966,-15.108373243454093,-12.325544761379264,-10.334030914900726,-12.963531671208424,-10.150636912127858,-14.249717597548544,-10.619449720264187,-9.350211945654156,-19.196181886630995,-13.10623207186622,3.051718083031974,19,19.41734458580526,5.25080432495104,13.10623207186622,3.051718083031974,0.29314456063847294,0.20342058320241854
GTB,10,20000,56.457966383298235,0.21059165000915528,0.004943488111499969,0.003978204727172851,0.000633532071718276,0.05,squared_error,2,1,100,0.7,"{'learning_rate': 0.05, 'loss': 'squared_error', 'max_depth': 2, 'min_samples_leaf': 1, 'n_estimators': 100, 'subsample': 0.7}",-0.03623828432543719,0.2249817741118918,-0.003706568591866022,0.5753253942811999,0.0021323903244694353,0.3445660209692538,0.38354001418174977,0.4016776341921874,0.5847809492247451,0.32642313539220924,0.28034824597604036,0.21741449945894362,19,-28.279917247358036,-19.10762847667918,-21.04047534886343,-14.671368245044066,-19.01729904431961,-16.43866510376125,-20.497325434700603,-15.709350689638171,-13.314751820209368,-26.140951947437074,-19.421773335801078,4.5847186030163165,10,-17.677156281780437,-13.78281386384157,-13.763390958753067,-10.870736193936755,-14.631133242711995,-10.96566821151845,-14.59557206647627,-11.300845516664957,-9.845858088483723,-18.466073623547853,-13.589924804771508,2.7601386831676296,94,19.421773335801078,4.5847186030163165,13.589924804771508,2.7601386831676296,0.28034824597604036,0.21741449945894362
GTB,10,20000,56.457966383298235,1.1152674436569214,0.16566562079266534,0.003641629219055176,0.0005657598678457523,0.05,huber,5,1,100,0.7,"{'learning_rate': 0.05, 'loss': 'huber', 'max_depth': 5, 'min_samples_leaf': 1, 'n_estimators': 100, 'subsample': 0.7}",-0.031818345023306494,0.2229327027796183,-0.07939014608441508,0.5827848540907741,-0.07608266552903342,0.38995165793471653,0.4089407613158297,0.52576754904937,0.5337454126109087,0.28621472991223473,0.2763046511056697,0.2452606252124891,27,-28.219540646416977,-19.132871140331915,-21.819328887902337,-14.541945233020051,-19.748548939861763,-15.859306677689716,-20.070595369311977,-13.985765768593522,-14.109317260945648,-26.9098705445713,-19.43970904686452,4.838438186169276,11,-17.00276144809011,-13.920431604315546,-14.291931080522719,-10.517066763077322,-15.591519710994303,-10.395202467368156,-12.46475957258937,-10.347974832415142,-9.590408337340762,-17.47859621222181,-13.160065202893524,2.7740030997444807,32,19.43970904686452,4.838438186169276,13.160065202893524,2.7740030997444807,0.2763046511056697,0.2452606252124891
GTB,10,20000,56.457966383298235,0.48500428199768064,0.012479594893306991,0.003183293342590332,3.999880081960856e-05,0.05,huber,3,5,100,0.7,"{'learning_rate': 0.05, 'loss': 'huber', 'max_depth': 3, 'min_samples_leaf': 5, 'n_estimators': 100, 'subsample': 0.7}",-0.022011055949762603,0.08755000354006981,0.08704071222981602,0.5914071924511983,0.032230186175173925,0.5147841413308782,0.3020723487243774,0.4381119798572387,0.5535356660708965,0.25870151321259227,0.2843422687642479,0.21898454257968944,11,-28.085109051632656,-20.732676315281875,-20.06678833027945,-14.390895861299736,-18.728302206927975,-14.143912635875823,-21.80971311824639,-15.223534734719381,-13.806634421913055,-27.423594246996075,-19.44111609231724,4.997169057363936,12,-17.063006904583087,-14.736900038274038,-13.166778863971278,-10.597623983813836,-13.98478353920647,-9.255736871854786,-14.434347034779387,-10.634574758325597,-9.331384543780324,-17.814519669190986,-13.10196562077798,2.906894127358361,17,19.44111609231724,4.997169057363936,13.10196562077798,2.906894127358361,0.2843422687642479,0.21898454257968944
GTB,10,20000,56.457966383298235,1.2209951877593994,0.19020721782339325,0.003774595260620117,0.0005698540091082216,0.03,huber,5,1,100,0.7,"{'learning_rate': 0.03, 'loss': 'huber', 'max_depth': 5, 'min_samples_leaf': 1, 'n_estimators': 100, 'subsample': 0.7}",-0.01366541537656496,0.2587912812263572,0.08787198492649329,0.5340853063234254,-0.05391624539042006,0.40970285480280777,0.3581343403465752,0.4941736295681941,0.5086873805366633,0.2547484732781985,0.283861359024173,0.2052428726929813,12,-27.9702038920072,-18.686204185835678,-20.05765058869834,-15.367232968970816,-19.54408857833024,-15.600460319251422,-20.91543112639492,-14.444128703498466,-14.483495869165614,-27.49661640155833,-19.4565512633711,4.708113190198319,13,-16.50545683825407,-13.303157241601651,-13.422254737925005,-11.335582304356508,-15.222357902973394,-10.839744081242833,-13.756370567546433,-10.691218635219666,-9.421855241340813,-18.394789452872896,-13.289278700333327,2.681546510627657,52,19.4565512633711,4.708113190198319,13.289278700333327,2.681546510627657,0.283861359024173,0.2052428726929813
GTB,10,20000,56.457966383298235,1.696567678451538,0.2596302476400539,0.0039953947067260746,0.0007164662326251972,0.03,huber,3,1,300,0.7,"{'learning_rate': 0.03, 'loss': 'huber', 'max_depth': 3, 'min_samples_leaf': 1, 'n_estimators': 300, 'subsample': 0.7}",-0.00042124709173596564,0.11411888956389293,0.11630412095594,0.5952643414347316,0.02396864786870001,0.3810361569635222,0.29277572645851735,0.4743292209980855,0.5536664886809597,0.27647021985248244,0.2827512565685096,0.205148263524819,17,-27.786879066280594,-20.428597474740823,-19.742565108327792,-14.322809186858423,-18.808071061775806,-15.974773599425422,-21.95448881808973,-14.724736580178375,-13.804611469408625,-27.092933022614176,-19.464046538769974,4.777107904171065,14,-16.260231300113666,-14.513320124767146,-12.898023030100266,-10.436362313116367,-13.750057797138343,-10.116810220288594,-14.335815296892397,-10.222438049836441,-9.514550051407793,-17.747593778261063,-12.979520196192208,2.6937022872886134,4,19.464046538769974,4.777107904171065,12.979520196192208,2.6937022872886134,0.2827512565685096,0.205148263524819
GTB,10,20000,56.457966383298235,0.2087700843811035,0.0063398574083527405,0.0035106658935546873,0.000487090216741469,0.05,squared_error,2,5,100,0.7,"{'learning_rate': 0.05, 'loss': 'squared_error', 'max_depth': 2, 'min_samples_leaf': 5, 'n_estimators': 100, 'subsample': 0.7}",-0.08779306204193937,0.23858769237395372,-0.012257411738807678,0.6190278688058901,0.021996404825550986,0.39846366285839363,0.34607108173215595,0.38106743319554415,0.5789678898335822,0.2950855580553644,0.2779217117899688,0.2284921650914401,23,-28.974867579715227,-18.939162779760345,-21.129909975605685,-13.895976641631947,-18.827063980062764,-15.748275554507824,-21.111059127280683,-15.97762719387729,-13.407631018677913,-26.74213161478899,-19.475370546590863,4.931932717504848,15,-18.209699590630336,-13.847054583498757,-14.423404964570528,-10.330529689316785,-14.545953242048823,-10.210479493212787,-14.535648438038484,-11.537217126985027,-9.741405465950356,-18.500748049494305,-13.58821406437462,2.984906702966099,93,19.475370546590863,4.931932717504848,13.58821406437462,2.984906702966099,0.2779217117899688,0.2284921650914401
GTB,10,20000,56.457966383298235,0.4104994058609009,0.06460453623474355,0.003578495979309082,0.0005681034185670243,0.05,huber,2,1,100,0.7,"{'learning_rate': 0.05, 'loss': 'huber', 'max_depth': 2, 'min_samples_leaf': 1, 'n_estimators': 100, 'subsample': 0.7}",-0.003930481922904461,0.11006525814901835,0.09614844300076253,0.5454774524504014,0.10689009747249145,0.47908051154494125,0.3486426647493478,0.4265104258066146,0.48755790105109,0.23751849203321473,0.28339607643349773,0.1882341212437272,15,-27.835571216137012,-20.475282909578294,-19.966443764523575,-15.178197087651357,-17.991394445852805,-14.65505235987445,-21.06950849564054,-15.37989532261012,-14.791657455185549,-27.81265671896184,-19.515565977601554,4.751661083513634,16,-17.072790300822568,-14.65245623525127,-13.342476073466937,-11.347876220040893,-13.372715615195276,-9.943767459955131,-13.536836509657125,-11.055033898146853,-9.382113309418036,-18.46873345295155,-13.217479907490562,2.797119423923432,36,19.515565977601554,4.751661083513634,13.217479907490562,2.797119423923432,0.28339607643349773,0.1882341212437272
GTB,10,20000,56.457966383298235,1.1104441165924073,0.1815379706723787,0.0039683103561401365,0.0012056686485122385,0.03,huber,2,5,300,0.7,"{'learning_rate': 0.03, 'loss': 'huber', 'max_depth': 2, 'min_samples_leaf': 5, 'n_estimators': 300, 'subsample': 0.7}",-0.024444304876087175,0.058519390854516073,0.03864401637721082,0.6088313834381557,0.09935011670089422,0.4745212496292276,0.3621836580622877,0.4071814325425176,0.5306181617012817,0.23400650923147048,0.2789411613661475,0.2159718974005081,20,-28.11852230769807,-21.059910457471585,-20.591798553411707,-14.080707396842767,-18.067180000055277,-14.719045606814221,-20.849352482913094,-15.636930823726205,-14.15655501229166,-27.87663555243936,-19.51566381936639,4.976399616308506,17,-16.719586680978182,-14.987280588635281,-12.897528064886556,-10.063212065887582,-13.27431666315722,-9.795777397256643,-13.911461429762378,-10.87205806890519,-9.573950566336851,-18.03121430188891,-13.012638582769478,2.8137227784214107,6,19.51566381936639,4.976399616308506,13.012638582769478,2.8137227784214107,0.2789411613661475,0.2159718974005081
GTB,10,20000,56.457966383298235,0.42799508571624756,0.061197548073379765,0.0034644365310668944,0.000607263189502484,0.03,huber,2,5,100,1.0,"{'learning_rate': 0.03, 'loss': 'huber', 'max_depth': 2, 'min_samples_leaf': 5, 'n_estimators': 100, 'subsample': 1.0}",-0.0017710673437489888,0.15483462978355644,0.15818506308167857,0.5604985769717461,0.10282619583913277,0.46472580796298324,0.32874837487996966,0.42263638181251195,0.44432963482459364,0.22022056817693691,0.28552341659893604,0.17523928935968547,10,-27.80561849681785,-19.953619094473964,-19.269057726349356,-14.92528437178618,-18.032280943701352,-14.855600920251565,-21.3888495445393,-15.431755120318678,-15.40291993964602,-28.12637129718642,-19.519135745507064,4.745630857576236,18,-16.849181919684806,-14.396889486956125,-12.311099487518371,-11.132872170868694,-13.72096386643312,-10.658845232781305,-13.808234386459516,-11.1382213554477,-10.297108664866077,-19.026350159904037,-13.333976673091973,2.7084243142309186,63,19.519135745507064,4.745630857576236,13.333976673091973,2.7084243142309186,0.28552341659893604,0.17523928935968547
GTB,10,20000,56.457966383298235,0.252021861076355,0.005721633401595679,0.0031898975372314452,0.00048258499125609726,0.03,squared_error,2,1,100,1.0,"{'learning_rate': 0.03, 'loss': 'squared_error', 'max_depth': 2, 'min_samples_leaf': 1, 'n_estimators': 100, 'subsample': 1.0}",-0.011970972347704834,0.1968737204778339,0.03604145021009442,0.5500197603161665,0.07584052831126598,0.30017855628776413,0.39783831690508353,0.41214190961051445,0.49575650603125576,0.31661404277033534,0.2769333818572609,0.1859614222877268,26,-27.94681661906217,-19.45103650625676,-20.61965259377447,-15.10216438039485,-18.301464017287877,-16.986178933690574,-20.258221200954583,-15.571371489556611,-14.672853855427183,-26.330605297077398,-19.524036489348244,4.308865579277737,19,-17.937387809295366,-13.96677440597627,-13.51534423528155,-11.374905106663505,-14.234739556417534,-12.218955284232491,-13.862123919835486,-11.293199214126025,-10.733279333630811,-18.66796495835383,-13.780467382381286,2.5530875311962915,139,19.524036489348244,4.308865579277737,13.780467382381286,2.5530875311962915,0.2769333818572609,0.1859614222877268
GTB,10,20000,56.457966383298235,0.710771107673645,0.10002775526704231,0.00414431095123291,0.0006646905876929591,0.1,huber,3,5,100,1.0,"{'learning_rate': 0.1, 'loss': 'huber', 'max_depth': 3, 'min_samples_leaf': 5, 'n_estimators': 100, 'subsample': 1.0}",-0.029755943858528422,0.1336535778923731,-0.028546749194597654,0.5761449748629612,-0.06786380531893554,0.47150633773704753,0.38252823883649334,0.46247588404248063,0.5003471154861678,0.3102077046992645,0.27106973351847263,0.23461249224773076,31,-28.191323894182794,-20.202104979316005,-21.299243668505735,-14.657204252861456,-19.672987052387477,-14.76121016181329,-20.51413932898478,-14.88982497892926,-14.605910653568756,-26.45373430956649,-19.524768328011604,4.688183587437643,20,-16.100017039457487,-14.094556209608667,-13.92594348460752,-10.293590718530927,-14.91478279690571,-10.311419524084542,-13.299402911516784,-10.651649913258758,-9.508772318449989,-17.571458258610985,-13.067159317503137,2.617846967259921,9,19.524768328011604,4.688183587437643,13.067159317503137,2.617846967259921,0.27106973351847263,0.23461249224773076
GTB,10,20000,56.457966383298235,0.4070254325866699,0.012406307057531948,0.003793144226074219,0.0008365997950781284,0.05,huber,2,5,100,1.0,"{'learning_rate': 0.05, 'loss': 'huber', 'max_depth': 2, 'min_samples_leaf': 5, 'n_estimators': 100, 'subsample': 1.0}",0.005292871521729192,0.10933441354459927,0.11948118138445107,0.6022969390568457,0.13278017850709656,0.41035415902658046,0.31223053602931994,0.4627653391913249,0.4710055556327305,0.20871944532000308,0.283426061921468,0.18675836712865962,14,-27.707410094561414,-20.48368868266943,-19.707043951621166,-14.19782891211306,-17.728703250101066,-15.591851561767838,-21.650413501825426,-14.885815375679964,-15.028650876981354,-28.33303280235949,-19.53144390096802,4.886888048378524,21,-16.460720004062047,-14.765415953183592,-12.540258354181173,-10.589288460103402,-13.387225616859737,-11.042721805471373,-14.079430500068767,-10.683718242696544,-9.910323130493962,-19.046077908431254,-13.250517997555184,2.776705791011658,45,19.53144390096802,4.886888048378524,13.250517997555184,2.776705791011658,0.283426061921468,0.18675836712865962
GTB,10,20000,56.457966383298235,0.24907143115997316,0.005101649038480695,0.003221559524536133,0.0005634452089001732,0.03,squared_error,2,5,100,1.0,"{'learning_rate': 0.03, 'loss': 'squared_error', 'max_depth': 2, 'min_samples_leaf': 5, 'n_estimators': 100, 'subsample': 1.0}",-0.03493715609108716,0.22867077994411866,0.04473283001343764,0.5933252856132472,0.0930909442784913,0.32223741735489686,0.35117859525242734,0.39966944264221904,0.45422455270137874,0.3082582356085576,0.2760450927317687,0.18505295166114563,29,-28.262157164057466,-19.062099075034965,-20.526485192778626,-14.357077901722219,-18.129851300662377,-16.716327312832245,-21.028453522102225,-15.735691806286823,-15.265162694338569,-26.491089287451658,-19.557439525726714,4.442735484148541,22,-18.41158599363475,-13.82252143102728,-13.67154635234317,-10.660058946187332,-14.231522517669731,-11.834704574375731,-14.411890729112747,-11.413132891167123,-11.011295108291074,-18.784941958934137,-13.825320050274309,2.718146715372825,148,19.557439525726714,4.442735484148541,13.825320050274309,2.718146715372825,0.2760450927317687,0.18505295166114563
GTB,10,20000,56.457966383298235,1.064339566230774,0.07319680197506606,0.0034728288650512696,0.00012142124553781667,0.03,huber,2,1,300,0.7,"{'learning_rate': 0.03, 'loss': 'huber', 'max_depth': 2, 'min_samples_leaf': 1, 'n_estimators': 300, 'subsample': 0.7}",-0.00224859890817819,0.04099762408905572,0.10003498689507162,0.5659452940672614,0.14933846369709947,0.4001444831914118,0.3375840454872009,0.4097390280021518,0.517480213524445,0.26607336417202754,0.27850889042175475,0.1895157948386134,21,-27.812245000087795,-21.254978600418102,-19.923469860539605,-14.832511928327234,-17.55863580253795,-15.726258149472274,-21.247612748998808,-15.603163180355578,-14.353307981282478,-27.286896432246472,-19.55990796842663,4.663431715032053,23,-16.444827100906682,-15.179903932266187,-12.635356713764411,-10.943314396279424,-13.083710843405088,-10.181416180699882,-13.88307747613879,-11.13333671990763,-9.513829420648444,-18.03253467093976,-13.10313074549563,2.6565173857047135,18,19.55990796842663,4.663431715032053,13.10313074549563,2.6565173857047135,0.27850889042175475,0.1895157948386134
GTB,10,20000,56.457966383298235,1.2975656986236572,0.170559809078556,0.004221868515014648,0.0008650859888744288,0.1,huber,2,1,300,1.0,"{'learning_rate': 0.1, 'loss': 'huber', 'max_depth': 2, 'min_samples_leaf': 1, 'n_estimators': 300, 'subsample': 1.0}",0.0022564730763997565,0.09025619600348911,0.10950365745090507,0.49850122485449166,0.19224249446437058,0.3549841591252664,0.2342505450203859,0.4744679402704849,0.5526291216981131,0.2961832987819175,0.28052751107458235,0.17826287240704544,18,-27.749667070963767,-20.7019084510678,-19.81838377498182,-15.943270333223326,-17.110112847529564,-16.307495299342737,-22.84483883945503,-14.722793596470883,-13.820644476741307,-26.721301168631193,-19.574041585840742,4.653106787616277,24,-16.094474346652763,-14.753303309923389,-13.040132305646127,-11.876297729141333,-12.80640255938406,-10.420171603631127,-14.570425007054245,-10.561579660852184,-8.999884136820208,-18.41285000575677,-13.153552066486222,2.7218261164796487,30,19.574041585840742,4.653106787616277,13.153552066486222,2.7218261164796487,0.28052751107458235,0.17826287240704544
GTB,10,20000,56.457966383298235,1.3387107610702516,0.19802630741235175,0.003968620300292968,0.0007370492499930534,0.05,huber,2,1,300,1.0,"{'learning_rate': 0.05, 'loss': 'huber', 'max_depth': 2, 'min_samples_leaf': 1, 'n_estimators': 300, 'subsample': 1.0}",0.0029042585594549752,0.10030429153043419,0.18307313930033764,0.5577117365854862,0.21949469844288738,0.31980875531014363,0.2729751134443319,0.4708993563196686,0.544599053729288,0.16255346642598045,0.28343238696480133,0.17916955628670658,13,-27.740657365736435,-20.58726500629735,-18.98207793032834,-14.972529562262418,-16.819005070780673,-16.746250774393253,-22.2597042119303,-14.77269600883479,-13.944129406987834,-29.147839026173788,-19.597215436372515,5.083748984057492,25,-16.030823364336477,-14.765343462334958,-12.124198118977862,-11.201514947893536,-12.550655884681609,-11.02381636731996,-13.81826761438846,-10.428586415995973,-8.904066763866316,-19.29208613712218,-13.013935907691732,2.899274422207527,7,19.597215436372515,5.083748984057492,13.013935907691732,2.899274422207527,0.28343238696480133,0.17916955628670658
GTB,10,20000,56.457966383298235,0.262359094619751,0.00824849680975981,0.0034485578536987303,0.0006431246315766587,0.05,squared_error,2,1,100,1.0,"{'learning_rate': 0.05, 'loss': 'squared_error', 'max_depth': 2, 'min_samples_leaf': 1, 'n_estimators': 100, 'subsample': 1.0}",-0.024755233232931495,0.16083416286658403,0.03450097508518857,0.5482640336006535,0.06928191734142841,0.2388681540075962,0.3688380054714887,0.42239332803699414,0.5390422095430938,0.3346918114155274,0.2691959364135623,0.19557617051704296,35,-28.12278910024762,-19.88267108321876,-20.636121860906133,-15.131598405749576,-18.366290476581028,-17.71462725115892,-20.74030651490365,-15.435002945060504,-14.028945232921556,-25.980006306050775,-19.603835917679852,4.349978756878697,26,-17.731776819780887,-13.903256371658285,-13.332811586692728,-11.526342428847965,-14.22357816232341,-12.081925739419818,-14.262553439720019,-11.072116560716003,-10.652732369002257,-18.35916143304267,-13.714625491120401,2.4952389548223133,126,19.603835917679852,4.349978756878697,13.714625491120401,2.4952389548223133,0.2691959364135623,0.19557617051704296
GTB,10,20000,56.457966383298235,0.4464160919189453,0.06150440941952563,0.003640556335449219,0.0007143573618621033,0.1,huber,2,1,100,1.0,"{'learning_rate': 0.1, 'loss': 'huber', 'max_depth': 2, 'min_samples_leaf': 1, 'n_estimators': 100, 'subsample': 1.0}",-0.0010266931443465577,0.18348738746983495,0.16168581400750193,0.5539629142214954,0.17262075536528854,0.33348478059510045,0.2871521333964243,0.48756340463171666,0.5047562326460862,0.1489545409603219,0.28326412701494236,0.17391118040465034,16,-27.795285980724035,-19.6124694132272,-19.22895007007598,-15.035849032858883,-17.316682086655668,-16.57704464334996,-22.041603085107017,-14.538201524983126,-14.54132394348128,-29.38354545725702,-19.607095523772017,5.053459318095771,27,-16.354176416292223,-14.290188417652649,-12.089731373002675,-11.348255015411258,-13.119085395964959,-10.970534028117694,-13.961583621546959,-10.323196055245054,-9.416458717788084,-19.54740296547907,-13.142061200650065,2.9017789681657136,29,19.607095523772017,5.053459318095771,13.142061200650065,2.9017789681657136,0.28326412701494236,0.17391118040465034
GTB,10,20000,56.457966383298235,1.5581474781036377,0.228027900533736,0.0040313720703125,0.0005529528137318449,0.03,huber,3,5,300,0.7,"{'learning_rate': 0.03, 'loss': 'huber', 'max_depth': 3, 'min_samples_leaf': 5, 'n_estimators': 300, 'subsample': 0.7}",-0.03535221579526615,0.08916638823868561,0.0012813666730875362,0.6120278068603393,-0.06558973545670765,0.49858285047204687,0.3008636606782894,0.44680167375253454,0.5824215598145068,0.23699514538276556,0.2667198500620282,0.24714458126602082,40,-28.267823839872722,-20.714304439848604,-20.988129751508456,-14.023059334327693,-19.652028579055127,-14.378105421222209,-21.828590244079788,-15.105358773293748,-13.352527283543997,-27.822200008724213,-19.613212767547655,5.181457928527173,28,-16.634447467077823,-14.301630421411573,-13.410429382069333,-9.882057311348996,-14.212273847026367,-9.443879069517374,-14.348853483379449,-10.197386791537843,-9.429075334716499,-17.708360578059622,-12.956839368614487,2.8893710976211198,2,19.613212767547655,5.181457928527173,12.956839368614487,2.8893710976211198,0.2667198500620282,0.24714458126602082
GTB,10,20000,56.457966383298235,1.291091799736023,0.1754171528986082,0.004013156890869141,0.0007030423267440405,0.03,huber,2,5,300,1.0,"{'learning_rate': 0.03, 'loss': 'huber', 'max_depth': 2, 'min_samples_leaf': 5, 'n_estimators': 300, 'subsample': 1.0}",-0.02661004947986889,0.07903289655821921,0.12391566221276207,0.6092475162449945,0.16439428848488835,0.3396398066856843,0.2938274285406648,0.4758417986328679,0.5306026545450295,0.18524658847526276,0.27751385909005044,0.19858213212834153,24,-28.148228845311355,-20.829214353199202,-19.65735687282544,-14.073215738232621,-17.402557313405975,-16.500325619749486,-21.938158657422555,-14.70353666482383,-14.156788858256213,-28.750202739752112,-19.615958566297884,5.122139241402399,29,-16.559276942929717,-14.91346497616236,-12.4718125964986,-10.183177908758974,-13.127755614399282,-10.733459487334937,-14.276962684991423,-10.393279404767759,-9.405941202168819,-19.198913839229125,-13.126404465724098,2.9884181951381446,22,19.615958566297884,5.122139241402399,13.126404465724098,2.9884181951381446,0.27751385909005044,0.19858213212834153
GTB,10,20000,56.457966383298235,0.796764874458313,0.10148948623256061,0.0034854650497436524,0.00037708284957998535,0.03,squared_error,2,1,300,1.0,"{'learning_rate': 0.03, 'loss': 'squared_error', 'max_depth': 2, 'min_samples_leaf': 1, 'n_estimators': 300, 'subsample': 1.0}",-0.010108220580284932,0.13926964458528301,0.009867016453458999,0.49759669979610976,0.12488370681195027,0.30502512717953667,0.2899489061310593,0.4192745839423607,0.54361762744001,0.37739178389239025,0.26967668756518737,0.1861143149476084,33,-27.921083687216544,-20.136518723152513,-20.89772106585058,-15.95764184465604,-17.809234715848188,-16.92725836864017,-21.998321803881435,-15.476616920718463,-13.95914669019824,-25.132473974439687,-19.621601779460185,4.242718356934723,30,-16.986882967335237,-13.908967342814986,-13.533753350426245,-12.086651259756517,-14.075081537596043,-11.319574767596608,-14.888475918188949,-11.066986911157677,-10.361602300774615,-17.69687792861518,-13.592485428426206,2.3374019984148457,96,19.621601779460185,4.242718356934723,13.592485428426206,2.3374019984148457,0.26967668756518737,0.1861143149476084
GTB,10,20000,56.457966383298235,0.2713167667388916,0.0037959742608907722,0.00312347412109375,8.084701950058025e-05,0.03,squared_error,3,1,100,0.7,"{'learning_rate': 0.03, 'loss': 'squared_error', 'max_depth': 3, 'min_samples_leaf': 1, 'n_estimators': 100, 'subsample': 0.7}",-0.06908558449123614,0.17755643499467122,0.006149552667241265,0.537406126371206,-0.02764053772204078,0.3704350044433262,0.36466300246021344,0.40104373305937047,0.5969974885769798,0.30482750940996983,0.2662352729769701,0.22303747361663168,41,-28.72463734630089,-19.683570676469845,-20.936914659254573,-15.312369842519413,-19.298919149149228,-16.11099482446211,-20.80878981992974,-15.717670234068263,-13.117416745969498,-26.556699947249086,-19.626798324537265,4.7185479362441365,31,-17.78653196465256,-14.498380730354434,-14.04089241593505,-11.345471223761338,-15.072048780051464,-10.740350143760224,-14.065009342307599,-11.100640607857887,-10.071882026870815,-18.327138325700986,-13.704834556125235,2.7404840861563327,121,19.626798324537265,4.7185479362441365,13.704834556125235,2.7404840861563327,0.2662352729769701,0.22303747361663168
GTB,10,20000,56.457966383298235,0.8309213399887085,0.014105622738011254,0.0034197568893432617,0.0002356085463888059,0.03,huber,5,5,100,0.7,"{'learning_rate': 0.03, 'loss': 'huber', 'max_depth': 5, 'min_samples_leaf': 5, 'n_estimators': 100, 'subsample': 0.7}",-0.008415429629253568,0.21917849752136986,0.09155469426374552,0.58078317041636,-0.11319834703080955,0.38230038822376955,0.3298113346162933,0.46375741107078483,0.4914934775704942,0.2495456007138932,0.2686810797736648,0.2141398866931984,36,-27.897678087922603,-19.179033280360713,-20.017118335755846,-14.576787621483584,-20.086240077885787,-15.958451053773366,-21.371907690812137,-14.87206475247009,-14.734747706686294,-27.592431413566676,-19.62864600207171,4.700713727616854,32,-16.58774763344463,-13.359397500041695,-12.804438733168833,-10.627856683581996,-14.53458761724674,-10.841009363178621,-13.457358510783259,-10.167857606221268,-9.64276406847569,-17.78049475868225,-12.980351247482497,2.608315880810842,5,19.62864600207171,4.700713727616854,12.980351247482497,2.608315880810842,0.2686810797736648,0.2141398866931984
GTB,10,20000,56.457966383298235,0.6208418369293213,0.08831708713299731,0.0035133600234985352,0.0005842243855360995,0.03,huber,3,5,100,1.0,"{'learning_rate': 0.03, 'loss': 'huber', 'max_depth': 3, 'min_samples_leaf': 5, 'n_estimators': 100, 'subsample': 1.0}",-0.001721075504808045,0.17693156936869703,0.1319052941568849,0.5667173963447945,-0.15831779795665835,0.4539271291637931,0.370260430137211,0.43610300380858913,0.48676429953454303,0.21342153174791934,0.26759917808009653,0.2224102894443388,37,-27.80492468992453,-19.69104672219316,-19.56751691351579,-14.819313921880068,-20.48925830544037,-15.004701921197455,-20.7169225309377,-15.250725586852898,-14.803106690626004,-28.248724603597257,-19.639624188616526,4.796365955140999,33,-16.371373802100422,-13.620646759670185,-12.078402301338977,-10.862784944699525,-15.2103915182212,-10.564555143457657,-13.324837260697315,-10.801104622084768,-9.951359045815172,-18.571693273290492,-13.13571486713757,2.703332554720883,26,19.639624188616526,4.796365955140999,13.13571486713757,2.703332554720883,0.26759917808009653,0.2224102894443388
GTB,10,20000,56.457966383298235,1.3220545053482056,0.20529955015426576,0.003916549682617188,0.0006565077716268588,0.03,huber,2,1,300,1.0,"{'learning_rate': 0.03, 'loss': 'huber', 'max_depth': 2, 'min_samples_leaf': 1, 'n_estimators': 300, 'subsample': 1.0}",-0.0060186134837647565,0.13512916334597402,0.15197385044492384,0.553486841426875,0.13702872675460886,0.30717129401758836,0.29694406759629566,0.4945571713214916,0.5156157387542016,0.18416145357208735,0.27700496937502816,0.18057989938124466,25,-27.86450456520304,-20.184893252241576,-19.34001409220646,-15.04387106720293,-17.68522308137469,-16.90110144393881,-21.889693925217472,-14.438651550339458,-14.381012108064592,-28.769341946271485,-19.649830703206053,4.935509242796572,34,-16.35318306433449,-14.553734705971022,-12.138947712504041,-11.646559470786201,-13.28677931860569,-11.591122664278844,-13.777173029946876,-10.261080584604603,-9.320466021400769,-19.191195066560542,-13.212024163899306,2.7897010575631986,35,19.649830703206053,4.935509242796572,13.212024163899306,2.7897010575631986,0.27700496937502816,0.18057989938124466
GTB,10,20000,56.457966383298235,2.178187370300293,0.3421759683329369,0.004160881042480469,0.0007793340942755143,0.03,huber,2,1,500,1.0,"{'learning_rate': 0.03, 'loss': 'huber', 'max_depth': 2, 'min_samples_leaf': 1, 'n_estimators': 500, 'subsample': 1.0}",-0.014727657025501717,0.10853084119475886,0.1640132008776175,0.5225197723178214,0.16968689992413422,0.33888473198198077,0.2676083048624198,0.4997466251713626,0.5473001901099377,0.17733856316197594,0.27809014725765074,0.18291135933447877,22,-27.98485534178553,-20.492926950728084,-19.20223913543433,-15.556796398082817,-17.347357066801013,-16.509756396431058,-22.341712350464075,-14.364338461622939,-13.902714240043826,-28.88939105394442,-19.659208739533806,5.058446058032944,35,-16.005482867549514,-14.740373951760617,-12.304094122165402,-11.781036051832228,-13.108729027441195,-11.001551025054367,-14.284799894884522,-10.219769194033756,-8.94482137159785,-19.169787772113178,-13.156044527843264,2.858063281008927,31,19.659208739533806,5.058446058032944,13.156044527843264,2.858063281008927,0.27809014725765074,0.18291135933447877
GTB,10,20000,56.457966383298235,0.5217212915420533,0.06606854088420686,0.004309821128845215,0.0004574222713432376,0.03,huber,2,1,100,1.0,"{'learning_rate': 0.03, 'loss': 'huber', 'max_depth': 2, 'min_samples_leaf': 1, 'n_estimators': 100, 'subsample': 1.0}",0.0026203522690588787,0.14772080052504222,0.15188661785521707,0.5204348653462927,0.12218433448195065,0.4117613381587374,0.3301938900123854,0.39969977963665826,0.4504150596042379,0.2238215700416578,0.27607386079312385,0.1611882998066083,28,-27.744606428126644,-20.037418786557527,-19.341008776233476,-15.59072360843813,-17.836680634139306,-15.573235612637593,-21.365807091003813,-15.735294208979804,-15.31834519747315,-28.061352708053303,-19.660447305164276,4.581877274480828,36,-16.792029228492208,-14.434287265359067,-12.298696681042701,-11.805021129153003,-13.588570056480481,-11.202663604602446,-13.726244707338651,-11.29552902920109,-10.369030961375028,-19.026330156605173,-13.453840281964986,2.57962972525851,73,19.660447305164276,4.581877274480828,13.453840281964986,2.57962972525851,0.27607386079312385,0.1611882998066083
GTB,10,20000,56.457966383298235,1.849480104446411,0.26020827272612324,0.004044246673583984,0.0007589932832855077,0.03,huber,3,5,300,1.0,"{'learning_rate': 0.03, 'loss': 'huber', 'max_depth': 3, 'min_samples_leaf': 5, 'n_estimators': 300, 'subsample': 1.0}",-0.023047259047372703,0.10153320640699126,0.014134868835646408,0.6129428283771194,-0.16459032803339757,0.46738142748555256,0.33197882659888156,0.465274679657817,0.5401363478278909,0.25346046026328894,0.25992050583724174,0.2528571736820825,56,-28.099342999526126,-20.57319989441482,-20.852633836741703,-14.006513076878647,-20.544660185999973,-14.818704057539145,-21.337319703939176,-14.851010008493366,-14.012285653943938,-27.52036724904047,-19.661603666651736,4.9928280087645565,37,-16.23692647989601,-14.306951022342755,-13.712105209010197,-10.071768058819105,-15.341113788566945,-10.161199658177486,-13.914359626684222,-10.34532933875915,-8.924755225885374,-18.002214560019627,-13.101672296816087,2.902012733491042,16,19.661603666651736,4.9928280087645565,13.101672296816087,2.902012733491042,0.25992050583724174,0.2528571736820825
GTB,10,20000,56.457966383298235,0.4091604948043823,0.00992792843652267,0.003207969665527344,0.00014602174727142728,0.05,huber,2,1,100,1.0,"{'learning_rate': 0.05, 'loss': 'huber', 'max_depth': 2, 'min_samples_leaf': 1, 'n_estimators': 100, 'subsample': 1.0}",0.0016151390919189046,0.1120710802643996,0.1613775039059755,0.574923246726722,0.14224336104486157,0.3060012071398034,0.3144034902768601,0.46188264006556357,0.4614879541328797,0.2052980526280418,0.27413036752770265,0.17287013991377473,30,-27.75858416494239,-20.452195293580456,-19.232485698282304,-14.678313160835051,-17.63170930149101,-16.915367173907928,-21.616185044251797,-14.898039366737924,-15.16324497386021,-28.394220878753558,-19.674034505664263,4.752577859012908,38,-16.754631640101458,-14.710806489104556,-12.207774747353806,-11.022110097167603,-13.400570107609704,-11.597845214878326,-13.7159843470352,-10.772661508182287,-9.896715155949195,-19.189307683503984,-13.32684069908861,2.7574192591650206,60,19.674034505664263,4.752577859012908,13.32684069908861,2.7574192591650206,0.27413036752770265,0.17287013991377473
GTB,10,20000,56.457966383298235,3.3470550775527954,0.4332008557931756,0.027183961868286134,0.06879209873652187,0.03,huber,5,1,300,0.7,"{'learning_rate': 0.03, 'loss': 'huber', 'max_depth': 5, 'min_samples_leaf': 1, 'n_estimators': 300, 'subsample': 0.7}",-0.05014453418151765,0.20319411626469663,-0.0037681211742619514,0.5519217156950996,-0.06800410179442884,0.3226934970747677,0.34128239264289384,0.5252550975912839,0.5331010104377365,0.27242434802366755,0.2627955420579937,0.22745397021047684,46,-28.469042168889402,-19.374348019143667,-21.041120495452173,-15.07021402292061,-19.674279333333732,-16.7107019942575,-21.188215751739914,-13.993320176706149,-14.119064012635718,-27.168577265152486,-19.680888324023137,4.804956371263414,39,-16.613127958638053,-13.616728753966612,-13.91053906652363,-11.056791261529975,-15.219042510696081,-11.037571339312136,-13.924566748720949,-10.146747650746388,-9.800233948758667,-18.137845201876658,-13.346319444076915,2.6692306508802592,66,19.680888324023137,4.804956371263414,13.346319444076915,2.6692306508802592,0.2627955420579937,0.22745397021047684
GTB,10,20000,56.457966383298235,0.32582428455352785,0.03236759516099156,0.00426490306854248,0.0006754943922066865,0.1,squared_error,2,1,100,1.0,"{'learning_rate': 0.1, 'loss': 'squared_error', 'max_depth': 2, 'min_samples_leaf': 1, 'n_estimators': 100, 'subsample': 1.0}",-0.0178914394257903,0.2130899198506876,-0.028433590549153953,0.5044216663526859,0.04100578100578478,0.2992392075037593,0.2923997828162964,0.38885753211243224,0.5857500532271765,0.353648135740219,0.2632087048634097,0.2010702365763353,45,-28.028447869900386,-19.253663831411934,-21.29807198629528,-15.84888182785559,-18.64319608535393,-16.99757512336583,-21.960323285477486,-15.87675883248706,-13.299204704725444,-25.607213396263344,-19.68133369431363,4.369842565416549,40,-16.81867277792722,-13.32427382688831,-13.66551998038683,-11.930574618050338,-14.850823564284983,-11.051593217104063,-15.078208901728427,-11.3353857272932,-10.087952149560536,-18.037348005052113,-13.618035276827603,2.4621322900816534,102,19.68133369431363,4.369842565416549,13.618035276827603,2.4621322900816534,0.2632087048634097,0.2010702365763353
GTB,10,20000,56.457966383298235,0.6705413341522217,0.08728102998511399,0.004219675064086914,0.0009652455968410393,0.03,squared_error,2,5,300,0.7,"{'learning_rate': 0.03, 'loss': 'squared_error', 'max_depth': 2, 'min_samples_leaf': 5, 'n_estimators': 300, 'subsample': 0.7}",-0.06044331977889339,0.16801245663730202,-0.06561397704875804,0.6114876620623861,0.060735604136404886,0.3726274838102118,0.3038028394034161,0.3497205686773288,0.6139845967673351,0.2720943149630086,0.2626408229629742,0.22988149435133767,47,-28.60829977077787,-19.797449439547066,-21.679642591482736,-14.032817569803447,-18.45042195971636,-16.082916841230343,-21.782658072515297,-16.37723665542437,-12.837981856236832,-27.17473848845331,-19.682416324518762,4.98379490000741,41,-17.956271431400992,-14.064062386583487,-14.382732278347563,-10.225613095723602,-13.986699244836531,-10.025839957507063,-15.042539282994719,-11.487613795508976,-9.598728316493705,-18.605480853860346,-13.5375580643257,3.027951230906843,83,19.682416324518762,4.98379490000741,13.5375580643257,3.027951230906843,0.2626408229629742,0.22988149435133767
GTB,10,20000,56.457966383298235,0.6923254728317261,0.09425492059169857,0.004059028625488281,0.0007697019740792895,0.05,huber,3,5,100,1.0,"{'learning_rate': 0.05, 'loss': 'huber', 'max_depth': 3, 'min_samples_leaf': 5, 'n_estimators': 100, 'subsample': 1.0}",-0.020420657405382903,0.10205966597246519,0.035975270682335525,0.5954859234735503,-0.10342414283222423,0.45906069872470845,0.3723891678757496,0.4503625880275318,0.5069563547862137,0.2227388283848447,0.26211836976897923,0.23435469889213795,50,-28.06324827687163,-20.56717154421429,-20.620360391558435,-14.318887971011682,-19.997864153219492,-14.934006622749509,-20.68187770516565,-15.056664006839064,-14.508988049605682,-28.080918188014156,-19.682998690924958,4.9296136901773355,42,-16.64564686176278,-14.340088071848104,-13.68992086932465,-10.347323927985553,-14.959441728537586,-10.44866441485689,-13.344957667265598,-10.771078051095786,-9.428700659207532,-18.44188025688452,-13.2417702508769,2.8252218214105898,41,19.682998690924958,4.9296136901773355,13.2417702508769,2.8252218214105898,0.26211836976897923,0.23435469889213795
GTB,10,20000,56.457966383298235,3.4769372224807737,0.47480679436381173,0.00445554256439209,0.0006294772409163929,0.05,huber,5,1,300,0.7,"{'learning_rate': 0.05, 'loss': 'huber', 'max_depth': 5, 'min_samples_leaf': 1, 'n_estimators': 300, 'subsample': 0.7}",-0.028558075636970326,0.2263756438467931,-0.2182557800171323,0.5730944167734808,-0.056129194520317505,0.3262423091082436,0.3897034476938991,0.5105962753951088,0.5548357430766215,0.2738457552424658,0.25517505409621927,0.26114886048195324,61,-28.17492228098404,-19.090438215835583,-23.18042553909555,-14.709854908618667,-19.5645965619295,-16.666865839310276,-20.394600790021734,-14.20771547241387,-13.786517726431038,-27.142025736636707,-19.691796307127696,4.893148540354301,43,-16.794289819717125,-13.78933351622169,-15.26620909614851,-10.696641819580758,-15.247014077571375,-10.678077250876111,-12.665727633750848,-10.423076865177284,-9.669854954923508,-17.721768350922527,-13.295199338488974,2.7416609832820975,54,19.691796307127696,4.893148540354301,13.295199338488974,2.7416609832820975,0.25517505409621927,0.26114886048195324
GTB,10,20000,56.457966383298235,2.7914780139923097,0.3925633908174901,0.004321002960205078,0.0006797885185015074,0.03,huber,3,1,500,0.7,"{'learning_rate': 0.03, 'loss': 'huber', 'max_depth': 3, 'min_samples_leaf': 1, 'n_estimators': 500, 'subsample': 0.7}",-0.004015917265890678,0.08486099781673007,0.05497434236529619,0.569563245243613,0.03093350572823661,0.3446258835121824,0.2763844333643314,0.4695083223384653,0.5622429015898726,0.2623057598088857,0.26513834745017223,0.20811781409535746,44,-27.836755606402857,-20.763203616306257,-20.41615545865635,-14.770566284277699,-18.740844700942535,-16.437914392936673,-22.20745040739808,-14.792102367336934,-13.671338570575772,-27.35684526905665,-19.699317667388982,4.785993843389511,44,-15.9903188777721,-14.428717623194169,-13.455730087998308,-10.724057322409411,-13.74330064511279,-10.310136063526723,-14.98750763967014,-10.188846138877915,-9.667588102755571,-17.874639332620784,-13.137084183393792,2.6587711345553364,28,19.699317667388982,4.785993843389511,13.137084183393792,2.6587711345553364,0.26513834745017223,0.20811781409535746
GTB,10,20000,56.457966383298235,0.5895049571990967,0.009017082484457092,0.003596186637878418,0.000594540938199619,0.1,huber,3,1,100,1.0,"{'learning_rate': 0.1, 'loss': 'huber', 'max_depth': 3, 'min_samples_leaf': 1, 'n_estimators': 100, 'subsample': 1.0}",-0.016631841004679293,0.17204523637228653,0.016625138920461358,0.5463364029122084,0.030869165967728263,0.35728062403092276,0.38622102735275843,0.5048670631565282,0.48226951407785945,0.1930249684621591,0.26729073002482334,0.20413108634322347,38,-28.01110048094065,-19.749410417445564,-20.826280574663347,-15.163848531422637,-18.741466826180353,-16.27843943674851,-20.45270495652957,-14.290634924029327,-14.867786276483784,-28.612635774340408,-19.69943081987842,4.859640224939923,45,-16.506357515361998,-13.623375483332884,-13.999860684173582,-11.62542129252693,-13.974375360842242,-10.927500436814253,-13.787770347183374,-10.605484755149687,-9.418998102759367,-19.145097275998367,-13.36142412541427,2.764973712817228,68,19.69943081987842,4.859640224939923,13.36142412541427,2.764973712817228,0.26729073002482334,0.20413108634322347
GTB,10,20000,56.457966383298235,0.7069864988327026,0.11279193060897202,0.004019999504089355,0.0005802142848343827,0.03,squared_error,2,1,300,0.7,"{'learning_rate': 0.03, 'loss': 'squared_error', 'max_depth': 2, 'min_samples_leaf': 1, 'n_estimators': 300, 'subsample': 0.7}",-0.057889696650432754,0.11920285689048615,0.016148274261366447,0.5872361198649851,0.018074835365509245,0.3089172627043243,0.31546518774828847,0.3967673080913885,0.5517176719257115,0.3413697213471042,0.2597009541548731,0.21490615205349992,57,-28.573833596144883,-20.36989447405502,-20.831329571684346,-14.464163251593256,-18.86477231545767,-16.879792130345567,-21.599441419938273,-15.773680907484893,-13.834716038364485,-25.849292681339342,-19.704091638640772,4.558265025287695,46,-17.697064973632912,-14.444468992466128,-13.809966246621862,-10.5244694809286,-14.421078800443151,-10.912512573021951,-15.043937585896218,-11.365722960925893,-10.044197574853312,-18.18722582940195,-13.645064501819197,2.7503057172837284,111,19.704091638640772,4.558265025287695,13.645064501819197,2.7503057172837284,0.2597009541548731,0.21490615205349992
GTB,10,20000,56.457966383298235,1.911521553993225,0.275339715748765,0.003888845443725586,0.0005673583562307721,0.03,huber,3,1,300,1.0,"{'learning_rate': 0.03, 'loss': 'huber', 'max_depth': 3, 'min_samples_leaf': 1, 'n_estimators': 300, 'subsample': 1.0}",-0.011024529365544655,0.17196573342767485,0.03225459233103334,0.5410940826982072,-0.017736801040336703,0.4218228698482971,0.27281240988056066,0.5292163481038488,0.5304482773331625,0.20166740154123342,0.2672520384758137,0.21542311750999502,39,-27.933744971545952,-19.750358596416746,-20.660114477378105,-15.251209981146141,-19.20569873829439,-15.439474917420181,-22.262194862981715,-13.934818063336708,-14.1591166365776,-28.45900745347445,-19.705573869857197,5.041135854332537,47,-15.85032044870351,-13.877186927943008,-13.40739461933617,-11.518968746043944,-14.731793917078845,-10.201717969791751,-14.558724037224142,-10.354402352411492,-9.120538434166956,-18.746454152352122,-13.236750160505192,2.8111022487227744,40,19.705573869857197,5.041135854332537,13.236750160505192,2.8111022487227744,0.2672520384758137,0.21542311750999502
GTB,10,20000,56.457966383298235,0.2647538661956787,0.004996931214674215,0.003105449676513672,0.00012236531567923046,0.03,squared_error,3,5,100,0.7,"{'learning_rate': 0.03, 'loss': 'squared_error', 'max_depth': 3, 'min_samples_leaf': 5, 'n_estimators': 100, 'subsample': 0.7}",-0.06945214941915934,0.2334747396457182,-0.04618852648488447,0.590179409831785,0.0072465674265045354,0.3681666332230419,0.2985970949181339,0.4030794917398651,0.599977706473556,0.24064377488505162,0.26257247422396124,0.22922724263231842,48,-28.729561433927568,-19.00264548324866,-21.481130844946605,-14.412501281242784,-18.96850360848103,-16.139993305286755,-21.863945222564563,-15.690936547309628,-13.068824863049015,-27.755598500968336,-19.711364109102497,5.059418895544372,48,-18.02233021950744,-13.934113516177584,-14.71456134271873,-10.71084228128787,-14.66807414956736,-10.659694762124046,-14.654592878522635,-11.264463623046522,-9.744002121265005,-18.900145949480635,-13.727282084369785,2.973372643098846,128,19.711364109102497,5.059418895544372,13.727282084369785,2.973372643098846,0.26257247422396124,0.22922724263231842
GTB,10,20000,56.457966383298235,0.9376458644866943,0.13832273527099836,0.004053473472595215,0.0007786856734243679,0.05,huber,5,5,100,0.7,"{'learning_rate': 0.05, 'loss': 'huber', 'max_depth': 5, 'min_samples_leaf': 5, 'n_estimators': 100, 'subsample': 0.7}",0.00795643384458955,0.1945740490565666,-0.02116319935070754,0.6004850726432052,-0.1792635053267546,0.41931964496186247,0.3510043011138727,0.44003377658314013,0.5081287713931048,0.24343468262240298,0.25645100275412824,0.24156465111689207,60,-27.67028867347852,-19.478864644242805,-21.222656347709002,-14.230133587704493,-20.673680592310586,-15.472861516338206,-21.031277789346543,-15.197478298924333,-14.491727201424522,-27.704545635695332,-19.71735142871743,4.773572297977789,49,-16.498754263060274,-13.834128498413653,-13.528251170274617,-10.332881466098772,-15.228893595700356,-9.805858290561632,-13.095837406439589,-10.150577601909431,-9.394516245562919,-17.783581176888497,-12.965327971490975,2.8195507360898424,3,19.71735142871743,4.773572297977789,12.965327971490975,2.8195507360898424,0.25645100275412824,0.24156465111689207
GTB,10,20000,56.457966383298235,2.2023825645446777,0.3329510845079208,0.00424344539642334,0.0006811222490318342,0.03,huber,2,5,500,1.0,"{'learning_rate': 0.03, 'loss': 'huber', 'max_depth': 2, 'min_samples_leaf': 5, 'n_estimators': 500, 'subsample': 1.0}",-0.07340057253311971,0.05749770050784331,0.14023433990906808,0.5964760296101983,0.15708866709500835,0.3534587738946705,0.26177732509394047,0.4701930739757325,0.5565564307273472,0.182946677761731,0.27028284460424196,0.20882006348444246,32,-28.78254742086802,-21.071334417091684,-19.47341913860153,-14.301353470360379,-17.47846621146017,-16.3267665493971,-22.430473463187436,-14.782552559658214,-13.759847505040701,-28.790752616975915,-19.719751335264114,5.286245677001044,50,-17.100497167445276,-14.857014837871235,-12.353924939890636,-10.307619787155426,-13.240190288016874,-10.20666737270939,-14.644178913901193,-10.384523997127923,-9.223087076401628,-19.021426281019412,-13.133913066153898,3.0931644230965505,25,19.719751335264114,5.286245677001044,13.133913066153898,3.0931644230965505,0.27028284460424196,0.20882006348444246
GTB,10,20000,56.457966383298235,0.6244087219238281,0.0812329541232992,0.0036551713943481444,0.0006779770627206532,0.03,huber,3,1,100,1.0,"{'learning_rate': 0.03, 'loss': 'huber', 'max_depth': 3, 'min_samples_leaf': 1, 'n_estimators': 100, 'subsample': 1.0}",0.006131555704488423,0.17850318143551125,0.1540238815511511,0.5172091605932265,-0.09175227734088454,0.3770357424295925,0.33521930750983975,0.4899846785494357,0.5054273323729009,0.18942901198177853,0.266121157478704,0.2023107730119086,42,-27.695726923603562,-19.672238156324756,-19.316623527714754,-15.643069767996186,-19.89181566805205,-16.026313598534582,-21.285504555702623,-14.503814199466595,-14.531468204365998,-28.676315208056806,-19.724288980981793,4.804862879117287,51,-16.429634146573683,-13.685224446143646,-12.253096274800534,-11.728116699027431,-15.131226314005712,-10.898536914498457,-13.869772715007397,-10.718728514585367,-9.627137096573309,-18.944528309732863,-13.32860014309484,2.7378877359056917,61,19.724288980981793,4.804862879117287,13.32860014309484,2.7378877359056917,0.266121157478704,0.2023107730119086
GTB,10,20000,56.457966383298235,0.7992033958435059,0.07557137556696954,0.0036955833435058593,0.0006495174667157589,0.05,squared_error,2,1,300,1.0,"{'learning_rate': 0.05, 'loss': 'squared_error', 'max_depth': 2, 'min_samples_leaf': 1, 'n_estimators': 300, 'subsample': 1.0}",-0.03763150165546847,0.18107479272394467,0.01827130368752783,0.5198116242846791,0.11255587595190886,0.299244784551821,0.17484165316890588,0.40222034297554277,0.5826358390358151,0.3682872517717245,0.26213119664964013,0.1967947225442198,49,-28.298921967117522,-19.641423062555756,-20.808841726931487,-15.60085114222695,-17.934236062450243,-16.99750748510537,-23.714468692521955,-15.702224483721958,-13.349100937715408,-25.315565807239867,-19.73631413675865,4.542601773160735,52,-16.658300564419545,-13.394608128827453,-13.670711975600272,-11.67088550288507,-14.193928676441537,-10.953132833260439,-15.940912703675652,-10.928854192176743,-9.89945933953733,-17.838201346772298,-13.514899526359633,2.5432135439807673,80,19.73631413675865,4.542601773160735,13.514899526359633,2.5432135439807673,0.26213119664964013,0.1967947225442198
GTB,10,20000,56.457966383298235,0.2584675312042236,0.006879250088429119,0.003124499320983887,0.00010383830939135687,0.05,squared_error,2,5,100,1.0,"{'learning_rate': 0.05, 'loss': 'squared_error', 'max_depth': 2, 'min_samples_leaf': 5, 'n_estimators': 100, 'subsample': 1.0}",-0.04196123580534228,0.18816381656782055,0.02310264978068577,0.6437700000718349,0.0968031125536517,0.2743881372830508,0.3087800613819873,0.3710206717682034,0.4700972787679094,0.2782325350853193,0.26123970274551206,0.1964036767584943,53,-28.357902085518873,-19.556225320462378,-20.75757567383443,-13.437167074544806,-18.09270861858149,-17.296341794782634,-21.704654599395415,-16.106782800734834,-15.041547346666096,-27.05991752036628,-19.741082283488723,4.6525797143628305,53,-17.80331819670461,-13.743142138004309,-13.856801071511928,-10.002837358654887,-14.255369234722167,-11.79754229962475,-14.725465673052785,-11.619505723426355,-10.889026850169651,-18.796084613771857,-13.748909315964331,2.714557485816624,132,19.741082283488723,4.6525797143628305,13.748909315964331,2.714557485816624,0.26123970274551206,0.1964036767584943
GTB,10,20000,56.457966383298235,0.27801320552825926,0.004297903774838138,0.0032010555267333986,0.00013368254530521262,0.05,squared_error,3,1,100,0.7,"{'learning_rate': 0.05, 'loss': 'squared_error', 'max_depth': 3, 'min_samples_leaf': 1, 'n_estimators': 100, 'subsample': 0.7}",-0.06977289180402102,0.21282626726157106,-0.13438544446971412,0.6013549840867014,-0.07212768958608051,0.3988990287806453,0.3654320080997393,0.3695706081947273,0.5721320049605356,0.2843435916933803,0.25282724672174844,0.2516478708789488,64,-28.73386929251232,-19.256889011339897,-22.368274656790543,-14.214632662591885,-19.712224159057254,-15.742575563416034,-20.79619262985039,-16.125338588013527,-13.516036042419822,-26.945118632413948,-19.74111512384056,4.89258148627676,54,-17.40541161542883,-14.085335402658119,-14.717393660681422,-10.35746656797221,-15.507405085601658,-10.67807346839154,-14.204175462855503,-11.425038946035647,-10.230810235900929,-18.19439945305359,-13.680550989857945,2.7594509135079024,117,19.74111512384056,4.89258148627676,13.680550989857945,2.7594509135079024,0.25282724672174844,0.2516478708789488
GTB,10,20000,56.457966383298235,1.3167519330978394,0.20116537930294182,0.00412297248840332,0.0010270785373761484,0.05,huber,2,5,300,1.0,"{'learning_rate': 0.05, 'loss': 'huber', 'max_depth': 2, 'min_samples_leaf': 5, 'n_estimators': 300, 'subsample': 1.0}",-0.05290951433615243,0.06595812684719038,0.15356166950447947,0.598232209259078,0.1390604806014032,0.358001744738232,0.24801722983260588,0.47472228120237403,0.5417173420591685,0.16717645660740765,0.2693538026315786,0.20466573900278454,34,-28.50649634213597,-20.976547196494373,-19.321899774109326,-14.270199023545267,-17.664392032071962,-16.269304801391883,-22.63855461773166,-14.719230481574444,-13.988178055881532,-29.06727468563822,-19.74220770105746,5.277491038673583,55,-16.84524250568663,-14.928676073472053,-12.38169623138931,-10.367971106234002,-13.386236516052808,-9.992721232039804,-14.677611116154447,-10.328410978634627,-9.34674446950164,-19.107854300712454,-13.136316452987776,3.0891190740856618,27,19.74220770105746,5.277491038673583,13.136316452987776,3.0891190740856618,0.2693538026315786,0.20466573900278454
GTB,10,20000,56.457966383298235,1.3892736911773682,0.1983931967597972,0.004324436187744141,0.0008932278230113249,0.03,squared_error,2,1,500,1.0,"{'learning_rate': 0.03, 'loss': 'squared_error', 'max_depth': 2, 'min_samples_leaf': 1, 'n_estimators': 500, 'subsample': 1.0}",-0.03577478310394633,0.14709542985203405,0.019665054666230697,0.5004693294578886,0.11958009909193357,0.3213374936629535,0.17606570814059874,0.41859541189585026,0.5731288438883655,0.3739615455022336,0.2614124133054142,0.19557888765863826,51,-28.27359184785038,-20.04476879361016,-20.794065422371297,-15.911955331886528,-17.86311927953983,-16.727421484359443,-23.69687292650636,-15.485664410111369,-13.500282156109531,-25.201612123882757,-19.74993537762277,4.514386753529622,56,-16.662446609875467,-13.76328147139446,-13.607594631238863,-11.923582382607322,-14.157359942936015,-10.915486923670509,-15.851609708836108,-10.819893861357496,-9.695709084328584,-17.678289058986007,-13.507525367523083,2.536179891015324,79,19.74993537762277,4.514386753529622,13.507525367523083,2.536179891015324,0.2614124133054142,0.19557888765863826
GTB,10,20000,56.457966383298235,3.123755669593811,0.3722155430484684,0.0041599273681640625,0.0005626559155217524,0.03,huber,3,1,500,1.0,"{'learning_rate': 0.03, 'loss': 'huber', 'max_depth': 3, 'min_samples_leaf': 1, 'n_estimators': 500, 'subsample': 1.0}",-0.030578252180886167,0.20144135845017097,-0.05762923572910483,0.5500243724969709,-0.029270151552597046,0.4202079820439354,0.2522347418906177,0.5197473557928619,0.5379296636476272,0.2390984999572493,0.2603206334816845,0.2296564503597804,55,-28.202577693819254,-19.395645480791188,-21.598266109144596,-15.102086983561609,-19.314215026528842,-15.461021631064972,-22.574980935757107,-14.07425769211937,-14.045864828943346,-27.78382519559075,-19.755274157732106,5.024438864138701,57,-16.193756928223067,-13.562257860435658,-14.17873320044188,-11.366314882535704,-14.99059147583565,-9.929574319188248,-14.641307820396884,-10.461532070099233,-9.335514268290892,-18.673019975715636,-13.333260280116287,2.8566277758270813,62,19.755274157732106,5.024438864138701,13.333260280116287,2.8566277758270813,0.2603206334816845,0.2296564503597804
GTB,10,20000,56.457966383298235,1.1741144180297851,0.17404369522339758,0.0041722536087036135,0.000908884008669696,0.05,huber,2,5,300,0.7,"{'learning_rate': 0.05, 'loss': 'huber', 'max_depth': 2, 'min_samples_leaf': 5, 'n_estimators': 300, 'subsample': 0.7}",-0.02360183220483858,0.015564029370049415,-0.04295524126896,0.611101280760415,0.06398489435220489,0.4642954864068427,0.34162776036864506,0.4086144280842031,0.5260975895653988,0.2195218572751083,0.2584250252709069,0.23163817457288963,58,-28.106958009477133,-21.5349847009938,-21.447911034586546,-14.039793758709264,-18.41848062663507,-14.86157113243726,-21.182660499205745,-15.618020139202978,-14.224561884592191,-28.138969604573433,-19.75739113904134,5.041968466477859,58,-16.83125801389715,-14.876969483276543,-13.794762522864861,-9.703107985346985,-13.273586769908551,-9.869252710840462,-14.135427522973968,-10.736078696570791,-9.193149078360936,-18.416199463594307,-13.082979224763454,2.9958660771658683,12,19.75739113904134,5.041968466477859,13.082979224763454,2.9958660771658683,0.2584250252709069,0.23163817457288963
GTB,10,20000,56.457966383298235,1.9633777856826782,0.2644804802888017,0.004425334930419922,0.000872020558783779,0.05,huber,3,1,300,1.0,"{'learning_rate': 0.05, 'loss': 'huber', 'max_depth': 3, 'min_samples_leaf': 1, 'n_estimators': 300, 'subsample': 1.0}",-0.030653985867302058,0.1875387035725692,0.0033426403092171597,0.5523139031630344,-0.011049455814622577,0.35325673766784893,0.26428121949687244,0.5242453213735901,0.5221805140105837,0.2460590334383782,0.2611514631350169,0.21493698061860458,54,-28.20361393048172,-19.563753007981372,-20.96645967216806,-15.063617359867052,-19.142496339571967,-16.32931730758854,-22.392401453547514,-14.008194076544978,-14.283227992924138,-27.656453550752694,-19.7609534691428,4.892416462629145,59,-16.049688278518666,-13.601160763796928,-13.78917630129924,-11.46062958405277,-14.876906587034686,-10.444792593986186,-14.46534522051229,-10.392236459234866,-9.37442603559677,-18.06552875246633,-13.251989057649874,2.642411155701967,47,19.7609534691428,4.892416462629145,13.251989057649874,2.642411155701967,0.2611514631350169,0.21493698061860458
GTB,10,20000,56.457966383298235,2.268544387817383,0.3088905909628702,0.004919815063476563,0.0014968995942347908,0.05,huber,2,1,500,1.0,"{'learning_rate': 0.05, 'loss': 'huber', 'max_depth': 2, 'min_samples_leaf': 1, 'n_estimators': 500, 'subsample': 1.0}",-0.013207293444376544,0.052935744658261896,0.1172916699475205,0.536664743735604,0.14979679699709858,0.33344299425432744,0.24209579918924673,0.4313225026371813,0.5566427708620383,0.25257444868843293,0.26595601775253347,0.18690499978333036,43,-27.963882668176538,-21.122268223148083,-19.731530655876064,-15.324635223567498,-17.553904901081683,-16.577564273779807,-22.727512618821798,-15.315234039702219,-13.758507892739146,-27.536693332405584,-19.761173382929844,4.784186639354518,60,-15.885505616479632,-15.02900718188247,-12.829421818151785,-11.186594945459978,-13.180735137635248,-10.355122443084646,-14.267761055155662,-10.891811996098832,-8.873511028025392,-18.80625864987202,-13.130572987184568,2.8179837214549615,24,19.761173382929844,4.784186639354518,13.130572987184568,2.8179837214549615,0.26595601775253347,0.18690499978333036
GTB,10,20000,56.457966383298235,0.2770247459411621,0.01118201773656943,0.003378129005432129,0.00046408649459807197,0.05,squared_error,3,5,100,0.7,"{'learning_rate': 0.05, 'loss': 'squared_error', 'max_depth': 3, 'min_samples_leaf': 5, 'n_estimators': 100, 'subsample': 0.7}",-0.056367369353273356,0.12344679013345017,-0.1367649656816301,0.6238954351116146,-0.08917826568653897,0.42461403821218346,0.3410983654405184,0.3448629714231861,0.630243368050442,0.27232028745886006,0.2478170655108812,0.26591860238516696,73,-28.553266996815417,-20.32076122129379,-22.391722551644904,-13.806918904678776,-19.868352478874378,-15.402162554793621,-21.19117524130744,-16.438291950172623,-12.56470875631991,-27.170520070966855,-19.77078807268677,5.08696854833502,61,-17.46628945850834,-14.529699324388742,-15.501884954422321,-10.037481991530354,-15.474481771858814,-10.056525688406724,-14.565524618000683,-11.150512465222468,-9.530512080829991,-18.046616283552122,-13.635952863672054,3.0239635785765953,109,19.77078807268677,5.08696854833502,13.635952863672054,3.0239635785765953,0.2478170655108812,0.26591860238516696
GTB,10,20000,56.457966383298235,1.9355246543884277,0.2841295589784409,0.004226517677307129,0.0007060190562480054,0.03,huber,2,1,500,0.7,"{'learning_rate': 0.03, 'loss': 'huber', 'max_depth': 2, 'min_samples_leaf': 1, 'n_estimators': 500, 'subsample': 0.7}",0.004279174924779472,0.0044049822543286155,0.07640808680097633,0.5761493787179747,0.13272930602472932,0.3097608796086516,0.2986383648529891,0.4194296123279968,0.529949672051501,0.26069315809389315,0.26124426156578207,0.19565809387289806,52,-27.721524678838488,-21.656695377002247,-20.183302294885493,-14.657128108465061,-17.729223239321072,-16.869486254039334,-21.86330198537389,-15.47455099160679,-14.16663224863177,-27.386730016863968,-19.77085751950281,4.668206144190383,62,-16.083888697436503,-15.18255288520174,-12.788651014990986,-10.40873576399927,-13.120593611939853,-10.514522100973238,-14.432083904594492,-10.653146871645996,-9.346550459410917,-18.15102366653206,-13.068174897672506,2.7316334425184503,10,19.77085751950281,4.668206144190383,13.068174897672506,2.7316334425184503,0.26124426156578207,0.19565809387289806
GTB,10,20000,56.457966383298235,0.7281938791275024,0.10737014883469416,0.0041419267654418945,0.0006121493313708911,0.05,squared_error,2,1,300,0.7,"{'learning_rate': 0.05, 'loss': 'squared_error', 'max_depth': 2, 'min_samples_leaf': 1, 'n_estimators': 300, 'subsample': 0.7}",-0.03402865620718187,0.12553492518037546,-0.06840427533394311,0.5470230437505123,0.016516268243707777,0.2534377086914005,0.37696939655502104,0.36880700220807394,0.5983452460327174,0.32360637494514743,0.2507807034065831,0.2229992869104385,69,-28.24974974218678,-20.296542614741405,-21.708007985877394,-15.152368592846807,-18.879737995666964,-17.544261693836905,-20.606272580154645,-16.13510152011503,-13.095464150769882,-26.195552977085626,-19.78630598532815,4.502828164882531,63,-16.92996651110637,-13.991338097196813,-14.206707773308281,-11.035632021035841,-14.388180592846316,-11.33626956836746,-14.999008645993333,-11.010221644534065,-9.86002483748082,-18.173066802305602,-13.59304164941749,2.597992516720581,97,19.78630598532815,4.502828164882531,13.59304164941749,2.597992516720581,0.2507807034065831,0.2229992869104385
GTB,10,20000,56.457966383298235,0.9401650428771973,0.13179023365263967,0.004384946823120117,0.00104582580154932,0.03,squared_error,3,1,300,0.7,"{'learning_rate': 0.03, 'loss': 'squared_error', 'max_depth': 3, 'min_samples_leaf': 1, 'n_estimators': 300, 'subsample': 0.7}",-0.06544479458747099,0.14735356035721736,-0.07803311683305858,0.5645285734934112,-0.025779575892673767,0.3350736400068066,0.2852017366654025,0.4344595030039917,0.6399679825139876,0.28086730402073357,0.2518194812748347,0.2425132452517628,68,-28.67568450254982,-20.041735301925343,-21.805608742364363,-14.856698287586234,-19.281436953388017,-16.557274420513174,-22.071736095968248,-15.272933847911553,-12.39838169185772,-27.010482059086705,-19.797197190315117,5.005088668456312,64,-17.320297344749118,-13.95926673769956,-14.181412266159931,-10.89780950880409,-14.7186207297845,-10.515033852316764,-15.036887491884967,-10.33690267377508,-9.525597318970066,-18.087123626153872,-13.457895155029798,2.856981530641289,74,19.797197190315117,5.005088668456312,13.457895155029798,2.856981530641289,0.2518194812748347,0.2425132452517628
GTB,10,20000,56.457966383298235,1.7562963962554932,0.26759783403574317,0.004421210289001465,0.0008771178410594561,0.05,huber,3,1,300,0.7,"{'learning_rate': 0.05, 'loss': 'huber', 'max_depth': 3, 'min_samples_leaf': 1, 'n_estimators': 300, 'subsample': 0.7}",-0.01961783363497438,0.10622412578697327,0.00398661221990948,0.49739316995166616,0.04252661901142074,0.4170894579442569,0.22839289754351255,0.45523591614651826,0.5364967350260292,0.3080782993761245,0.25758059993714366,0.2033525996240124,59,-28.052206616869118,-20.51942299392186,-20.959685030584293,-15.960873837251272,-18.628407398075,-15.50254592481693,-22.93204887630296,-14.989765872088764,-14.067626821138807,-26.49453450147915,-19.810711787252814,4.638586130134601,65,-15.959568497583424,-14.364851548742832,-13.570701427440216,-11.71169395506327,-14.174327163953444,-9.700266219906323,-14.907246320051675,-10.50506208475773,-9.506688095461207,-17.391625143198308,-13.179203045615841,2.567203755170889,33,19.810711787252814,4.638586130134601,13.179203045615841,2.567203755170889,0.25758059993714366,0.2033525996240124
GTB,10,20000,56.457966383298235,2.973728966712952,0.38004979143155904,0.004405379295349121,0.000733248773851152,0.03,huber,3,5,500,1.0,"{'learning_rate': 0.03, 'loss': 'huber', 'max_depth': 3, 'min_samples_leaf': 5, 'n_estimators': 500, 'subsample': 1.0}",-0.0420996017493227,0.12137619906308794,-0.025608558361908562,0.6023254083255252,-0.1730979937540975,0.4227655989602894,0.31002525001109504,0.49194843499103125,0.5643667277708425,0.221770173672599,0.24937716389291414,0.2593416576671904,72,-28.35978489915062,-20.34474788155591,-21.268799743834442,-14.197320732670232,-20.619565944809228,-15.426882599501498,-21.68509601163645,-14.475864619410485,-13.63813425491848,-28.098410535075697,-19.811460722256303,5.154035287831527,66,-16.254152066948322,-14.266311800331142,-14.20677994627507,-10.045398186716833,-15.407517874774717,-10.238604004030869,-14.23651295278456,-10.140170216420195,-9.106745996343902,-18.34008238347272,-13.224227542809832,2.9779054466411883,37,19.811460722256303,5.154035287831527,13.224227542809832,2.9779054466411883,0.24937716389291414,0.2593416576671904
GTB,10,20000,56.457966383298235,5.630689859390259,0.4807783049893918,0.004866385459899902,0.0006842138148473796,0.05,huber,5,1,500,0.7,"{'learning_rate': 0.05, 'loss': 'huber', 'max_depth': 5, 'min_samples_leaf': 1, 'n_estimators': 500, 'subsample': 0.7}",-0.03380436786066987,0.20798395203071496,-0.24552058691038514,0.5643503873891231,-0.06640649629869877,0.31336974905477166,0.3910448143184009,0.507239316296036,0.5525710836087825,0.26275151312055345,0.24535793647486287,0.26614995045700196,81,-28.246685787796206,-19.316027774705944,-23.438381517861934,-14.859737507020263,-19.659558650118374,-16.825327963897816,-20.37217588445782,-14.256359576186272,-13.82154093404794,-27.34857880417768,-19.814437440027028,4.9180626850163005,67,-16.85134175637354,-13.908158723897976,-15.433677347579302,-10.767531381000978,-15.29262142393814,-10.781182585677184,-12.638880144900186,-10.43594426364195,-9.749380762532665,-17.857932741090252,-13.371665113063216,2.7610328976830596,70,19.814437440027028,4.9180626850163005,13.371665113063216,2.7610328976830596,0.24535793647486287,0.26614995045700196
GTB,10,20000,56.457966383298235,5.621853613853455,0.5602963527947011,0.004966354370117188,0.0006943575186358288,0.03,huber,5,1,500,0.7,"{'learning_rate': 0.03, 'loss': 'huber', 'max_depth': 5, 'min_samples_leaf': 1, 'n_estimators': 500, 'subsample': 0.7}",-0.05670234362223714,0.18243279146205071,-0.017892907000763847,0.5440600151219682,-0.07721066365109674,0.29438650719063153,0.3173367375244658,0.5313030520241211,0.5285577552754708,0.276123583767508,0.2522394528092119,0.22973874167367925,67,-28.55779376084733,-19.625130918632344,-21.18864613905582,-15.201845415200127,-19.758896886226697,-17.056326863368344,-21.56989427534345,-13.903901386257049,-14.187591915758734,-27.099422225912882,-19.81494497866028,4.795886639676055,68,-16.740142863563136,-13.73267607164477,-13.961453245721554,-11.132127953075313,-15.313256333503478,-11.239936486948999,-14.354614079349236,-10.082860456111542,-9.982156207420283,-18.06784959980773,-13.460707329714605,2.6533083186152,75,19.81494497866028,4.795886639676055,13.460707329714605,2.6533083186152,0.2522394528092119,0.22973874167367925
GTB,10,20000,56.457966383298235,0.581059193611145,0.01704525433918466,0.0033670663833618164,0.0005631103053932869,0.05,huber,3,1,100,1.0,"{'learning_rate': 0.05, 'loss': 'huber', 'max_depth': 3, 'min_samples_leaf': 1, 'n_estimators': 100, 'subsample': 1.0}",-0.013014071866567889,0.16967847470347597,0.10907945194255808,0.521402911489875,-0.08240944856451016,0.2559177524982007,0.3440794087330018,0.5187851514425968,0.5241043843643736,0.20111183033165336,0.2548735845074657,0.20929866056206017,62,-27.96121614416263,-19.77761775038997,-19.823103652078725,-15.574980007737132,-19.806519240103018,-17.515096858440742,-21.14318368912834,-14.088349791136789,-14.254444324982618,-28.468908248835177,-19.84134197069951,4.795740395544488,69,-16.338249811211824,-13.806002215712343,-12.673749500099516,-11.648678866568131,-14.932967309477196,-11.482875210059996,-13.404001408607956,-10.500305113988857,-9.103297645567418,-18.77032993727519,-13.266045701856843,2.7193560845628344,49,19.84134197069951,4.795740395544488,13.266045701856843,2.7193560845628344,0.2548735845074657,0.20929866056206017
GTB,10,20000,56.457966383298235,1.7738612413406372,0.24435486284115449,0.003928709030151367,0.0007140829548588972,0.05,huber,3,5,300,1.0,"{'learning_rate': 0.05, 'loss': 'huber', 'max_depth': 3, 'min_samples_leaf': 5, 'n_estimators': 300, 'subsample': 1.0}",-0.04893811735046283,0.0813582955403438,-0.09066676332550339,0.5697740843623322,-0.14078816064337696,0.4321899465332705,0.3111198188653985,0.4843501354221358,0.580508756987751,0.25791679397943745,0.24368247903713264,0.2625980037740615,84,-28.452684705553022,-20.802901335533797,-21.933008323853002,-14.766948337398132,-20.333628072267324,-15.300429094279474,-21.667888677787644,-14.583711693263936,-13.383074322885314,-27.438105358352157,-19.866237992117377,5.064181870867135,70,-16.60302115695969,-14.675498450069608,-14.472306823706075,-10.546165674853558,-15.16325175012722,-10.611939182073774,-14.271616374211721,-10.123820698430276,-8.717707785932356,-18.06448708856952,-13.324981498493377,2.9526408739955037,59,19.866237992117377,5.064181870867135,13.324981498493377,2.9526408739955037,0.24368247903713264,0.2625980037740615
GTB,10,20000,56.457966383298235,0.21079232692718505,0.00789043720107621,0.003855299949645996,0.0008434292503553248,0.1,squared_error,2,1,100,0.7,"{'learning_rate': 0.1, 'loss': 'squared_error', 'max_depth': 2, 'min_samples_leaf': 1, 'n_estimators': 100, 'subsample': 0.7}",0.021401765681337892,0.1770899016750449,-0.20600129246432886,0.58864924086999,0.004497932050239184,0.25712055889527374,0.3618482761858697,0.36567352264773856,0.508317422077698,0.33433879305755876,0.2412936120676422,0.23226898229238171,88,-27.482138974933775,-19.68915266413043,-23.063544416870737,-14.439382574365363,-18.994744495672034,-17.500934585857113,-20.85483335219065,-16.175102294661833,-14.488947880045211,-25.986898001536666,-19.867567924026382,4.301633526307329,71,-16.69396329259669,-13.779663251404209,-15.130540444671977,-10.500619887827938,-14.491270050166927,-11.294766715686379,-15.096699926315956,-11.407587009277323,-10.48525712778362,-17.701284243082515,-13.658165194881354,2.4738061921808816,113,19.867567924026382,4.301633526307329,13.658165194881354,2.4738061921808816,0.2412936120676422,0.23226898229238171
GTB,10,20000,56.457966383298235,1.1582147836685182,0.14734501038942258,0.004565310478210449,0.0014609554206620923,0.03,squared_error,2,1,500,0.7,"{'learning_rate': 0.03, 'loss': 'squared_error', 'max_depth': 2, 'min_samples_leaf': 1, 'n_estimators': 500, 'subsample': 0.7}",-0.046581648896206085,0.0758639983708409,0.02398862752989228,0.58293547668166,-0.006247670238147318,0.28302008601368633,0.27723160329522234,0.3922437488645393,0.5623077222546891,0.3277426157657608,0.24725045596419376,0.21712753402051782,75,-28.420706864625515,-20.865018551930902,-20.74816070211598,-14.53932003686674,-19.09698543051128,-17.193154519768377,-22.194446960006612,-15.832712781129862,-13.670326344770544,-26.115335434027955,-19.867616762575373,4.584734138588751,72,-17.17903990784198,-14.408667412556088,-13.69254403558339,-10.44506997648003,-14.564016385399718,-10.912955263554812,-15.639759010498983,-10.893758591885137,-10.033342166583877,-18.275971109689134,-13.604512386007315,2.786486393073021,99,19.867616762575373,4.584734138588751,13.604512386007315,2.786486393073021,0.24725045596419376,0.21712753402051782
GTB,10,20000,56.457966383298235,1.8026158094406128,0.22779198411279045,0.00398557186126709,0.0006673420360893669,0.1,huber,3,5,300,1.0,"{'learning_rate': 0.1, 'loss': 'huber', 'max_depth': 3, 'min_samples_leaf': 5, 'n_estimators': 300, 'subsample': 1.0}",-0.04612615560035849,0.14413796595287398,-0.14782703817307974,0.5386453299260857,-0.10214145291755727,0.4158603396279854,0.3784506900339617,0.44873209660022184,0.5434308406918125,0.26443333122002644,0.24375959473619718,0.2517752535352337,83,-28.414521561123784,-20.079491540413045,-22.500407802710527,-15.291846583349399,-19.986237383146733,-15.518881561113323,-20.581761663866605,-15.078980156885857,-13.962002975896107,-27.31736707783624,-19.873149830634162,4.834305471784104,73,-16.23704470157583,-13.901949995902742,-14.469868108408182,-10.284730890926985,-15.407765973560739,-10.701217833839943,-13.399283470393115,-10.244064624223462,-9.432793082705983,-18.182545235800216,-13.22612639173372,2.805956577773604,38,19.873149830634162,4.834305471784104,13.22612639173372,2.805956577773604,0.24375959473619718,0.2517752535352337
GTB,10,20000,56.457966383298235,0.4678536891937256,0.05770363886223585,0.004421806335449219,0.000930384992612082,0.03,squared_error,5,5,100,0.7,"{'learning_rate': 0.03, 'loss': 'squared_error', 'max_depth': 5, 'min_samples_leaf': 5, 'n_estimators': 100, 'subsample': 0.7}",-0.03913908368567487,0.24917575870778708,-0.021504348010263907,0.5550499167471453,-0.06122286278456768,0.31083183917434365,0.25033708184729553,0.43878641965942766,0.5557607042556576,0.2622021054043242,0.25002775313154746,0.21913722928206916,70,-28.31947235571312,-18.807019438944966,-21.226201068171914,-15.017516503764288,-19.61171944013896,-16.85639401506815,-22.60360789717771,-15.214395511030315,-13.7721874827082,-27.35876717500972,-19.878728088772736,4.790296158455606,74,-17.748846242531084,-13.891687478602893,-14.19784452145935,-10.72114974172013,-14.200494342875322,-10.980839298828043,-15.172150930447017,-10.501710064036299,-10.431487087976084,-18.496729183617624,-13.634293889209383,2.8149694311581253,106,19.878728088772736,4.790296158455606,13.634293889209383,2.8149694311581253,0.25002775313154746,0.21913722928206916
GTB,10,20000,56.457966383298235,1.8232448101043701,0.3001694578287209,0.004255986213684082,0.0007576123422760271,0.03,huber,2,5,500,0.7,"{'learning_rate': 0.03, 'loss': 'huber', 'max_depth': 2, 'min_samples_leaf': 5, 'n_estimators': 500, 'subsample': 0.7}",-0.021392522170989192,0.013445849907096852,0.0031730993147924824,0.6007465193692094,0.09607073505848285,0.3933985852811488,0.3211652878136877,0.4056504922889156,0.5290893324959716,0.18482809997098426,0.25261754793293006,0.21660495609936345,65,-28.0766090370297,-21.558140321565613,-20.968242894470897,-14.22547665194034,-18.100042571862367,-15.814438663106145,-21.50932448949843,-15.657108811112822,-14.179591012244668,-28.757585393566465,-19.884655984639746,5.046275611943972,75,-16.41338813551997,-15.143816088442726,-13.091182674208884,-9.911046877897009,-13.134313608034503,-10.279613896709682,-14.488167655484018,-10.62623583205367,-9.493873052554465,-18.57141403900458,-13.115305185990952,2.902855135103888,21,19.884655984639746,5.046275611943972,13.115305185990952,2.902855135103888,0.25261754793293006,0.21660495609936345
GTB,10,20000,56.457966383298235,0.3464691162109375,0.00797256122198519,0.0035404682159423826,0.0006982431200593734,0.03,squared_error,3,1,100,1.0,"{'learning_rate': 0.03, 'loss': 'squared_error', 'max_depth': 3, 'min_samples_leaf': 1, 'n_estimators': 100, 'subsample': 1.0}",-0.11429287291815848,0.1755386518539077,0.03711063130443604,0.5454665636996568,-0.10056958833651897,0.2792052901347919,0.38483470608964776,0.4535948194872971,0.49732494764613544,0.29639391121509406,0.24546070601762895,0.22745886875407442,79,-29.32567342787841,-19.707701722085318,-20.60821420813054,-15.178378894490104,-19.971980198759365,-17.23883317961224,-20.475789836044758,-15.01232715753323,-14.650016239718207,-26.717302784298127,-19.88862176485503,4.658541544992314,76,-18.559001949870243,-14.324087754036592,-13.65538813635612,-11.296940258991704,-15.74539481762028,-12.150617944037311,-13.848756318034603,-11.245892425510641,-10.876491954582997,-18.939488691061698,-14.064206025010218,2.765918438695956,183,19.88862176485503,4.658541544992314,14.064206025010218,2.765918438695956,0.24546070601762895,0.22745886875407442
GTB,10,20000,56.457966383298235,1.0583154439926148,0.09197877720515601,0.003750109672546387,0.00048442342485958517,0.03,squared_error,3,1,300,1.0,"{'learning_rate': 0.03, 'loss': 'squared_error', 'max_depth': 3, 'min_samples_leaf': 1, 'n_estimators': 300, 'subsample': 1.0}",-0.11738296135170656,0.14088766644352912,-0.0196070975042979,0.5572603434868001,-0.07688589779471311,0.3362189842937794,0.25491513984706016,0.5126311992400227,0.5853142617872082,0.28573450798511435,0.24590861464327968,0.2471447492970766,78,-29.366307353087947,-20.117583261285965,-21.206480086410675,-14.980167988992532,-19.755918128672192,-16.54300821436846,-22.534484098913207,-14.178147108337315,-13.306198255538934,-26.918921261658024,-19.890721575726523,5.091982239346296,77,-17.86199146231194,-14.233738451342866,-14.26034535314101,-10.909954822728784,-15.499663966064505,-10.951498137710946,-15.159903233178577,-10.72561218078543,-9.683845870263253,-18.528868027031304,-13.781542150455863,2.947163230857297,141,19.890721575726523,5.091982239346296,13.781542150455863,2.947163230857297,0.24590861464327968,0.2471447492970766
GTB,10,20000,56.457966383298235,3.1834158420562746,0.3664900929854769,0.004485821723937989,0.0008185165281417762,0.05,huber,3,1,500,1.0,"{'learning_rate': 0.05, 'loss': 'huber', 'max_depth': 3, 'min_samples_leaf': 1, 'n_estimators': 500, 'subsample': 1.0}",-0.03558613533822452,0.20385832246901936,-0.01960345090583271,0.552496311549357,-0.0027625900387464597,0.22104223582520988,0.2699657919209748,0.5220103600682735,0.5266445933137736,0.25577210915313975,0.24938375480169445,0.21530351434128317,71,-28.271016967238378,-19.366271243291926,-21.206442164162457,-15.06054823386572,-19.0638860978601,-17.9208674223483,-22.305725629569242,-14.041058797024615,-14.216350135637464,-27.477726004326655,-19.892989269532485,4.795226289680543,78,-16.28789114993366,-13.510071377017502,-13.876372532729729,-11.39434023515305,-14.814457408251513,-11.043432514664262,-14.389775264653727,-10.276504015038043,-9.70438265544019,-18.109775670636278,-13.340700282351795,2.5825573577262344,65,19.892989269532485,4.795226289680543,13.340700282351795,2.5825573577262344,0.24938375480169445,0.21530351434128317
GTB,10,20000,56.457966383298235,1.2075612545013428,0.1909675125566235,0.004374313354492188,0.0009695143451097064,0.05,huber,2,1,300,0.7,"{'learning_rate': 0.05, 'loss': 'huber', 'max_depth': 2, 'min_samples_leaf': 1, 'n_estimators': 300, 'subsample': 0.7}",0.008368942280269964,0.034341148033011915,0.05965961266513453,0.5479312007161914,0.12010360262229514,0.3586070316316694,0.2935966921804821,0.39662170703638044,0.5126207403727564,0.21587672462374985,0.2547727402161941,0.18757936734005934,63,-27.664535189111113,-21.328616892526192,-20.36548272757577,-15.137171756768726,-17.857807725069083,-16.261633503926287,-21.94174242551498,-15.77558442336168,-14.425403243551942,-28.204602957692234,-19.896258084509803,4.719697404628389,79,-16.28124020474919,-14.852102757441212,-13.641208207314408,-10.741898361208928,-13.224624600149246,-10.147053503320624,-14.520475272439706,-11.255144316190671,-9.204079790576023,-18.756739843618913,-13.262456685700892,2.830430143311855,48,19.896258084509803,4.719697404628389,13.262456685700892,2.830430143311855,0.2547727402161941,0.18757936734005934
GTB,10,20000,56.457966383298235,0.34005305767059324,0.009832206061300875,0.003506302833557129,0.0007440539593983428,0.03,squared_error,3,5,100,1.0,"{'learning_rate': 0.03, 'loss': 'squared_error', 'max_depth': 3, 'min_samples_leaf': 5, 'n_estimators': 100, 'subsample': 1.0}",-0.06534688479843287,0.18934508776452097,0.004056555313989629,0.5553145715594997,-0.0830976858194925,0.35680761106607817,0.3069527166839777,0.4431745267409496,0.4868170584069441,0.2755383666873584,0.24695619236053928,0.21826398356034057,76,-28.674366886311194,-19.541992390411814,-20.958949091199663,-15.013049655306073,-19.812815110057215,-16.284428439889933,-21.733325435427528,-15.154798403194441,-14.802345816734865,-27.110374261634373,-19.90864454901671,4.680322079664173,80,-18.41786833379203,-13.90233745790029,-13.855883385641324,-11.123406081912199,-15.284670384107914,-11.309874765338781,-14.838405695625983,-11.338231416395175,-10.432872831484593,-18.82881954404221,-13.93323698962405,2.837165311746826,160,19.90864454901671,4.680322079664173,13.93323698962405,2.837165311746826,0.24695619236053928,0.21826398356034057
GTB,10,20000,56.457966383298235,1.1423585176467896,0.1599124836361167,0.004221582412719726,0.0007362958517940844,0.03,squared_error,2,5,500,0.7,"{'learning_rate': 0.03, 'loss': 'squared_error', 'max_depth': 2, 'min_samples_leaf': 5, 'n_estimators': 500, 'subsample': 0.7}",-0.03975526239526794,0.1418495347435338,-0.09798515983185818,0.6115980005521975,0.04202817678247339,0.33456734242117747,0.25999741564578305,0.3561424999149596,0.6278459593755996,0.2229848414929374,0.24592733487015356,0.23507510198762357,77,-28.32786741570129,-20.106318212397884,-22.00647076566862,-14.030824750403141,-18.63325556251583,-16.56357685745753,-22.45749794842153,-16.296168089485903,-12.605376143676384,-28.07647385132294,-19.910382959705107,5.121385539265763,81,-17.47002797878108,-13.983709203814032,-14.70323041673105,-10.027056022812257,-13.9328143358154,-10.208065611189673,-15.744009864935366,-11.071936785872463,-9.384363486083817,-19.08227505656541,-13.560748876260055,3.1547232212668077,87,19.910382959705107,5.121385539265763,13.560748876260055,3.1547232212668077,0.24592733487015356,0.23507510198762357
GTB,10,20000,56.457966383298235,0.4511154890060425,0.07313856198709004,0.003974390029907226,0.001013227667912735,0.03,squared_error,5,1,100,0.7,"{'learning_rate': 0.03, 'loss': 'squared_error', 'max_depth': 5, 'min_samples_leaf': 1, 'n_estimators': 100, 'subsample': 0.7}",-0.005097112018047856,0.15596770207189525,-0.10627936007118977,0.5337369943357194,-0.14633004298064756,0.2981818757463872,0.35885773704046897,0.4389576887396285,0.5251487118415028,0.32711202507281767,0.23802562197785346,0.23843898714274178,95,-27.851739858790385,-19.940239183044344,-22.089433029751866,-15.372976071221913,-20.38295802385782,-17.010393550179973,-20.903641728638238,-15.212073797470348,-14.238795427235749,-26.12758091307834,-19.912983158326895,4.369401411227022,82,-17.10987526794123,-14.316438856109572,-14.517556614234413,-10.834476671766515,-15.703515281163227,-10.807943063322448,-13.705379896172518,-11.16032759374082,-10.447645818630894,-17.63407404844943,-13.623723311153109,2.563424772774541,103,19.912983158326895,4.369401411227022,13.623723311153109,2.563424772774541,0.23802562197785346,0.23843898714274178
GTB,10,20000,56.457966383298235,0.3738292455673218,0.009092428852287088,0.0034789323806762697,0.0006725733692397941,0.05,squared_error,5,5,100,0.7,"{'learning_rate': 0.05, 'loss': 'squared_error', 'max_depth': 5, 'min_samples_leaf': 5, 'n_estimators': 100, 'subsample': 0.7}",-0.04500872296537395,0.13879701886672668,-0.05819689898894653,0.5788681790742116,-0.013305480796140357,0.2706289766076142,0.2322231799786567,0.48120070432572914,0.5397804542915259,0.30688166822105134,0.24318690786150549,0.22645198672580988,85,-28.39934184453261,-20.142046430222386,-21.60406156988731,-14.61004322372766,-19.16384143084786,-17.34108729655919,-22.875060351581258,-14.628180313764203,-14.01770673625049,-26.517434845319716,-19.929880404269266,4.746586004099318,83,-16.648193870334755,-14.605782990920689,-14.63821381030721,-10.198034229516114,-14.318537556982209,-10.668012845418634,-15.352538490439045,-10.366726692985267,-10.46644470015718,-17.762502132951305,-13.502498732001243,2.6952395904735513,78,19.929880404269266,4.746586004099318,13.502498732001243,2.6952395904735513,0.24318690786150549,0.22645198672580988
GTB,10,20000,56.457966383298235,0.4837696075439453,0.034120943222709706,0.004609203338623047,0.0003443621953927041,0.1,huber,2,5,100,0.7,"{'learning_rate': 0.1, 'loss': 'huber', 'max_depth': 2, 'min_samples_leaf': 5, 'n_estimators': 100, 'subsample': 0.7}",-0.050366403764950496,0.05848667696591148,-0.03231059849300166,0.575325888368313,0.19259915702959152,0.4090856162999703,0.33039708129689616,0.3760873699281688,0.5044961061655786,0.1606806168745889,0.25244815106710666,0.20882639404944636,66,-28.472049412526268,-21.06027634157655,-21.338179155230346,-14.671359710349513,-17.106334974538647,-15.608614423496466,-21.36256609706652,-16.041778105287673,-14.545142352817406,-29.18041366132773,-19.93867142342171,5.121176275579642,84,-17.467665025853425,-14.489490322129058,-14.310886228491162,-10.60979022405662,-12.658599658712086,-10.288856148800104,-13.76919541229247,-10.855955266461796,-9.229523096134283,-18.839795860708154,-13.251975724363916,2.9991728255852474,46,19.93867142342171,5.121176275579642,13.251975724363916,2.9991728255852474,0.25244815106710666,0.20882639404944636
GTB,10,20000,56.457966383298235,1.555537962913513,0.21339721261955505,0.003924059867858887,0.0006149952049547441,0.05,huber,3,5,300,0.7,"{'learning_rate': 0.05, 'loss': 'huber', 'max_depth': 3, 'min_samples_leaf': 5, 'n_estimators': 300, 'subsample': 0.7}",-0.021343852094038773,-0.0027129276103603495,-0.07851807391477128,0.5700018044328669,0.009125874252086441,0.3917292677774855,0.2906862727429764,0.45812830046093356,0.593392365722009,0.21394537530316782,0.2424434407072355,0.24280529618119245,87,-28.075940093909587,-21.73397371940345,-21.81051285672169,-14.763039721611905,-18.950541180155536,-15.836183734405203,-21.9868965405768,-14.949919388686794,-13.175958080287492,-28.23931652956851,-19.952228184532697,5.111282112215586,85,-16.37943564005527,-15.079512472814011,-13.895957960177311,-10.64888683512488,-13.958281752241787,-9.911045407060328,-14.602705018303975,-9.788246106995175,-9.337160413446266,-17.690916386578152,-13.129214799279717,2.8403085700031547,23,19.952228184532697,5.111282112215586,13.129214799279717,2.8403085700031547,0.2424434407072355,0.24280529618119245
GTB,10,20000,56.457966383298235,2.4730936765670775,0.3273596618665541,0.004792594909667968,0.0010798844763570139,0.03,huber,3,5,500,0.7,"{'learning_rate': 0.03, 'loss': 'huber', 'max_depth': 3, 'min_samples_leaf': 5, 'n_estimators': 500, 'subsample': 0.7}",-0.020734568266577602,0.03848909892092889,-0.08965661870467279,0.581090405335199,-0.0722823005275488,0.4169149097587721,0.27814723972946953,0.45351637615102836,0.5933876696277887,0.2162572890594915,0.2395129501083879,0.2519748149525183,91,-28.067564477730325,-21.282759463305,-21.92284910590924,-14.571445136765568,-19.713645452292887,-15.504866811581051,-22.180384028731723,-15.01340472305328,-13.176034167597122,-28.197757751188245,-19.963071111815445,5.133830516377162,86,-16.27111911298215,-14.687300925986118,-13.88091497170265,-9.998430653348231,-14.105599538896444,-10.029441792169578,-14.70783572000928,-9.878903310851497,-9.41142090894852,-17.874937958166473,-13.084590489306091,2.874169665699016,13,19.963071111815445,5.133830516377162,13.084590489306091,2.874169665699016,0.2395129501083879,0.2519748149525183
GTB,10,20000,56.457966383298235,0.31123130321502684,0.04669981856848083,0.004016852378845215,0.000743279389731772,0.1,squared_error,3,1,100,0.7,"{'learning_rate': 0.1, 'loss': 'squared_error', 'max_depth': 3, 'min_samples_leaf': 1, 'n_estimators': 100, 'subsample': 0.7}",0.007946593275711011,0.14278306499352467,-0.09708895258009886,0.5419834390288012,-0.1299470339302169,0.27850220343852394,0.314960386979645,0.3641641930483478,0.6670615401015961,0.25527969811035467,0.2345645132466189,0.24694564027419322,101,-27.670425910750968,-20.095379009743432,-21.997487773210842,-15.236424447088892,-20.236780266098936,-17.247238790728336,-21.607404057508738,-16.194334548285347,-11.922749607307187,-27.486814684399206,-19.96950390951219,4.811567360786241,87,-16.249498168984413,-14.190548771945227,-14.991185911086005,-10.925417885879975,-15.19525070021893,-11.04077939202365,-14.778483441357869,-10.822527251418416,-9.212474586001877,-18.63533614855011,-13.604150225746647,2.815311817099803,98,19.96950390951219,4.811567360786241,13.604150225746647,2.815311817099803,0.2345645132466189,0.24694564027419322
GTB,10,20000,56.457966383298235,3.041582489013672,0.37835491610775956,0.0046854734420776365,0.000866395395947466,0.1,huber,3,5,500,1.0,"{'learning_rate': 0.1, 'loss': 'huber', 'max_depth': 3, 'min_samples_leaf': 5, 'n_estimators': 500, 'subsample': 1.0}",-0.04956617442328004,0.15405277954010776,-0.18567143996570712,0.5312865950483419,-0.11481713647766267,0.401611072918015,0.3718003629679132,0.45773302359240997,0.5568420399418734,0.23721987695430857,0.236049100009632,0.25967525970963706,98,-28.46120152625479,-19.96284636298207,-22.86832435755453,-15.413318717033544,-20.100839264697225,-15.707021781250486,-20.691576977113225,-14.95537112204918,-13.755415630835873,-27.818102402294464,-19.97340181420654,4.9531314915847195,88,-16.05657228659724,-13.79582587795829,-14.723188076329198,-10.399810660671811,-15.461201803619748,-10.851894281503,-13.583054697069652,-10.056968773098157,-9.375291157359607,-18.413039605207587,-13.27168472194143,2.8474721926009012,50,19.97340181420654,4.9531314915847195,13.27168472194143,2.8474721926009012,0.236049100009632,0.25967525970963706
GTB,10,20000,56.457966383298235,0.4563037395477295,0.05254134793817776,0.004198551177978516,0.0005579580068450595,0.1,huber,2,1,100,0.7,"{'learning_rate': 0.1, 'loss': 'huber', 'max_depth': 2, 'min_samples_leaf': 1, 'n_estimators': 100, 'subsample': 0.7}",-0.014282264330720329,0.002397290642413785,-0.03554416664786242,0.5093659536111435,0.11036606512410108,0.4052941672083882,0.3003323542712839,0.42177650706253655,0.524182825115306,0.2302500787819861,0.24541388108385762,0.20759787340731545,80,-27.97871299508011,-21.678520550291154,-21.37157245234528,-15.769623061513958,-17.95634922222766,-15.658608673779408,-21.836882952264368,-15.443242196462739,-14.253269513365646,-27.944905436689673,-19.989168705402,4.791265184198576,89,-16.23715054451255,-14.955660024160746,-14.056515513825067,-11.58137895082677,-13.339896425290243,-10.42556063728513,-13.813478215219387,-10.748789553157131,-9.300814544130299,-18.41631014601446,-13.28755545544218,2.6851244034508355,51,19.989168705402,4.791265184198576,13.28755545544218,2.6851244034508355,0.24541388108385762,0.20759787340731545
GTB,10,20000,56.457966383298235,2.0397633790969847,0.28250742445816945,0.004525232315063477,0.0008274042782150778,0.1,huber,3,1,300,1.0,"{'learning_rate': 0.1, 'loss': 'huber', 'max_depth': 3, 'min_samples_leaf': 1, 'n_estimators': 300, 'subsample': 1.0}",-0.03180278940500547,0.14827570417044234,-0.09633524482076106,0.509262518836407,0.0007892029143774515,0.2536752490974251,0.37627930949516,0.47723469234921234,0.4462323585160506,0.2999488688008375,0.2383559869954146,0.21125188658216917,94,-28.219327927744388,-20.030894723114503,-21.989930261238527,-15.771285238713153,-19.030093931300033,-17.54147036440076,-20.61768147925492,-14.683987139472704,-15.376526024997288,-26.649722959779048,-19.99109200500153,4.366019920414373,90,-16.359115302520518,-13.999177990087883,-14.656853290869837,-12.03998230440365,-14.645578789326914,-11.37127858452776,-13.821745529242369,-10.398863923340917,-10.567366591691584,-18.40179974840092,-13.626176205441235,2.447995631092717,104,19.99109200500153,4.366019920414373,13.626176205441235,2.447995631092717,0.2383559869954146,0.21125188658216917
GTB,10,20000,56.457966383298235,0.3404220104217529,0.010566614306989961,0.0048290729522705075,0.000922934445304589,0.1,squared_error,2,5,100,1.0,"{'learning_rate': 0.1, 'loss': 'squared_error', 'max_depth': 2, 'min_samples_leaf': 5, 'n_estimators': 100, 'subsample': 1.0}",-0.0464794514057878,0.13918453769369277,-0.03951198295461933,0.6249931398797768,0.0709939570031719,0.4252318721497782,0.20347339862361702,0.35109743665120197,0.48093761635309096,0.23333382388849366,0.2443254347882416,0.21284733988763602,82,-28.4193192061328,-20.13751422316264,-21.41247722622086,-13.786755635103718,-18.349390465866495,-15.393891120275219,-23.299408332639032,-16.3598893118103,-14.886898200412576,-27.888873312417722,-19.993441703404137,4.979541119043277,91,-17.98914372071922,-13.866508045166078,-14.272784930882375,-9.889739448586521,-14.398785013361271,-10.16611910944502,-15.89749909623752,-11.251255573865427,-10.812012279833192,-18.97536890069435,-13.751921611879098,3.0531237215556426,134,19.993441703404137,4.979541119043277,13.751921611879098,3.0531237215556426,0.2443254347882416,0.21284733988763602
GTB,10,20000,56.457966383298235,0.3488010883331299,0.004291420608971609,0.0034093856811523438,0.0005789131358704723,0.05,squared_error,3,5,100,1.0,"{'learning_rate': 0.05, 'loss': 'squared_error', 'max_depth': 3, 'min_samples_leaf': 5, 'n_estimators': 100, 'subsample': 1.0}",-0.059685320979114165,0.18135697848506538,-0.07589513428561401,0.5938141064089145,-0.05727465615683869,0.35051380601328164,0.27942406582621715,0.42240850771589933,0.502913393788397,0.24844085118798187,0.23860165980041897,0.22865087875560688,93,-28.59807341876095,-19.638038744054175,-21.783975293611913,-14.348446742500382,-19.575203418403426,-16.363908167638943,-22.160758816181314,-15.43480012544349,-14.568353495533772,-27.612733456795212,-20.00842916789236,4.853327033759548,92,-18.284059652892886,-13.800249542753326,-14.576617721345956,-10.391952693249802,-15.105191565522606,-10.865782305241083,-14.799588992787768,-11.195539900108821,-10.263822336525584,-18.78631634129572,-13.806912105172355,2.962898698633715,143,20.00842916789236,4.853327033759548,13.806912105172355,2.962898698633715,0.23860165980041897,0.22865087875560688
GTB,10,20000,56.457966383298235,2.6049020528793334,0.37304679737461266,0.00437459945678711,0.0007113323627233717,0.03,huber,5,5,300,0.7,"{'learning_rate': 0.03, 'loss': 'huber', 'max_depth': 5, 'min_samples_leaf': 5, 'n_estimators': 300, 'subsample': 0.7}",-0.012497628916238623,0.14285996546228363,-0.02776446304318836,0.570067807174837,-0.15122472407497933,0.29248329924476013,0.28749670898007407,0.4695263438800348,0.5314461087701039,0.2508198575690904,0.23532132750467777,0.23439760432184922,100,-27.954087805926246,-20.094477616722497,-21.29114229986721,-14.761906648838723,-20.426427968425628,-17.079313865000675,-22.036275218783242,-14.791851111037381,-14.144064060921334,-27.56899575726274,-20.014854235278566,4.73227287018718,93,-16.4788047030635,-13.956178084146286,-13.737902482254054,-10.543787501484482,-14.611821307633404,-11.377026875322656,-14.061753862497525,-9.564496475698538,-9.787769891381219,-17.72130586381091,-13.184084704729258,2.646245142994897,34,20.014854235278566,4.73227287018718,13.184084704729258,2.646245142994897,0.23532132750467777,0.23439760432184922
GTB,10,20000,56.457966383298235,1.9516439199447633,0.27612002044880735,0.004327940940856934,0.000619621770209115,0.03,squared_error,3,1,500,1.0,"{'learning_rate': 0.03, 'loss': 'squared_error', 'max_depth': 3, 'min_samples_leaf': 1, 'n_estimators': 500, 'subsample': 1.0}",-0.138827529142318,0.11943282620736562,-0.0365299525065097,0.5480504930560467,-0.047431617413806526,0.31348210223552375,0.18905356206980273,0.5051993747568793,0.6114673356192797,0.29587928177033207,0.23597758766525959,0.25125726668862236,99,-29.64676398528148,-20.367235089563295,-21.381742362569536,-15.135174419436556,-19.483869517045072,-16.823951344932762,-23.509361586705058,-14.285838494124732,-12.879772984981273,-26.727071742866812,-20.02407815275066,5.196507697343403,94,-17.878396555445836,-14.40345806947611,-14.543804812153427,-11.137651790618355,-15.056806589005,-10.905531912312867,-15.81860542107616,-10.650949180855742,-9.072174074861627,-18.313734619088496,-13.77811130248936,3.0217373802368512,138,20.02407815275066,5.196507697343403,13.77811130248936,3.0217373802368512,0.23597758766525959,0.25125726668862236
GTB,10,20000,56.457966383298235,0.8162215709686279,0.10612887559191976,0.003932046890258789,0.0008316468593618453,0.03,squared_error,2,5,300,1.0,"{'learning_rate': 0.03, 'loss': 'squared_error', 'max_depth': 2, 'min_samples_leaf': 5, 'n_estimators': 300, 'subsample': 1.0}",-0.07211544080227705,0.14307591854486856,-0.04467338055415104,0.6317595075269273,0.08603482943178653,0.32600550724690147,0.23643131679968954,0.37229195715698027,0.4748279382381352,0.25009097271495884,0.24037291263038196,0.21099419124926228,89,-28.765312269346452,-20.09194609470065,-21.46557015019804,-13.661810060381978,-18.20024339013491,-16.669794487237166,-22.81228582869479,-16.09049715047107,-14.974255786248555,-27.582403572769568,-20.031411879018318,4.893090427787171,95,-18.4567617323255,-13.739320506793128,-14.06708358114849,-9.974732935204155,-14.536732692617125,-11.221720827020116,-15.731760748756315,-11.215954953240548,-10.876838121933632,-18.89130987943664,-13.871221597847565,2.973348062891701,155,20.031411879018318,4.893090427787171,13.871221597847565,2.973348062891701,0.24037291263038196,0.21099419124926228
GTB,10,20000,56.457966383298235,0.7203710317611695,0.10029801018735748,0.004486203193664551,0.0007060097183367133,0.05,squared_error,2,5,300,0.7,"{'learning_rate': 0.05, 'loss': 'squared_error', 'max_depth': 2, 'min_samples_leaf': 5, 'n_estimators': 300, 'subsample': 0.7}",-0.058579292888290224,0.17203447553265105,-0.10627795739902357,0.6017207926828573,0.005833147263005101,0.38799368319120486,0.20585225500945226,0.3457838329211623,0.6008450318168823,0.22316604300907994,0.2378372011138981,0.23749895523616718,97,-28.583145152031822,-19.749538757517517,-22.08941902594604,-14.208109279581697,-18.982001889430762,-15.884736831277449,-23.26459004092882,-16.426735044888222,-13.054649310913087,-28.073199915021632,-20.031612524753704,5.161847757721135,96,-17.41453537477364,-13.981351525869773,-14.513499828106506,-10.160607485015124,-14.249433744149602,-9.606268403889565,-16.20893993631848,-11.239759251849044,-9.44025547570503,-19.085729547956706,-13.590038057363348,3.217214368484702,95,20.031612524753704,5.161847757721135,13.590038057363348,3.217214368484702,0.2378372011138981,0.23749895523616718
GTB,10,20000,56.457966383298235,2.85914146900177,0.3885509013506484,0.004889965057373047,0.0010253850082225177,0.05,huber,3,1,500,0.7,"{'learning_rate': 0.05, 'loss': 'huber', 'max_depth': 3, 'min_samples_leaf': 1, 'n_estimators': 500, 'subsample': 0.7}",-0.034794936575269775,0.07868834169231409,-0.04033035538011842,0.4718503564113644,-0.0009207881542645513,0.38399349902266067,0.24872596261832758,0.44509038076211227,0.521652871590865,0.30555527410977557,0.23795106060977672,0.20937345040194758,96,-28.260215225660684,-20.833110331679404,-21.42090422546538,-16.361419022430123,-19.046370466910123,-15.936565038520031,-22.627883849218907,-15.128704590714767,-14.291112097466131,-26.542795419981697,-20.044908026804727,4.556523673723755,97,-16.05333381829544,-14.810098425206519,-13.694643724375196,-11.845911112948851,-14.316654852836601,-10.00322786806138,-14.870804129012605,-10.503036585863065,-9.676876887048678,-17.303768337354246,-13.307835574100258,2.5195367449090615,56,20.044908026804727,4.556523673723755,13.307835574100258,2.5195367449090615,0.23795106060977672,0.20937345040194758
GTB,10,20000,56.457966383298235,3.000787138938904,0.3196298336889408,0.004164886474609375,0.0005594682319380738,0.05,huber,3,5,500,1.0,"{'learning_rate': 0.05, 'loss': 'huber', 'max_depth': 3, 'min_samples_leaf': 5, 'n_estimators': 500, 'subsample': 1.0}",-0.04980733761190237,0.07788719891787543,-0.13262412868536688,0.5458371598284744,-0.17469161775634734,0.3970801162155271,0.3107815013603279,0.5141073482858586,0.5824455844970116,0.21871612321269673,0.22897319482641548,0.27128365234840274,105,-28.46447116281702,-20.84216626237472,-22.350902739655705,-15.172189915803035,-20.633566771313134,-15.766375840663706,-21.67320870761228,-14.156659345999934,-13.352143170270995,-28.153490624778552,-20.056517454128908,5.168188418632775,98,-16.544869149912348,-14.65025775636829,-14.751389050426004,-10.723769513138537,-15.510662239824837,-10.724057450301494,-14.431751420594038,-9.803457229613937,-8.918735168004943,-18.464287860984246,-13.452323683916868,3.029164427350762,72,20.056517454128908,5.168188418632775,13.452323683916868,3.029164427350762,0.22897319482641548,0.27128365234840274
GTB,10,20000,56.457966383298235,3.2223462581634523,0.3915756353522743,0.004364156723022461,0.0006562871899107074,0.1,huber,3,1,500,1.0,"{'learning_rate': 0.1, 'loss': 'huber', 'max_depth': 3, 'min_samples_leaf': 1, 'n_estimators': 500, 'subsample': 1.0}",-0.04062342695993615,0.13594139972626518,-0.12549215317578888,0.5112639535253851,-0.025093525817449835,0.24659646007875202,0.39251374476993983,0.47109952351193873,0.4244746753262659,0.31169056500791925,0.23023712159932913,0.21953340848109662,104,-28.33969140931643,-20.175412787049243,-22.28042135948803,-15.739091399411636,-19.27498808070717,-17.624463268131667,-20.347590021171612,-14.769901371518165,-15.675689751155566,-26.425284950642332,-20.065253439859184,4.318817191928584,99,-16.37002456733048,-14.242396292211188,-15.01720766749415,-12.181591916650738,-14.806190956200908,-11.279012715609435,-14.333693357334553,-10.35935228816642,-10.857021541731187,-18.102072807860743,-13.75485641105898,2.3987670917547126,135,20.065253439859184,4.318817191928584,13.75485641105898,2.3987670917547126,0.23023712159932913,0.21953340848109662
GTB,10,20000,56.457966383298235,1.3209722518920899,0.1994005851607181,0.004195165634155273,0.0012163158632920673,0.1,huber,2,5,300,1.0,"{'learning_rate': 0.1, 'loss': 'huber', 'max_depth': 2, 'min_samples_leaf': 5, 'n_estimators': 300, 'subsample': 1.0}",-0.06288273499762931,0.06322351462291509,0.09851951854077834,0.5785656508207235,0.11763226468411236,0.45564795602234476,0.1743279749605373,0.4371209255345181,0.5236981608492767,0.08974026121507339,0.247559349225265,0.21558522194081775,74,-28.64118574983231,-21.00723147302332,-19.94023756124254,-14.615289986303884,-17.882868478115512,-14.981041280422765,-23.721848918754514,-15.236954404194641,-14.260526809385363,-30.388585459285736,-20.067577012056056,5.583124832391395,100,-17.183116629325358,-14.754615547280379,-12.782680446596487,-10.541174770863694,-13.216009661195159,-10.138433344530915,-15.478739361062864,-10.3635772438222,-9.47883281791426,-19.8081855200653,-13.374536534265662,3.2457282643599243,71,20.067577012056056,5.583124832391395,13.374536534265662,3.2457282643599243,0.247559349225265,0.21558522194081775
GTB,10,20000,56.457966383298235,1.4583446025848388,0.17913621224140477,0.004486751556396484,0.0008745318916798172,0.03,squared_error,3,1,500,0.7,"{'learning_rate': 0.03, 'loss': 'squared_error', 'max_depth': 3, 'min_samples_leaf': 1, 'n_estimators': 500, 'subsample': 0.7}",-0.05143591936705527,0.10508781472443418,-0.12405710363722111,0.543698721521348,-0.027165930653934023,0.3142026858815875,0.24011768745576656,0.4293719244049593,0.6246767179075018,0.2625868743323906,0.23170834725697778,0.24258007396178655,102,-28.486541285691178,-20.532462639443704,-22.266212594596418,-15.20786730626948,-19.294462113400233,-16.815119639985735,-22.7571524222546,-15.341477375642105,-12.658935671225368,-27.351632310291077,-20.07118633587999,4.982340534662063,101,-16.969170435106797,-14.202551519297723,-14.402881514519926,-11.149509112888275,-14.602575154600284,-10.720682801125166,-15.625210831141978,-10.099689048995435,-9.608011782162654,-17.98769858022577,-13.536798078006402,2.8135583544306875,82,20.07118633587999,4.982340534662063,13.536798078006402,2.8135583544306875,0.23170834725697778,0.24258007396178655
GTB,10,20000,56.457966383298235,2.140998029708862,0.25025074367359373,0.004285001754760742,0.0010369740480947482,0.1,huber,2,1,500,1.0,"{'learning_rate': 0.1, 'loss': 'huber', 'max_depth': 2, 'min_samples_leaf': 1, 'n_estimators': 500, 'subsample': 1.0}",0.014074608061845018,0.06690029744263881,0.08408100729076029,0.4662858342653464,0.10078834814044901,0.17436117434586784,0.2135754816701283,0.462357970762343,0.5295929353455855,0.2833013745957912,0.2395319031920755,0.17778873662284017,90,-27.584832007954255,-20.965964976940526,-20.099289075896465,-16.447384173395516,-18.05274866067937,-18.450032072858182,-23.151187535078215,-14.891458032942767,-14.172006991419583,-26.96473170803684,-20.077963523520175,4.424107614928314,102,-15.95408176133171,-14.857302139656907,-13.305684048039533,-12.169738536116085,-13.641859394259777,-11.978442465280832,-14.949274250790928,-10.410021745108716,-9.458335431113772,-18.78459396768264,-13.55093337393809,2.605605636600768,84,20.077963523520175,4.424107614928314,13.55093337393809,2.605605636600768,0.2395319031920755,0.17778873662284017
GTB,10,20000,56.457966383298235,2.176097583770752,0.29384656911112783,0.004310178756713867,0.0006847547851871105,0.05,huber,2,5,500,1.0,"{'learning_rate': 0.05, 'loss': 'huber', 'max_depth': 2, 'min_samples_leaf': 5, 'n_estimators': 500, 'subsample': 1.0}",-0.06842175297294628,0.014586142322972284,0.13336000408528126,0.5799934462518772,0.09549393412215701,0.29560190434468725,0.20026069039895655,0.4867740594196527,0.5413226104185074,0.14661029737855646,0.24255813357697015,0.21419728120732576,86,-28.7157179104486,-21.545677908144697,-19.551114903445875,-14.590511098550985,-18.105816506266315,-17.041631037805903,-23.34634893280512,-14.549394367240176,-13.994200963270675,-29.423986785949808,-20.086440041392816,5.34668484265896,103,-17.015230448490346,-15.102011404088085,-12.512993090222798,-10.461529719800462,-13.483749529808406,-10.187107823689363,-15.065908591448306,-10.17283897366608,-9.391304114253792,-19.07971365693507,-13.24723873524027,3.1145314670958224,43,20.086440041392816,5.34668484265896,13.24723873524027,3.1145314670958224,0.24255813357697015,0.21419728120732576
GTB,10,20000,56.457966383298235,1.2049131631851195,0.18189091420404555,0.00390777587890625,0.000637951185126751,0.1,huber,2,1,300,0.7,"{'learning_rate': 0.1, 'loss': 'huber', 'max_depth': 2, 'min_samples_leaf': 1, 'n_estimators': 300, 'subsample': 0.7}",-0.03313285039090186,-0.032950110844816916,-0.02076601007753176,0.5091143883031446,0.1598880047108634,0.34534412812523907,0.2853321889470015,0.455451293764247,0.5399161365766486,0.18612453931966944,0.2394321708433563,0.2117459320455874,92,-28.237510345713257,-22.059237868221018,-21.21852858865663,-15.7736653632309,-17.449418779887406,-16.42890451621114,-22.06972193346792,-14.986802406505065,-14.015640228314782,-28.73470843935064,-20.09741384695588,5.0212611862623335,104,-16.263498060896133,-14.632888078994851,-13.932067781115716,-10.836337295082316,-12.967602222030159,-10.230201235101092,-14.746695285107386,-10.494102526685017,-9.417206072618479,-19.497956187519073,-13.301855474515023,3.0003151628975595,55,20.09741384695588,5.0212611862623335,13.301855474515023,3.0003151628975595,0.2394321708433563,0.2117459320455874
GTB,10,20000,56.457966383298235,1.1770790576934815,0.16728539737015147,0.004200267791748047,0.0007455653927613364,0.05,squared_error,2,1,500,0.7,"{'learning_rate': 0.05, 'loss': 'squared_error', 'max_depth': 2, 'min_samples_leaf': 1, 'n_estimators': 500, 'subsample': 0.7}",-0.005189319896302225,0.05117694198649936,-0.1340666893475677,0.5178806588580516,-0.014312220604251191,0.23365744192902616,0.35814481888281735,0.3622860270749033,0.5689588092431451,0.2981339439528645,0.2236670412079186,0.2270392699298795,113,-27.85301739252786,-21.141872315323944,-22.36513176426802,-15.63218726110948,-19.173358902523898,-17.77516103359023,-20.915260402198776,-16.218234759666046,-13.566062922509913,-26.684246106773184,-20.132453286049135,4.408144035835231,105,-16.191994998189063,-14.424992196750521,-14.609592649887809,-11.241692893656422,-14.533750703466195,-11.453747027261059,-15.253183424886009,-10.359125942052474,-10.076682379078928,-18.46451285580926,-13.660927507103775,2.621729257339354,114,20.132453286049135,4.408144035835231,13.660927507103775,2.621729257339354,0.2236670412079186,0.2270392699298795
GTB,10,20000,56.457966383298235,0.35747156143188474,0.00769408482115198,0.003451108932495117,0.0007129435997216575,0.05,squared_error,3,1,100,1.0,"{'learning_rate': 0.05, 'loss': 'squared_error', 'max_depth': 3, 'min_samples_leaf': 1, 'n_estimators': 100, 'subsample': 1.0}",-0.13585176944088295,0.07267592708702819,-0.003203284181640287,0.567002664935786,-0.11705727686001244,0.25091919029683185,0.3338835215751671,0.49336951767186277,0.5325423298170708,0.26097470226620045,0.22552555231674115,0.2489750370170722,109,-29.608005108472014,-20.90097748865011,-21.03519956840442,-14.814434680447295,-20.12102468459374,-17.573829450063585,-21.306878979821388,-14.455605055956385,-14.127508761252264,-27.381514788202313,-20.13249785658635,4.982306734856504,106,-18.590245375944797,-14.97074596206958,-13.882627420642343,-11.094320116385065,-16.109559208757698,-11.831907893311111,-14.19266685429297,-10.511476914669002,-10.300563693646271,-19.13884549178219,-14.062295893150104,3.03120411230921,182,20.13249785658635,4.982306734856504,14.062295893150104,3.03120411230921,0.22552555231674115,0.2489750370170722
GTB,10,20000,56.457966383298235,1.1837085962295533,0.19764521519098543,0.003955626487731933,0.0007719897829354853,0.03,huber,5,5,100,1.0,"{'learning_rate': 0.03, 'loss': 'huber', 'max_depth': 5, 'min_samples_leaf': 5, 'n_estimators': 100, 'subsample': 1.0}",-0.006632473484277757,0.2185300043983236,0.16815798834832796,0.5867873140453825,-0.30483962479825366,0.2173252444646253,0.3506945136762806,0.4965133279469194,0.34512012886947885,0.17472155821350188,0.2246377981680309,0.23980815698694427,112,-27.87300455519,-19.186995977217997,-19.15457803866094,-14.472024691637545,-21.746578714485857,-17.96357348285058,-21.0362966580142,-14.410684347205017,-16.721501075587877,-28.935305232518697,-20.15005427733687,4.730681006995641,107,-16.928711548929556,-12.954622926876816,-12.10836189676119,-10.553420928422005,-16.404016047526387,-12.036356023060241,-12.035831373939978,-10.575321122158257,-10.45364824114779,-18.40695423325731,-13.245724434207954,2.7687087482255865,42,20.15005427733687,4.730681006995641,13.245724434207954,2.7687087482255865,0.2246377981680309,0.23980815698694427
GTB,10,20000,56.457966383298235,1.2950910329818726,0.17278542544468664,0.00437166690826416,0.0007253028416237368,0.03,squared_error,5,1,300,0.7,"{'learning_rate': 0.03, 'loss': 'squared_error', 'max_depth': 5, 'min_samples_leaf': 1, 'n_estimators': 300, 'subsample': 0.7}",-0.024570087082561365,0.10507779470883949,-0.18903230488015987,0.5083819041418375,-0.14592471102821092,0.29632410172026813,0.3201005326877878,0.47359206432963397,0.5196943954795928,0.32472008831023114,0.2188363778387259,0.25264955801043315,121,-28.120248463627338,-20.532577586487303,-22.900712318978343,-15.785429461492647,-20.379354090295173,-17.03289267131334,-21.526186613366594,-14.735057331798906,-14.320337956832462,-26.173977998037905,-20.150677449223004,4.489374582166674,108,-16.878104376147927,-14.473203131437531,-14.815978969490828,-11.352984906562007,-15.408269895799398,-10.419884574587318,-14.19559779090758,-10.308945492654118,-10.50116384837025,-17.366240924409517,-13.572037391036648,2.5765174450846726,89,20.150677449223004,4.489374582166674,13.572037391036648,2.5765174450846726,0.2188363778387259,0.25264955801043315
GTB,10,20000,56.457966383298235,1.1428967714309692,0.18735065501463669,0.003908181190490722,0.0007477090551772487,0.1,huber,5,1,100,0.7,"{'learning_rate': 0.1, 'loss': 'huber', 'max_depth': 5, 'min_samples_leaf': 1, 'n_estimators': 100, 'subsample': 0.7}",-0.04042132822546085,0.036936913095510615,0.0026055628543100173,0.6091433629702853,-0.1353002096787268,0.18327456669697972,0.20440178260710418,0.48322746395391303,0.6242756516971764,0.24650231633353414,0.2214646082304626,0.25715034190050123,116,-28.336939360050966,-21.299931123084576,-20.97421110670446,-14.075091188684139,-20.284659961037725,-18.350170832972385,-23.285826172261956,-14.59957886997853,-12.66569746298934,-27.648321988800436,-20.15204280665645,5.119275660761708,109,-16.42674850815291,-15.21493257592149,-14.363174108535764,-10.29739918543874,-14.854646726754858,-12.072233632022844,-14.680245302810127,-10.209759883624532,-9.330885661738979,-17.719864499315566,-13.51698900843158,2.7163707430513915,81,20.15204280665645,5.119275660761708,13.51698900843158,2.7163707430513915,0.2214646082304626,0.25715034190050123
GTB,10,20000,56.457966383298235,1.364962387084961,0.17645167312313012,0.004450392723083496,0.0009238926426825759,0.03,squared_error,2,5,500,1.0,"{'learning_rate': 0.03, 'loss': 'squared_error', 'max_depth': 2, 'min_samples_leaf': 5, 'n_estimators': 500, 'subsample': 1.0}",-0.08447299625209537,0.14235215352843478,-0.03074923129086815,0.6240066152427142,0.033717223199572155,0.3548095197629276,0.15085476101973316,0.36526268981587584,0.5183507593258043,0.236023067924797,0.23101545622768951,0.2217302910915809,103,-28.930616524841316,-20.10042921401396,-21.32203607748809,-13.804878024750352,-18.713908089238448,-16.309702793837673,-24.056682694047748,-16.180339493238733,-14.340354260732486,-27.839917277990523,-20.15988644501793,5.09364678816435,110,-18.201638761404894,-13.714300536542588,-13.912434952084977,-10.12271600125858,-14.799106257048837,-10.533112162211065,-16.685024438920735,-10.786993451925742,-10.40912013020177,-19.07502537924799,-13.823947207084718,3.1828822739005957,146,20.15988644501793,5.09364678816435,13.823947207084718,3.1828822739005957,0.23101545622768951,0.2217302910915809
GTB,10,20000,56.457966383298235,0.4458432674407959,0.05671208275465568,0.004933595657348633,0.0016226941789334504,0.1,squared_error,3,1,100,1.0,"{'learning_rate': 0.1, 'loss': 'squared_error', 'max_depth': 3, 'min_samples_leaf': 1, 'n_estimators': 100, 'subsample': 1.0}",-0.11717236673059106,0.13673398103251322,-0.08515819786396639,0.5584634097103092,-0.0980157095741101,0.31462319651570414,0.3065803597583092,0.4899029947536041,0.4967928103731487,0.24445054854284431,0.22472010265177653,0.24407336230592835,111,-29.363539869598934,-20.166157440441605,-21.87755034323851,-14.959801173514574,-19.948794186288197,-16.80996358240741,-21.739163036806804,-14.50497561473739,-14.65776852179486,-27.68593947112185,-20.171365323995012,4.973436076883156,111,-18.52615124611486,-14.224774823089955,-14.817540027881027,-10.87228706709473,-15.490593289280369,-10.902817346297235,-14.943009538017533,-11.020857359092497,-10.494945868183526,-18.94093385635213,-14.023391042140386,2.987628754565224,176,20.171365323995012,4.973436076883156,14.023391042140386,2.987628754565224,0.22472010265177653,0.24407336230592835
GTB,10,20000,56.457966383298235,4.158097290992737,0.492835644503691,0.004810237884521484,0.0006710905792187192,0.03,huber,5,5,500,0.7,"{'learning_rate': 0.03, 'loss': 'huber', 'max_depth': 5, 'min_samples_leaf': 5, 'n_estimators': 500, 'subsample': 0.7}",-0.026690080700775498,0.11957032106422139,-0.0779748915832279,0.5626338583524837,-0.1575152235084638,0.2632579341514729,0.27528752475989715,0.47064502443311607,0.5441606086776524,0.2438190544428277,0.22171941300892045,0.2435191221459952,115,-28.149325996668708,-20.365644921612024,-21.805019867059492,-14.888983596040285,-20.482158783768327,-17.428491762444423,-22.22427586006917,-14.776246104920654,-13.950840266693142,-27.69750711617062,-20.176849427544685,4.801428198564045,112,-16.547392497481958,-14.132261350618332,-14.072689970193514,-10.605429206927301,-14.670005206742198,-11.630170462572991,-14.240914003508404,-9.457100233681167,-9.831555194953435,-17.723620496114126,-13.291113862279342,2.664810674114557,53,20.176849427544685,4.801428198564045,13.291113862279342,2.664810674114557,0.22171941300892045,0.2435191221459952
GTB,10,20000,56.457966383298235,2.468796634674072,0.31464622666226083,0.004131507873535156,0.0005492755486439805,0.05,huber,5,5,300,0.7,"{'learning_rate': 0.05, 'loss': 'huber', 'max_depth': 5, 'min_samples_leaf': 5, 'n_estimators': 300, 'subsample': 0.7}",0.01712322716921366,0.1225417533507045,-0.11857083229665144,0.561334279817925,-0.2443607092502249,0.3248840416653893,0.30461026301144456,0.45044122237724193,0.5284484136770673,0.23436833476828756,0.21808199942903977,0.25768198687647753,124,-27.542150910481382,-20.331249056737033,-22.211807927095172,-14.911087560403814,-21.236625951550185,-16.68365723456157,-21.770023049164887,-15.055586921012411,-14.189237084448484,-27.870050855479494,-20.180147655093442,4.725130687533303,113,-16.28780565078576,-14.354428627717702,-14.291611745944069,-10.628865021575617,-15.398272055061993,-10.377252301387529,-13.579025982179687,-9.698538877324886,-9.786815387557478,-17.88041235186626,-13.2283028001401,2.782478647873134,39,20.180147655093442,4.725130687533303,13.2283028001401,2.782478647873134,0.21808199942903977,0.25768198687647753
GTB,10,20000,56.457966383298235,0.2115936040878296,0.006865858711440043,0.003911352157592774,0.0007241477671310638,0.1,squared_error,2,5,100,0.7,"{'learning_rate': 0.1, 'loss': 'squared_error', 'max_depth': 2, 'min_samples_leaf': 5, 'n_estimators': 100, 'subsample': 0.7}",-0.11669134786865243,0.1689486369207992,-0.2601347971833561,0.6139928693703645,-0.012059681094700458,0.3103601010245616,0.3391570403821549,0.32628588217295174,0.5425807802038816,0.2645111105031043,0.21769505944311085,0.26367125623722554,125,-29.357217686174206,-19.786307927467575,-23.575486644671358,-13.987501155113955,-19.152057397841286,-16.862162160117716,-21.222370111630074,-16.669725186495874,-13.97499446646408,-27.315922761850015,-20.19037454978261,4.99147652571819,114,-18.266982295492813,-13.500161245231379,-15.371444232938597,-10.149572736161605,-15.046921124171545,-10.440235614576203,-15.171141118718044,-11.39541831745421,-10.382727912077272,-18.599130857139667,-13.832373545396132,3.01732804624042,150,20.19037454978261,4.99147652571819,13.832373545396132,3.01732804624042,0.21769505944311085,0.26367125623722554
GTB,10,20000,56.457966383298235,0.9167171955108643,0.13225475231962483,0.004628276824951172,0.0015054928489016393,0.03,squared_error,3,5,300,0.7,"{'learning_rate': 0.03, 'loss': 'squared_error', 'max_depth': 3, 'min_samples_leaf': 5, 'n_estimators': 300, 'subsample': 0.7}",-0.06471016758768844,0.19532845527403142,-0.2034495963641616,0.6001808536418811,-0.03258910681338123,0.3177821308972085,0.20213861376864362,0.3884549851335106,0.6255349272159252,0.19306747447800798,0.22217385696439776,0.25936672907368735,114,-28.665796817760224,-19.469740019426126,-23.03913220459599,-14.235550473194158,-19.345329997866823,-16.77117987979611,-23.318922231698732,-15.881986819050725,-12.64445451000204,-28.611882203834494,-20.19839751572254,5.3342713781956235,115,-17.173730034452557,-13.5780402437477,-15.48286912115228,-10.364286587747452,-14.665354563612196,-10.460036942037078,-15.619813149791634,-10.78199327608205,-9.632834249448123,-19.1236580147956,-13.688261618286669,3.09795936441238,118,20.19839751572254,5.3342713781956235,13.688261618286669,3.09795936441238,0.22217385696439776,0.25936672907368735
GTB,10,20000,56.457966383298235,1.180720329284668,0.15997819603365154,0.004282069206237793,0.0006633729432324839,0.05,squared_error,3,1,300,1.0,"{'learning_rate': 0.05, 'loss': 'squared_error', 'max_depth': 3, 'min_samples_leaf': 1, 'n_estimators': 300, 'subsample': 1.0}",-0.1486658575453912,0.044377845766088386,-0.06297961865173907,0.5737738612640799,-0.06234949930675948,0.2951980146462695,0.2282181701446363,0.4979272509045617,0.6004714956886814,0.2464877597166405,0.2212459422627068,0.26079163676582867,117,-29.774547760750913,-21.217486534236063,-21.652828336616327,-14.698144462385008,-19.622126970433595,-17.046516026071775,-22.93464516554765,-14.390435625942061,-13.060756265892717,-27.648589052718417,-20.204607620059452,5.320208235419471,116,-18.224083917815687,-15.172560419522934,-14.64327237551633,-10.886602877123684,-15.622772569502468,-11.231696982466561,-15.255141710979292,-10.612012295083359,-9.248815979599835,-18.95797218031198,-13.985493130792213,3.1595678649532104,172,20.204607620059452,5.320208235419471,13.985493130792213,3.1595678649532104,0.2212459422627068,0.26079163676582867
GTB,10,20000,56.457966383298235,1.8441611528396606,0.2354419204197645,0.004126119613647461,0.0007914482965227873,0.05,huber,2,5,500,0.7,"{'learning_rate': 0.05, 'loss': 'huber', 'max_depth': 2, 'min_samples_leaf': 5, 'n_estimators': 500, 'subsample': 0.7}",-0.03228302202493594,-0.05972947631512704,-0.1162676926024595,0.5785375739757693,0.06264736919704206,0.4038363274130682,0.2946604654898688,0.42471467754934333,0.5178293335869615,0.17350582138713433,0.2247451377656665,0.2408728385344436,110,-28.225894233548583,-22.343352523527027,-22.188929064522046,-14.615776828913317,-18.43163553548175,-15.677789392175397,-21.925215157281247,-15.403955772088434,-14.348114479728697,-28.956610024107153,-20.211727301137365,5.144177706232982,117,-16.844202750855803,-15.481220740687299,-14.274402010589746,-10.19679576687245,-13.146056488174205,-10.136536582999732,-14.724979016119471,-10.448861961365731,-9.172963528517442,-18.91868625270681,-13.334470509888869,3.1093306134852314,64,20.211727301137365,5.144177706232982,13.334470509888869,3.1093306134852314,0.2247451377656665,0.2408728385344436
GTB,10,20000,56.457966383298235,2.1668829202651976,0.2773749804233128,0.0049027204513549805,0.0008414586544592303,0.03,squared_error,5,1,500,0.7,"{'learning_rate': 0.03, 'loss': 'squared_error', 'max_depth': 5, 'min_samples_leaf': 1, 'n_estimators': 500, 'subsample': 0.7}",-0.025884539150334618,0.100034828392776,-0.20256002536260986,0.505380368406527,-0.14350492851767815,0.2962781978149819,0.30743395376801774,0.47361564426942326,0.5151443974590646,0.3186366559883673,0.21445745530685353,0.253239367742409,129,-28.138280842112355,-20.590347767312018,-23.030615548494445,-15.833544483526605,-20.357825771366972,-17.033448227886293,-21.725778548911244,-14.734727306706045,-14.388007294794678,-26.29161115767354,-20.21241869487842,4.509784924164423,118,-16.88891333163539,-14.516471617218539,-14.831032722232909,-11.41807587675816,-15.31184998197789,-10.45219678892157,-14.334586512106668,-10.383468376661593,-10.487651759415456,-17.42261045993737,-13.604685742686552,2.568204367888087,100,20.21241869487842,4.509784924164423,13.604685742686552,2.568204367888087,0.21445745530685353,0.253239367742409
GTB,10,20000,56.457966383298235,1.409721302986145,0.19977840178518552,0.004312705993652344,0.0008761932852984754,0.05,squared_error,2,1,500,1.0,"{'learning_rate': 0.05, 'loss': 'squared_error', 'max_depth': 2, 'min_samples_leaf': 1, 'n_estimators': 500, 'subsample': 1.0}",-0.04885797011918691,0.1093410964628937,-0.06959874932016419,0.49317323117238465,0.12050957389249628,0.29009100535194177,0.05493941563579097,0.3849528848112993,0.5746845499412209,0.3476231702543576,0.2256858208083034,0.213084986207914,108,-28.451597678861113,-20.483611835041827,-21.720139352324246,-16.027738351677087,-17.853687584713608,-17.108164249755927,-25.379004086471767,-15.927397138466164,-13.475659221447433,-25.72628531000264,-20.215328480876185,4.730581129696455,119,-16.501208449365894,-13.612461260758305,-14.633721197204144,-11.976909346204502,-14.217049418706116,-10.986032429794161,-17.088439598990327,-10.77306472593053,-9.661542780385197,-18.053445303688772,-13.750387451102792,2.731537577000657,133,20.215328480876185,4.730581129696455,13.750387451102792,2.731537577000657,0.2256858208083034,0.213084986207914
GTB,10,20000,56.457966383298235,0.7804474830627441,0.06834996897484487,0.0035840511322021485,0.00028149043191091336,0.05,squared_error,2,5,300,1.0,"{'learning_rate': 0.05, 'loss': 'squared_error', 'max_depth': 2, 'min_samples_leaf': 5, 'n_estimators': 300, 'subsample': 1.0}",-0.08568123550394402,0.14456670635163027,-0.04233088325560508,0.6377208615247555,0.04413700756028838,0.31501497472794493,0.15568236446504813,0.3560572864829056,0.5083364235767197,0.22775708290086116,0.22612605888306048,0.2208769273809662,106,-28.94672821038368,-20.074461543004603,-21.44149025096701,-13.55077501984102,-18.61273510937167,-16.805158401619423,-23.98820108716054,-16.297246438708093,-14.48866790837111,-27.990121562074847,-20.2195585531502,5.091191414210828,120,-18.0221535559962,-13.644019121761957,-14.099235179882257,-9.84402623993825,-14.728513195703187,-10.466653570077282,-16.46729246163307,-10.754942080353013,-10.45446219829377,-19.21774241133315,-13.769904001497213,3.2013409859193525,137,20.2195585531502,5.091191414210828,13.769904001497213,3.2013409859193525,0.22612605888306048,0.2208769273809662
GTB,10,20000,56.457966383298235,0.3352885484695435,0.037227860456492436,0.004183149337768555,0.00048602071729176547,0.1,squared_error,3,5,100,0.7,"{'learning_rate': 0.1, 'loss': 'squared_error', 'max_depth': 3, 'min_samples_leaf': 5, 'n_estimators': 100, 'subsample': 0.7}",-0.08149899517746495,0.09218530194718744,-0.17876500661104577,0.5901795172150004,-0.08891068891827003,0.2620227505677334,0.3421091743610829,0.3712823037851921,0.6249413413931855,0.21664934406406133,0.21501950426266622,0.2649554719714139,127,-28.890920398880922,-20.67994767043884,-22.801624081374673,-14.412499393025271,-19.86591181499632,-17.443095497280613,-21.174914505827548,-16.103432540880977,-12.654472262601752,-28.190704125829324,-20.221752229113623,5.121055833941893,121,-17.77949611322983,-14.467505365601482,-15.136711307224328,-10.6596738360853,-15.375294585990678,-10.63153099302294,-14.274791749868182,-10.179150535619257,-9.726963406895823,-18.154734269489083,-13.63858521630269,2.984625864591564,110,20.221752229113623,5.121055833941893,13.63858521630269,2.984625864591564,0.21501950426266622,0.2649554719714139
GTB,10,20000,56.457966383298235,3.4572717428207396,0.45607048002902345,0.004218435287475586,0.0005352129551899367,0.1,huber,5,1,300,0.7,"{'learning_rate': 0.1, 'loss': 'huber', 'max_depth': 5, 'min_samples_leaf': 1, 'n_estimators': 300, 'subsample': 0.7}",-0.052885601559148565,-0.017806289556701937,-0.0363121029652147,0.5885682101231264,-0.16557039946455765,0.19400593135904687,0.2413909255216815,0.4954228047310141,0.6446107543002473,0.2385525635614263,0.21299767960509194,0.27172789431933153,132,-28.506172632761462,-21.896938349834578,-21.379495323048083,-14.440804689571902,-20.55330313947529,-18.22921615397743,-22.738078797312475,-14.426282263063749,-12.318180994717242,-27.793790665247517,-20.228226300900975,5.19614160922719,122,-16.408204389752978,-15.315611206183958,-14.617141650206463,-10.726147076998165,-15.003870251723988,-11.913842218584191,-14.887023310431124,-10.385869340623955,-9.546973547953568,-17.7400070039003,-13.65446899963587,2.6544490728548533,112,20.228226300900975,5.19614160922719,13.65446899963587,2.6544490728548533,0.21299767960509194,0.27172789431933153
GTB,10,20000,56.457966383298235,0.9136208772659302,0.1374266513801179,0.0041254997253417965,0.0008013150351598437,0.1,huber,5,5,100,0.7,"{'learning_rate': 0.1, 'loss': 'huber', 'max_depth': 5, 'min_samples_leaf': 5, 'n_estimators': 100, 'subsample': 0.7}",-0.10614510808047029,0.0501757679802175,0.015279524024434443,0.5847889766248592,-0.12042940435933769,0.25132675431139284,0.2727735517482608,0.4685223487749616,0.5827458922675198,0.1974389926531066,0.21964772959449447,0.24974119864663383,119,-29.218261326565756,-21.153023557977743,-20.840524671304802,-14.506976556361229,-20.15137206829194,-17.569047966609492,-22.262789658443612,-14.805842310893619,-13.347340833836219,-28.534275204683134,-20.238945415496755,5.212852425011249,123,-18.45844730426751,-15.077690927765392,-13.787780351362962,-10.030810047771965,-14.684155522300816,-11.351535730279531,-14.339740649524785,-8.835845137709834,-9.404947890068408,-17.730175845515898,-13.37011294065671,3.196344251334087,69,20.238945415496755,5.212852425011249,13.37011294065671,3.196344251334087,0.21964772959449447,0.24974119864663383
GTB,10,20000,56.457966383298235,2.6151778221130373,0.347729489475882,0.00432736873626709,0.000750443829421293,0.05,huber,3,5,500,0.7,"{'learning_rate': 0.05, 'loss': 'huber', 'max_depth': 3, 'min_samples_leaf': 5, 'n_estimators': 500, 'subsample': 0.7}",-0.03232857160295888,-0.024502167508284822,-0.14416635690807467,0.5291340238040655,-0.0009772383905941595,0.3429525297407382,0.26402115980066454,0.4592421224379445,0.5991396060259754,0.20637777955625125,0.2198892886955727,0.2487342359694459,118,-28.226516961696717,-21.96884735447619,-22.46449969325036,-15.448671088690823,-19.046907550847113,-16.45888631554987,-22.396358703762207,-14.934546640451181,-13.08250817164323,-28.374925326821213,-20.240266780718894,5.104931979047311,124,-16.434570233200926,-15.309500999359189,-14.30997239427658,-10.988397055517916,-14.12513167442159,-10.186290127552548,-15.014498629951229,-9.767251779960564,-9.37625326007155,-17.622513342672935,-13.313437949698502,2.8302142764003673,57,20.240266780718894,5.104931979047311,13.313437949698502,2.8302142764003673,0.2198892886955727,0.2487342359694459
GTB,10,20000,56.457966383298235,0.49938795566558836,0.013096671866312663,0.003281378746032715,5.657843680843927e-05,0.1,huber,3,5,100,0.7,"{'learning_rate': 0.1, 'loss': 'huber', 'max_depth': 3, 'min_samples_leaf': 5, 'n_estimators': 100, 'subsample': 0.7}",-0.04932435083657771,0.01872204502381636,-0.14531144697409681,0.5029892615537905,-0.14529984676148677,0.3401312740095719,0.46736091648543854,0.45927840635024875,0.5266860834737372,0.16882688551614466,0.21440592278405868,0.2625381840400791,130,-28.457922558957954,-21.50041544011735,-22.47573819993236,-15.871769868156901,-20.37379697712498,-16.49418436505877,-19.052907794872137,-14.934045591004413,-14.215727082051856,-29.038458700559314,-20.241496657783603,5.005186828096371,125,-16.59136753047656,-14.448480703166702,-14.516983130218117,-11.503257508742031,-14.670336813191312,-9.989135585386972,-13.441568755316728,-9.726614990834637,-9.736353522606315,-17.87874263949917,-13.250284117943854,2.759165664479372,44,20.241496657783603,5.005186828096371,13.250284117943854,2.759165664479372,0.21440592278405868,0.2625381840400791
GTB,10,20000,56.457966383298235,0.9318739175796509,0.11928260833066219,0.004269909858703613,0.0006720280771575324,0.05,squared_error,3,5,300,0.7,"{'learning_rate': 0.05, 'loss': 'squared_error', 'max_depth': 3, 'min_samples_leaf': 5, 'n_estimators': 300, 'subsample': 0.7}",-0.05250362893353144,0.08419989081832457,-0.20304457262959819,0.565116575131504,-0.12300718293732671,0.40727205084682017,0.2853872425519268,0.3609801019372092,0.6214769733363708,0.20117493919398344,0.21470523893156823,0.2699824967640065,128,-28.5010013371682,-20.770702051517084,-23.03525494182878,-14.846664662773897,-20.17453994096884,-15.63254814267257,-22.068871859396012,-16.234832301298887,-12.712781780100185,-28.467783763605095,-20.244498078132956,5.200015189238042,126,-16.854227270682095,-14.529814742126781,-15.93511768749217,-10.684901685726846,-15.41226658268024,-9.921716729603327,-15.334452605515892,-10.247738505456013,-9.663495213630956,-18.7915189250606,-13.737524994797491,3.142037424558073,130,20.244498078132956,5.200015189238042,13.737524994797491,3.142037424558073,0.21470523893156823,0.2699824967640065
GTB,10,20000,56.457966383298235,0.6491539478302002,0.10343862780299602,0.004160737991333008,0.0011012612247912645,0.1,huber,3,1,100,0.7,"{'learning_rate': 0.1, 'loss': 'huber', 'max_depth': 3, 'min_samples_leaf': 1, 'n_estimators': 100, 'subsample': 0.7}",0.026513101728094624,0.001207287516640454,-0.14521076012197676,0.5172803582626507,-0.020097738387377717,0.3880660927815237,0.31248472514113257,0.35098096963638614,0.5820424246926355,0.1818220584523047,0.2195088519702014,0.23477529173733785,120,-27.410273756529907,-21.691446446711993,-22.474750232391663,-15.641916275547995,-19.227962443899916,-15.883797101344586,-21.64641230066384,-16.36135740739965,-13.358587538342613,-28.810560077118932,-20.25070635799511,4.873251316536482,127,-15.37355212340296,-15.092545066038484,-14.330216049931002,-11.324606741871351,-14.79371741100876,-10.052973805406765,-13.730061777771347,-10.337330995132156,-9.36627226355299,-19.170015645929244,-13.357129188004507,2.900202606374239,67,20.25070635799511,4.873251316536482,13.357129188004507,2.900202606374239,0.2195088519702014,0.23477529173733785
GTB,10,20000,56.457966383298235,5.5220036745071415,0.5602612608139249,0.005436301231384277,0.001308533681799058,0.1,huber,5,1,500,0.7,"{'learning_rate': 0.1, 'loss': 'huber', 'max_depth': 5, 'min_samples_leaf': 1, 'n_estimators': 500, 'subsample': 0.7}",-0.05314542511714948,-0.025864465359076716,-0.04517782936298942,0.5894316018295237,-0.17758511493248075,0.19294136565011288,0.23969443931185075,0.49144043202189547,0.6462540593301014,0.24299230666974625,0.21009813700415342,0.2749493264117997,134,-28.509689690221673,-21.983448676032054,-21.470752140391433,-14.425644680963556,-20.65896341428109,-18.241250854617356,-22.763489312528726,-14.483100051168392,-12.289668619283908,-27.712644099546363,-20.253865153903455,5.191103348637325,128,-16.407652528643236,-15.359162268519926,-14.667271726029234,-10.759635757013639,-15.160744159386601,-11.889605108949617,-14.909788362158789,-10.452853384691215,-9.493384399932953,-17.67262063461691,-13.677271832994213,2.656248748204189,116,20.253865153903455,5.191103348637325,13.677271832994213,2.656248748204189,0.21009813700415342,0.2749493264117997
GTB,10,20000,56.457966383298235,0.9532278299331665,0.12214405954300506,0.004633593559265137,0.0011304096272084158,0.05,squared_error,3,1,300,0.7,"{'learning_rate': 0.05, 'loss': 'squared_error', 'max_depth': 3, 'min_samples_leaf': 1, 'n_estimators': 300, 'subsample': 0.7}",-0.05836886797659413,0.12899537363195546,-0.188463876961926,0.5560946506888251,-0.06755982507698044,0.3843653767091578,0.2511259477255332,0.408177787678655,0.5434965125014091,0.22379000652013592,0.2181653085440171,0.24825197944074318,123,-28.580304125024536,-20.2563438902638,-22.895237715672444,-14.999875727667877,-19.67018677721248,-15.931753930492157,-22.591711945041318,-15.623784737356203,-13.960998809324375,-28.061923263786152,-20.257212092184133,5.004010095918713,129,-16.436094505997538,-14.238371138159723,-14.922475420790478,-10.756985514329244,-15.210730918821477,-10.559723552319143,-15.630091692902887,-10.631105779397705,-10.410746692541805,-18.449940740456597,-13.724626595571658,2.767560414318697,127,20.257212092184133,5.004010095918713,13.724626595571658,2.767560414318697,0.2181653085440171,0.24825197944074318
GTB,10,20000,56.457966383298235,4.142550110816956,0.43702894693693867,0.004861307144165039,0.0008049357537304469,0.05,huber,5,5,500,0.7,"{'learning_rate': 0.05, 'loss': 'huber', 'max_depth': 5, 'min_samples_leaf': 5, 'n_estimators': 500, 'subsample': 0.7}",0.004178711441755856,0.10711262460413873,-0.13692497258973613,0.5574436773308404,-0.23964045547848278,0.3072548415377675,0.2970362571404541,0.44655503975761324,0.5423106179342287,0.22984873249291793,0.21151750741714975,0.2607665989627819,133,-27.72292312838832,-20.50922132211648,-22.393298384967157,-14.977066102690733,-21.196309061767174,-16.900082369762476,-21.88825871432627,-15.10872563076398,-13.979120833206062,-27.952189700202204,-20.262719524819083,4.776917543698444,130,-16.47223898315004,-14.531040615616595,-14.466056461688694,-10.598677484941353,-15.441971225544957,-10.475369878495657,-13.736266857947188,-9.762282232837393,-9.767041474240186,-17.93417648611128,-13.318512170057335,2.8188952558812796,58,20.262719524819083,4.776917543698444,13.318512170057335,2.8188952558812796,0.21151750741714975,0.2607665989627819
GTB,10,20000,56.457966383298235,0.4027806520462036,0.06128481213701372,0.004157876968383789,0.0015996478973912746,0.1,squared_error,3,5,100,1.0,"{'learning_rate': 0.1, 'loss': 'squared_error', 'max_depth': 3, 'min_samples_leaf': 5, 'n_estimators': 100, 'subsample': 1.0}",-0.08690152178588928,0.10181816938995158,-0.1166499386968991,0.5789374936685925,-0.0677841751113939,0.3759428699698236,0.20456490361235846,0.411852774369035,0.5002274939281268,0.26505904717314266,0.2167067116516848,0.23978276475240132,126,-28.962991444044615,-20.5699370774801,-22.192727842162526,-14.608840831931335,-19.672253535042024,-16.04036500013614,-23.2834389106979,-15.575200371786051,-14.607658944515084,-27.305745732207356,-20.281915969000313,4.922754747066687,131,-17.899099010534503,-14.245753798090455,-14.89804695056327,-10.620644465769928,-15.19155215287979,-10.371192161839476,-15.509380508179184,-10.504403593244247,-10.585667869598828,-18.087036848145427,-13.79127773588451,2.906909889410239,142,20.281915969000313,4.922754747066687,13.79127773588451,2.906909889410239,0.2167067116516848,0.23978276475240132
GTB,10,20000,56.457966383298235,1.1521147966384888,0.1567137473702895,0.004327130317687988,0.0007804383880932709,0.05,squared_error,3,5,300,1.0,"{'learning_rate': 0.05, 'loss': 'squared_error', 'max_depth': 3, 'min_samples_leaf': 5, 'n_estimators': 300, 'subsample': 1.0}",-0.05322798036627607,0.2081000184789613,-0.16355343150555646,0.5684649780254847,-0.08769235370240303,0.3202446338839059,0.17054353063992045,0.4322823532385759,0.519355045355848,0.22568114731593925,0.21401979413643998,0.24183829629441675,131,-28.51080709450216,-19.314612383637478,-22.65402261457449,-14.789397964012055,-19.85479514858178,-16.740884267752318,-23.776150977929742,-15.302303560690364,-14.325395934868517,-28.02771769323288,-20.32960876397818,4.996272153666437,132,-17.571571750064,-13.491024105456075,-16.0318703515096,-10.50431269447735,-15.265537359248164,-10.873061838179778,-15.630510429736052,-10.372813778231437,-10.145610940585245,-18.797937425517738,-13.868425067300544,3.0701999649233827,153,20.32960876397818,4.996272153666437,13.868425067300544,3.0701999649233827,0.21401979413643998,0.24183829629441675
GTB,10,20000,56.457966383298235,1.9012224435806275,0.25316636068682496,0.004014945030212403,0.0005631500886056962,0.05,huber,2,1,500,0.7,"{'learning_rate': 0.05, 'loss': 'huber', 'max_depth': 2, 'min_samples_leaf': 1, 'n_estimators': 500, 'subsample': 0.7}",0.007889678450522353,-0.0030468979139479657,0.009202021324545062,0.517671454681468,0.05519500571805924,0.2378000714491625,0.2548877258812039,0.38704542955605614,0.4977530138273393,0.2235241898432836,0.2187921692817692,0.19013895329812736,122,-27.671219635592745,-21.73759284972015,-20.9047375729083,-15.635578500469608,-18.504760262733743,-17.72705220183295,-22.534898651622903,-15.900279551120358,-14.64377710755709,-28.066727819730954,-20.33266241532888,4.527953133301821,133,-16.184069809277446,-15.044207994658349,-13.848320036586497,-10.965965990507774,-13.53173783799805,-10.844755782469074,-14.94109745847951,-11.12403262115703,-9.497467589516358,-18.848961117988594,-13.48306162386387,2.7483369143740553,76,20.33266241532888,4.527953133301821,13.48306162386387,2.7483369143740553,0.2187921692817692,0.19013895329812736
GTB,10,20000,56.457966383298235,2.14886531829834,0.2632457804111137,0.004435586929321289,0.001098560683338039,0.1,huber,2,5,500,1.0,"{'learning_rate': 0.1, 'loss': 'huber', 'max_depth': 2, 'min_samples_leaf': 5, 'n_estimators': 500, 'subsample': 1.0}",-0.05938669113712436,0.019888411794366956,0.05953646031542459,0.5488841888775817,0.08448792075628653,0.44518598144898036,0.1361808781274073,0.4302417431257146,0.5278888372420825,0.06653197235158292,0.2259439702902303,0.22142923871230102,107,-28.594043524346574,-21.487633727100064,-20.36681627390254,-15.121208306065283,-18.215639059734556,-15.124317461413963,-24.263651370102625,-15.329780270367246,-14.197653564001806,-30.77354593772856,-20.34742894947632,5.616788653433278,134,-17.19841467113534,-15.204018222897433,-13.06141717834119,-11.10350986796944,-13.662094991224304,-10.013976668677374,-15.991838758105153,-10.418993251914443,-9.499037174638806,-20.15862593734478,-13.631192672224824,3.3252195895881393,105,20.34742894947632,5.616788653433278,13.631192672224824,3.3252195895881393,0.2259439702902303,0.22142923871230102
GTB,10,20000,56.457966383298235,0.4075242757797241,0.012026861836079535,0.003360438346862793,0.00022262632892712075,0.05,squared_error,5,1,100,0.7,"{'learning_rate': 0.05, 'loss': 'squared_error', 'max_depth': 5, 'min_samples_leaf': 1, 'n_estimators': 100, 'subsample': 0.7}",-0.07307217383308173,0.03908433192496574,-0.20398654130177118,0.5649234498099982,-0.26000245720190684,0.18234812675343892,0.3131624052550588,0.46310920211064033,0.6133380926564074,0.309511049331853,0.19484154855056027,0.2955262252559844,154,-28.778144183874005,-21.27617079018817,-23.04427133376298,-14.849960889377696,-21.369682459848427,-18.360575500351235,-21.63574129425392,-14.881050698683172,-12.84872797637143,-26.467089405980673,-20.35114145326917,4.895394631630894,135,-17.865900294734598,-15.507560474868205,-15.063617425351058,-10.644868615785004,-16.444366946978313,-11.549546265352635,-14.299296659020722,-10.523298853786292,-9.537317322316525,-17.74703335850566,-13.918280621669902,2.960604837493253,159,20.35114145326917,4.895394631630894,13.918280621669902,2.960604837493253,0.19484154855056027,0.2955262252559844
GTB,10,20000,56.457966383298235,1.9025634288787843,0.23325504238456068,0.004754972457885742,0.0010600775970198996,0.05,squared_error,3,1,500,1.0,"{'learning_rate': 0.05, 'loss': 'squared_error', 'max_depth': 3, 'min_samples_leaf': 1, 'n_estimators': 500, 'subsample': 1.0}",-0.1497486612664769,0.03169346689927166,-0.06361657466222526,0.5640195618839858,-0.06937694713959042,0.2642993772005836,0.19457799669208287,0.5040881578010341,0.588097824353611,0.23204683431286632,0.20960810360751428,0.25934075551567565,135,-29.788578123289398,-21.357836694405496,-21.659314742114116,-14.865378562468564,-19.686920234498004,-17.41616913192533,-23.429147980069974,-14.301870975054452,-13.261464380525112,-27.912271787441053,-20.36789526117915,5.333273046960771,136,-18.13792950283486,-15.32141082779644,-14.983561062103055,-10.90978508918751,-15.649336361933134,-11.536361875288648,-15.435777576443089,-10.272097692989135,-9.17306515277722,-19.097369957071912,-14.051669509842501,3.215427295465115,180,20.36789526117915,5.333273046960771,14.051669509842501,3.215427295465115,0.20960810360751428,0.25934075551567565
GTB,10,20000,56.457966383298235,0.8324491739273071,0.10909380522636918,0.003895092010498047,0.0005929273227052065,0.1,squared_error,2,1,300,1.0,"{'learning_rate': 0.1, 'loss': 'squared_error', 'max_depth': 2, 'min_samples_leaf': 1, 'n_estimators': 300, 'subsample': 1.0}",-0.013903483215922385,0.11705028546858631,-0.07734041512702827,0.4095914004758293,0.027853953106821816,0.30097003557085844,0.03614026053822583,0.36218829172563016,0.5885534529989294,0.33057141234517895,0.20816751938871098,0.20828381546631097,136,-27.97348821787189,-20.394770176723494,-21.798601903077284,-17.29891277911232,-18.770598922795088,-16.976570759879436,-25.630180842856927,-16.219477506554387,-13.254127717517045,-26.06033205885262,-20.437706088524045,4.595928504391212,137,-15.768565167532847,-13.50591688648145,-14.52682543607034,-12.58868532507383,-14.919020725847844,-10.975754455407662,-17.421180154520208,-10.75706104860555,-9.51633940669445,-18.263497577964273,-13.824284618419847,2.7536329981923116,147,20.437706088524045,4.595928504391212,13.824284618419847,2.7536329981923116,0.20816751938871098,0.20828381546631097
GTB,10,20000,56.457966383298235,1.7431083917617798,0.22252427707325725,0.0045536279678344725,0.00105432827242923,0.1,huber,3,1,300,0.7,"{'learning_rate': 0.1, 'loss': 'huber', 'max_depth': 3, 'min_samples_leaf': 1, 'n_estimators': 300, 'subsample': 0.7}",0.027084992008420516,-0.07789088663166321,-0.20231105097936974,0.5136624059268851,-0.06701637774440039,0.38400219819309855,0.3566492449375681,0.37660920639065765,0.5349441040650444,0.16623224037029227,0.20119660765365327,0.25329016559635414,143,-27.402221274222896,-22.533996914777482,-23.028231330658812,-15.700424424347204,-19.665179530290583,-15.936452510986074,-20.939613339762968,-16.035068082546964,-14.091168804413496,-29.083747573660798,-20.441610378566725,4.874189115898622,138,-15.0875283984991,-16.021196664592228,-14.573269700988016,-11.202410578720617,-15.316166906731233,-9.594056616493216,-14.27619130603351,-9.899713326470373,-9.600219371659348,-19.34410991460135,-13.491486278478899,3.111078299712666,77,20.441610378566725,4.874189115898622,13.491486278478899,3.111078299712666,0.20119660765365327,0.25329016559635414
GTB,10,20000,56.457966383298235,1.1687673568725585,0.14966301804094567,0.004493522644042969,0.0012170152435547045,0.1,squared_error,3,1,300,1.0,"{'learning_rate': 0.1, 'loss': 'squared_error', 'max_depth': 3, 'min_samples_leaf': 1, 'n_estimators': 300, 'subsample': 1.0}",-0.10914705324942564,0.13851163223279095,-0.188686984510269,0.5324627935834805,-0.10906254127212933,0.29011739140132864,0.2339534129372346,0.49886404127072437,0.4752665388510201,0.2532952232103084,0.20155744544550638,0.2517266257031065,141,-29.257881892034625,-20.14538350337391,-22.897386649579502,-15.393967328326617,-20.048892694899937,-17.107846306847126,-22.84927062596194,-14.377004190317775,-14.968001560173118,-27.523412722548926,-20.456904747406348,4.932325984015173,139,-17.971083241865344,-14.521178281527487,-15.823127683817935,-11.334641501272516,-15.410835477376672,-10.750865083796876,-15.560216690658496,-10.555352930383911,-10.493960975467827,-18.92518232066821,-14.134644418683527,2.994740435090825,194,20.456904747406348,4.932325984015173,14.134644418683527,2.994740435090825,0.20155744544550638,0.2517266257031065
GTB,10,20000,56.457966383298235,1.4299175977706908,0.1975521678366409,0.004124069213867187,0.0006123809139558545,0.03,squared_error,3,5,500,0.7,"{'learning_rate': 0.03, 'loss': 'squared_error', 'max_depth': 3, 'min_samples_leaf': 5, 'n_estimators': 500, 'subsample': 0.7}",-0.05157916555451747,0.15356620002872245,-0.23144654350424188,0.5712593571002615,-0.031007997897447126,0.2782420591261058,0.1500005668087101,0.4087343023375103,0.6158522403989205,0.17024103762018927,0.20338620564642138,0.2585900789778526,139,-28.488481703259204,-19.968586742180428,-23.305581637662275,-14.741436266225449,-19.330513459852384,-17.25034785546242,-24.068779513845193,-15.616437167386596,-12.806887440436398,-29.013745269345005,-20.459079705565536,5.3413012480338224,140,-16.84861342263052,-13.987972847617403,-15.710879495941459,-10.801849020122148,-14.546807926687848,-10.823888486457411,-16.215786141259557,-10.215878838171003,-9.73175326065717,-19.300736766589097,-13.818416620613363,3.1124267241164665,145,20.459079705565536,5.3413012480338224,13.818416620613363,3.1124267241164665,0.20338620564642138,0.2585900789778526
GTB,10,20000,56.457966383298235,1.1816097497940063,0.1549204069368608,0.00426480770111084,0.0006736482119938502,0.05,squared_error,5,5,300,0.7,"{'learning_rate': 0.05, 'loss': 'squared_error', 'max_depth': 5, 'min_samples_leaf': 5, 'n_estimators': 300, 'subsample': 0.7}",-0.0709968968383694,0.0521220249511003,-0.15060349478401558,0.5186906796734789,-0.041417065641744966,0.211283674460776,0.20757308212817227,0.47610910410660445,0.49849083362855195,0.3052331926150028,0.20064851342995568,0.23551294660665748,144,-28.75030284884801,-21.131340424687803,-22.52760426690697,-15.619049725372319,-19.427848936865033,-18.032771802167826,-23.239370521837518,-14.699786998176757,-14.633017023402726,-26.548949943078732,-20.46100424913437,4.645216518706227,141,-16.812134413743667,-15.270642799900147,-15.27271079540108,-10.816038199961525,-14.623896336242815,-11.461174425259049,-15.699407078483016,-10.107324020880943,-10.936836787562342,-17.550455846951582,-13.855062070438617,2.606424117172942,151,20.46100424913437,4.645216518706227,13.855062070438617,2.606424117172942,0.20064851342995568,0.23551294660665748
GTB,10,20000,56.457966383298235,2.546147179603577,0.36258235717890935,0.0042765140533447266,0.0006935341405128938,0.1,huber,5,5,300,0.7,"{'learning_rate': 0.1, 'loss': 'huber', 'max_depth': 5, 'min_samples_leaf': 5, 'n_estimators': 300, 'subsample': 0.7}",-0.10152283213715263,0.01765833851368892,-0.03636370404356404,0.5587476273065375,-0.14335488931149176,0.23299065787089346,0.2355345494854646,0.4883991836428212,0.5721421675731903,0.1905051332534239,0.20147362321538115,0.25508981694326843,142,-29.157149881835377,-21.512065522187534,-21.380027590922527,-14.95498557807837,-20.356490153066133,-17.7828923130922,-22.82567775386506,-14.526340855511439,-13.515875526727887,-28.657273420055834,-20.466877859534236,5.20861725980571,142,-18.537715821429266,-15.362515771772705,-13.920127415073754,-10.312329030932007,-14.935633310402018,-11.46272614636143,-14.892641847267555,-8.589493187982816,-9.797404503326232,-17.831677740828265,-13.564226477537606,3.2230536798199076,88,20.466877859534236,5.20861725980571,13.564226477537606,3.2230536798199076,0.20147362321538115,0.25508981694326843
GTB,10,20000,56.457966383298235,1.1586635112762451,0.1708315889157178,0.004545474052429199,0.001149099941175422,0.05,squared_error,2,5,500,0.7,"{'learning_rate': 0.05, 'loss': 'squared_error', 'max_depth': 2, 'min_samples_leaf': 5, 'n_estimators': 500, 'subsample': 0.7}",-0.047635402920905845,0.09018862717122811,-0.13783839174245838,0.5547632371805352,-0.014473735950465416,0.33353264396415405,0.1588734733660232,0.3587882442228132,0.5706003664873447,0.19083452448621097,0.20576335862644796,0.23263814958871348,137,-28.435011004034436,-20.702677226739212,-22.402292101104493,-15.022353587799039,-19.174885389323386,-16.57644942254526,-23.94282632224523,-16.262651451233733,-13.540206099176068,-28.651442366979065,-20.47107949711799,5.083930926663117,143,-17.221320672402605,-14.827968731021056,-14.829284404835338,-10.524644164299104,-14.341700503725319,-9.948860777571113,-16.937617126678578,-10.891277007197322,-9.645298544482504,-19.41040890613759,-13.857838083835054,3.266256884565968,152,20.47107949711799,5.083930926663117,13.857838083835054,3.266256884565968,0.20576335862644796,0.23263814958871348
GTB,10,20000,56.457966383298235,2.8744976997375487,0.3504068481987822,0.004583334922790528,0.0007603826779175581,0.1,huber,3,1,500,0.7,"{'learning_rate': 0.1, 'loss': 'huber', 'max_depth': 3, 'min_samples_leaf': 1, 'n_estimators': 500, 'subsample': 0.7}",0.023414351110631615,-0.05328053308009695,-0.24254462155807865,0.48731168961855253,-0.03396130222228666,0.3727347708701202,0.35319104270486523,0.38051003600765443,0.549352095213857,0.1609503194652696,0.19976778481304885,0.252571782727862,145,-27.45386454242134,-22.275263968864156,-23.410363704668764,-16.120153739352634,-19.358179620074917,-16.081541611527538,-20.995816248336748,-15.984820126302845,-13.871170766261203,-29.175724942318933,-20.472689927012908,4.897166503524879,144,-15.239127127435045,-15.893703976683506,-14.93431719200782,-11.405210151989785,-15.135433544938588,-9.66109922270949,-14.53587083884624,-9.902836201102259,-9.509918394144814,-19.339162849411473,-13.555667949926903,3.108211621712583,85,20.472689927012908,4.897166503524879,13.555667949926903,3.108211621712583,0.19976778481304885,0.252571782727862
GTB,10,20000,56.457966383298235,0.8162195444107055,0.013668865682173206,0.003670811653137207,0.00013241628153994064,0.1,squared_error,3,1,300,0.7,"{'learning_rate': 0.1, 'loss': 'squared_error', 'max_depth': 3, 'min_samples_leaf': 1, 'n_estimators': 300, 'subsample': 0.7}",0.009646685131650679,0.10158934416217469,-0.10350726609878413,0.463578439438149,-0.19338227032892719,0.2765115923703273,0.24545926883656166,0.36145066690585814,0.6494645356990645,0.18435085113155925,0.1995161847247634,0.24464396932239516,146,-27.64670620125224,-20.57255715986505,-22.061740028217184,-16.489048079574555,-20.7970704759152,-17.27101495217417,-22.677025830009658,-16.228853653132923,-12.233773107481902,-28.76600233977023,-20.474379182739312,4.896477372935557,145,-15.883246151925452,-14.872860576637171,-14.71849489697207,-11.417712650717739,-15.35326700869652,-11.165945493510359,-15.721148891387914,-10.652168274695516,-9.014470020399175,-19.2813598009365,-13.80806737658784,2.964900690431926,144,20.474379182739312,4.896477372935557,13.80806737658784,2.964900690431926,0.1995161847247634,0.24464396932239516
GTB,10,20000,56.457966383298235,1.8580160856246948,0.20288542773203955,0.004515171051025391,0.0008472906435543693,0.05,squared_error,3,5,500,1.0,"{'learning_rate': 0.05, 'loss': 'squared_error', 'max_depth': 3, 'min_samples_leaf': 5, 'n_estimators': 500, 'subsample': 1.0}",-0.043251452752701036,0.1756254597986745,-0.20664312228879678,0.5536649209756253,-0.09445769063132459,0.321383150057747,0.16267837586213385,0.44009861275785345,0.510343585560279,0.20652914234336828,0.20259709816828592,0.24636774595823283,140,-28.375453854871328,-19.706664177923216,-23.06968077085792,-15.040870849980918,-19.916446843757537,-16.726858813962153,-23.888611305191876,-15.196598446853859,-14.459063473910026,-28.372219308468864,-20.47524678457777,5.01699125503689,146,-17.46166228665999,-13.797810627083107,-16.21743260955369,-10.816685965807482,-15.253625941844561,-10.948054546309924,-15.680086417849894,-10.335391157155785,-10.304604735022282,-18.91753640201849,-13.973289068930521,3.0338664281025185,167,20.47524678457777,5.01699125503689,13.973289068930521,3.0338664281025185,0.20259709816828592,0.24636774595823283
GTB,10,20000,56.457966383298235,1.232299566268921,0.16814925279309956,0.004510712623596191,0.0008051657202946168,0.03,squared_error,5,5,300,0.7,"{'learning_rate': 0.03, 'loss': 'squared_error', 'max_depth': 5, 'min_samples_leaf': 5, 'n_estimators': 300, 'subsample': 0.7}",-0.03487569433741933,0.15986316638080178,-0.18326794225390963,0.5563823827474185,-0.11680181896574493,0.2064680847375534,0.17476347689519456,0.43314992291982646,0.5534992480394556,0.23496928617123536,0.19841501123344119,0.2474349854442043,149,-28.26131795004255,-19.894170849649566,-22.845134186014516,-14.99501360476694,-20.118723831895668,-18.08773851238056,-23.715592031390404,-15.2906068215575,-13.807197513021498,-27.85911097750988,-20.487460627822905,4.886720253857479,147,-17.173092399823254,-14.1658358025587,-15.215647887553963,-10.597417797359949,-14.322937693394792,-11.365859631824001,-16.035058616856325,-9.879050051472355,-10.535775276714725,-18.342113753736353,-13.763278891129442,2.856790061569149,136,20.487460627822905,4.886720253857479,13.763278891129442,2.856790061569149,0.19841501123344119,0.2474349854442043
GTB,10,20000,56.457966383298235,0.4877991437911987,0.009883895820301998,0.003323006629943848,0.00024359040942406363,0.03,squared_error,5,5,100,1.0,"{'learning_rate': 0.03, 'loss': 'squared_error', 'max_depth': 5, 'min_samples_leaf': 5, 'n_estimators': 100, 'subsample': 1.0}",-0.078971826098309,0.23950882603734802,0.01177212502615077,0.5303394387947808,-0.3077349230065156,0.11276358843757783,0.26319163340820595,0.40255665764158377,0.5167732471764701,0.2555003151639814,0.19456990825812742,0.2524872564326997,156,-28.857145544086308,-18.927703298693213,-20.877606799701557,-15.428884149266544,-21.7706920005011,-19.12589424507056,-22.408976687883275,-15.697806776214094,-14.363819044129313,-27.482743015326296,-20.494127156087224,4.634565241814701,148,-18.360911779566525,-13.314532911846305,-13.565760106478633,-11.080045908151956,-16.156133875221247,-12.510511322709682,-13.37478540280665,-11.240513723554175,-10.966219789853765,-18.13217826540116,-13.87015930855901,2.6303116545536693,154,20.494127156087224,4.634565241814701,13.87015930855901,2.6303116545536693,0.19456990825812742,0.2524872564326997
GTB,10,20000,56.457966383298235,4.172711610794067,0.4773281457999864,0.0051411867141723635,0.0009229766632757541,0.1,huber,5,5,500,0.7,"{'learning_rate': 0.1, 'loss': 'huber', 'max_depth': 5, 'min_samples_leaf': 5, 'n_estimators': 500, 'subsample': 0.7}",-0.09998464470797352,0.014194068995045384,-0.039910245173348846,0.555600899832974,-0.15468786574588345,0.22466563862989175,0.2346700075816588,0.4879103241945856,0.5713496343705897,0.1864336080244514,0.1980241426001991,0.25633481125513163,150,-29.136784970593002,-21.549963744738392,-21.41657865274842,-15.008215504577407,-20.457128531107873,-17.87913845267618,-22.838581004602755,-14.533279510747995,-13.528387655127784,-28.729251927361187,-20.507730995428098,5.20539266412869,149,-18.539236750762733,-15.45479596046379,-13.96268531980605,-10.315852396319748,-15.035205575185518,-11.523501322520973,-14.919475408801436,-8.72958571451691,-9.852967968774653,-18.013696662369895,-13.63470030795217,3.226391676207477,108,20.507730995428098,5.20539266412869,13.63470030795217,3.226391676207477,0.1980241426001991,0.25633481125513163
GTB,10,20000,56.457966383298235,1.5059998035430908,0.18939320439945606,0.004512929916381836,0.000959811894438933,0.05,squared_error,3,1,500,0.7,"{'learning_rate': 0.05, 'loss': 'squared_error', 'max_depth': 3, 'min_samples_leaf': 1, 'n_estimators': 500, 'subsample': 0.7}",-0.066918133897234,0.11061377340343348,-0.24002779019982734,0.5362009849801312,-0.11142084291385901,0.35836255116566273,0.2224387701315942,0.4001275495354829,0.5269679647888852,0.23012085275120842,0.19664656797454777,0.2561659189596133,152,-28.695504589716194,-20.468971920923906,-23.386642301439203,-15.332302626592966,-20.070197277294128,-16.264732441047848,-23.02035673886487,-15.72968677744611,-14.211493375313035,-27.947251041125796,-20.512713908976405,4.944093580764476,150,-16.571095546178288,-14.551298822639268,-15.294211017674119,-11.033916525573165,-15.484520310885873,-10.682154638106649,-15.92850137000354,-10.720394067498473,-10.49397728785137,-18.199969226247028,-13.896003881265779,2.73674463318811,157,20.512713908976405,4.944093580764476,13.896003881265779,2.73674463318811,0.19664656797454777,0.2561659189596133
GTB,10,20000,56.457966383298235,1.9368436574935912,0.24884948148107802,0.004210996627807617,0.0006886891724784672,0.1,huber,2,1,500,0.7,"{'learning_rate': 0.1, 'loss': 'huber', 'max_depth': 2, 'min_samples_leaf': 1, 'n_estimators': 500, 'subsample': 0.7}",-0.060531833852408345,-0.11011942198518243,-0.06485265598143442,0.4815308521436208,0.06628255370044012,0.29350693117193005,0.295253173072196,0.4461124421004471,0.5214028192547451,0.17143386095937274,0.20400187205837267,0.22664542614311944,138,-28.609493698007757,-22.86839478212453,-21.671896766986713,-16.21078070640598,-18.395860587452002,-17.066954256328238,-21.91600117464984,-15.114765752765653,-14.294846894716013,-28.992883355917424,-20.514187797535413,4.989929046129383,151,-16.62094689444372,-15.603568568210463,-14.359840932766273,-11.439859442565226,-13.545194552447423,-10.403269219261096,-14.772024091152241,-10.533100125836548,-9.448781948958084,-19.89866726683962,-13.662525304248069,3.102455571905613,115,20.514187797535413,4.989929046129383,13.662525304248069,3.102455571905613,0.20400187205837267,0.22664542614311944
GTB,10,20000,56.457966383298235,0.686174464225769,0.09672898009920795,0.003793931007385254,0.0005071258728972622,0.1,squared_error,2,1,300,0.7,"{'learning_rate': 0.1, 'loss': 'squared_error', 'max_depth': 2, 'min_samples_leaf': 1, 'n_estimators': 300, 'subsample': 0.7}",0.04603864838668714,0.05002630534082764,-0.24353946680830707,0.5615308297347336,0.04287360635901505,0.15837704404185227,0.2912582744776847,0.32711997579307306,0.46488887726245687,0.25178301357451527,0.19503571081625384,0.22296589367309508,153,-27.133992940914606,-21.154687793454084,-23.419733601277585,-14.907746632162745,-18.625031634566582,-18.627769617968976,-21.978029463159583,-16.659402991048935,-15.115288099979733,-27.551268523107435,-20.517295129764026,4.32324702913767,152,-15.847304887795925,-14.443171417346463,-15.298450583281975,-10.549995649228924,-14.528178040122212,-11.738396754083343,-16.00934947040729,-11.283670577410629,-11.003031901727514,-18.96832289254108,-13.966987217394536,2.601198646968515,164,20.517295129764026,4.32324702913767,13.966987217394536,2.601198646968515,0.19503571081625384,0.22296589367309508
GTB,10,20000,56.457966383298235,1.0080562353134155,0.0320652403491683,0.003851962089538574,0.0007654715039411916,0.03,squared_error,3,5,300,1.0,"{'learning_rate': 0.03, 'loss': 'squared_error', 'max_depth': 3, 'min_samples_leaf': 5, 'n_estimators': 300, 'subsample': 1.0}",-0.11177715471918792,0.118746379887677,-0.12607893395828618,0.5683802602531665,-0.1261111384564506,0.3375925623474868,0.20518689088835274,0.41625972144056045,0.5050351445919683,0.20634826985440902,0.1993582002129696,0.24718345656450796,147,-29.292550709700578,-20.375172184154998,-22.286228605444677,-14.7908495997994,-20.20240158990777,-16.525882927536237,-23.27433393472124,-15.516738696170727,-14.537228667159452,-28.375452862329283,-20.517683977692435,5.090145447195542,153,-18.247036776272996,-13.806046550610695,-15.464154297184187,-10.59026320118015,-15.789159807686787,-10.689422280488175,-15.401643456408989,-10.51091802934261,-10.388244536843578,-19.020003351644377,-13.990689228766254,3.136696534022958,173,20.517683977692435,5.090145447195542,13.990689228766254,3.136696534022958,0.1993582002129696,0.24718345656450796
GTB,10,20000,56.457966383298235,3.093430209159851,0.35367515416915,0.004499268531799316,0.0007141774079763553,0.03,huber,5,5,300,1.0,"{'learning_rate': 0.03, 'loss': 'huber', 'max_depth': 5, 'min_samples_leaf': 5, 'n_estimators': 300, 'subsample': 1.0}",-0.04648297321041772,0.17211445502430012,0.09995205827135523,0.6059791906054726,-0.3048251296848341,0.12982901270588665,0.3264524734051911,0.4593752580541256,0.3820330475137024,0.12145814307217961,0.19458855357569615,0.24867856788289822,155,-28.41936702704587,-19.748584855349687,-19.92438777837595,-14.131948663083778,-21.74645792569527,-18.941063992200284,-21.425396772711803,-14.932708070409966,-16.24340472700959,-29.854448069121897,-20.536776788100408,4.955907789856812,154,-17.4447009110757,-13.503540508980917,-13.01512953235952,-10.080675221984148,-16.347805676291575,-12.714112899586667,-12.657703483910876,-10.761480702476058,-10.487995253597454,-18.5492131579884,-13.556235734825131,2.8099684645538514,86,20.536776788100408,4.955907789856812,13.556235734825131,2.8099684645538514,0.19458855357569615,0.24867856788289822
GTB,10,20000,56.457966383298235,1.8452641487121582,0.19488136808229622,0.004126524925231934,0.0006070316766960452,0.1,squared_error,3,1,500,1.0,"{'learning_rate': 0.1, 'loss': 'squared_error', 'max_depth': 3, 'min_samples_leaf': 1, 'n_estimators': 500, 'subsample': 1.0}",-0.10759564289983103,0.12710584905337907,-0.21382731475587513,0.5317284256197282,-0.11901072646090105,0.2836299538048209,0.23103412587129768,0.4986717500151474,0.4645840645072251,0.24664808539477,0.19429685701497612,0.25534499960537516,157,-29.237412620481503,-20.278303661182836,-23.138255754371475,-15.406052356639002,-20.138610281889026,-17.185840659447184,-22.89276677412718,-14.379762231315324,-15.119592511241056,-27.645647484971292,-20.542224433566588,4.935467111897034,155,-17.90688627925464,-14.62496563226546,-16.02205344983339,-11.3067093990631,-15.371852199842678,-10.92343255419682,-15.609490269001386,-10.63874695021878,-10.518622136201344,-19.025632139767136,-14.194839100964472,2.98713794517835,201,20.542224433566588,4.935467111897034,14.194839100964472,2.98713794517835,0.19429685701497612,0.25534499960537516
GTB,10,20000,56.457966383298235,4.9513813018798825,0.35033603358164456,0.004844927787780761,0.0008364108250375035,0.03,huber,5,5,500,1.0,"{'learning_rate': 0.03, 'loss': 'huber', 'max_depth': 5, 'min_samples_leaf': 5, 'n_estimators': 500, 'subsample': 1.0}",-0.05304542014602531,0.1611946629750286,0.09662362840244121,0.5985405622005312,-0.3219379477730988,0.11748374276567464,0.3384660209876501,0.4505661380278202,0.39790754872949863,0.11762581551961171,0.1903424751689132,0.25323185059239167,159,-28.508336041279346,-19.878399892275585,-19.96119455636303,-14.264721851707987,-21.88859610932273,-19.0749509103193,-21.233462941970522,-15.053875743433084,-16.033414910808254,-29.91949193920964,-20.58164448966895,4.964439461103,156,-17.45823943801834,-13.618255374860828,-13.127632838340563,-10.051091535003907,-16.32560018115856,-12.711164886121272,-12.75062297264247,-10.843653901270022,-10.364067856501224,-18.583649101933347,-13.583397808585053,2.8204130032114163,91,20.58164448966895,4.964439461103,13.583397808585053,2.8204130032114163,0.1903424751689132,0.25323185059239167
GTB,10,20000,56.457966383298235,3.8150426864624025,0.3784519650429628,0.004622697830200195,0.0008630777129775856,0.03,huber,5,1,300,1.0,"{'learning_rate': 0.03, 'loss': 'huber', 'max_depth': 5, 'min_samples_leaf': 1, 'n_estimators': 300, 'subsample': 1.0}",-0.1334865553704816,0.03961882866262256,-0.009254842844322875,0.5923760347974569,-0.1957388418910757,0.10164089584814129,0.2976300460265826,0.5579557573613524,0.40077530919322735,0.22205022979560007,0.1873566861579103,0.2603513093307412,165,-29.57716227927594,-21.27025267162554,-21.098548818511254,-14.37382411667281,-20.817594332786335,-19.24540516004488,-21.879012326675138,-13.50278912799628,-15.99518583599997,-28.093354290936443,-20.585312896052457,5.012918933701759,157,-18.234782172469963,-14.783990260430775,-12.874012604918626,-10.124950654226483,-16.03648568365992,-12.792804965158814,-12.628964994789724,-10.014888898573211,-10.798804353229759,-18.72669937446745,-13.701638396192473,2.9982738562401425,120,20.585312896052457,5.012918933701759,13.701638396192473,2.9982738562401425,0.1873566861579103,0.2603513093307412
GTB,10,20000,56.457966383298235,2.1177929162979128,0.2922674920967583,0.0058268547058105465,0.0030526549395281767,0.05,squared_error,5,5,500,0.7,"{'learning_rate': 0.05, 'loss': 'squared_error', 'max_depth': 5, 'min_samples_leaf': 5, 'n_estimators': 500, 'subsample': 0.7}",-0.0777716108956954,0.0389579172970379,-0.16874698389794562,0.49988946850530125,-0.052738989030559624,0.20579464927340008,0.19364604700212018,0.46911923728865923,0.4959708155448842,0.2974991915868953,0.19016197426740974,0.2369625943730976,160,-28.84109117594752,-21.277570252622894,-22.704524745996366,-15.921188043761948,-19.53316985896383,-18.095412016803817,-23.442698935052487,-14.79752595002877,-14.669735454894628,-26.69630970521259,-20.597922613928485,4.6496097388778015,158,-16.939903194489585,-15.403424175758841,-15.463818730202384,-10.989687647986711,-14.720707769464198,-11.471189657002268,-15.769360448847868,-10.249337809086946,-10.905754654163285,-17.6994067962258,-13.961259088322787,2.6301090656392514,162,20.597922613928485,4.6496097388778015,13.961259088322787,2.6301090656392514,0.19016197426740974,0.2369625943730976
GTB,10,20000,56.457966383298235,1.4244550228118897,0.18316746583268056,0.004281544685363769,0.0005394143973384099,0.05,squared_error,3,5,500,0.7,"{'learning_rate': 0.05, 'loss': 'squared_error', 'max_depth': 3, 'min_samples_leaf': 5, 'n_estimators': 500, 'subsample': 0.7}",-0.0826921355423258,0.072779315988447,-0.2547092349793716,0.5449210122252401,-0.13688269645872952,0.36579142366064443,0.24162267412682614,0.3492595391747737,0.595447189650582,0.18406301167177408,0.18796000995178605,0.2723970258928364,161,-28.906852647258063,-20.899812313821265,-23.524679283628487,-15.187485049429203,-20.298792358653525,-16.170301854689196,-22.734605387402198,-16.383041122801444,-13.142623037039826,-28.771077598059758,-20.601927065278296,5.209356318280581,159,-17.20695966536245,-14.68156009980688,-16.296794579545196,-10.904655797235913,-15.456169054725947,-10.204051247102754,-16.0152604294245,-10.530516446252761,-9.870146935054018,-18.82540862724943,-13.999152288175987,3.139650125247045,175,20.601927065278296,5.209356318280581,13.999152288175987,3.139650125247045,0.18796000995178605,0.2723970258928364
GTB,10,20000,56.457966383298235,0.8551722764968872,0.12873722735759327,0.0040218114852905275,0.0006705145193714911,0.1,squared_error,2,5,300,1.0,"{'learning_rate': 0.1, 'loss': 'squared_error', 'max_depth': 2, 'min_samples_leaf': 5, 'n_estimators': 300, 'subsample': 1.0}",-0.08695428683850825,0.12871183508519612,-0.05008770241891858,0.601193562627081,0.03438651922004077,0.32710495112608573,0.06500107329385174,0.2894304163307869,0.4840782733549759,0.19668992791116102,0.19895545696917522,0.214809546633378,148,-28.96369445861854,-20.259640650576067,-21.52112402428336,-14.21751030363564,-18.707425869876843,-16.656192756113875,-25.243542846763926,-17.11961220502142,-14.841792273711214,-28.547588232789472,-20.607812362139036,5.106695801311529,160,-17.174905003493215,-13.977456389161363,-14.592003360360437,-9.996766613444771,-14.501305116570453,-10.65035852778731,-17.206713148839412,-11.455806657794069,-10.687277720012238,-19.712874948897568,-13.995546748636084,3.13520461990645,174,20.607812362139036,5.106695801311529,13.995546748636084,3.13520461990645,0.19895545696917522,0.214809546633378
GTB,10,20000,56.457966383298235,1.2808719158172608,0.15066437772482472,0.004547929763793946,0.0012193996634022892,0.05,squared_error,5,1,300,0.7,"{'learning_rate': 0.05, 'loss': 'squared_error', 'max_depth': 5, 'min_samples_leaf': 1, 'n_estimators': 300, 'subsample': 0.7}",-0.08310568432922927,-0.027065671079376408,-0.23578945875698842,0.5207019480875694,-0.25048027732431244,0.18172298204732995,0.3030918434807741,0.46687738791006483,0.5945107650112885,0.28956286141449106,0.17600266964616113,0.2945317247054968,172,-28.912372800280217,-21.99631534589688,-23.34664110795444,-15.586381556834322,-21.288781082089987,-18.36759304894256,-21.793778075454547,-14.828737173066097,-13.157824961372116,-26.846683692479804,-20.612510884437096,4.881820843782743,161,-17.86763087132268,-15.914856982994412,-15.349648239913998,-11.242477396967175,-16.23025392168593,-11.774111501844898,-14.316293530734548,-10.337931424003623,-9.790038924138798,-17.88590266154469,-14.070914545515075,2.902823627811037,185,20.612510884437096,4.881820843782743,14.070914545515075,2.902823627811037,0.17600266964616113,0.2945317247054968
GTB,10,20000,56.457966383298235,6.278347778320312,0.6211389211239443,0.005010747909545898,0.0011249768929769977,0.03,huber,5,1,500,1.0,"{'learning_rate': 0.03, 'loss': 'huber', 'max_depth': 5, 'min_samples_leaf': 1, 'n_estimators': 500, 'subsample': 1.0}",-0.12877281346045177,0.02127143599521375,-0.02801641260229748,0.5936845339989311,-0.18003113506031654,0.08198057851631013,0.2702054947103312,0.5575751857111086,0.4014341077985536,0.2504460976865762,0.18397770732939592,0.2605204217535551,167,-29.515598090989428,-21.47246789859776,-21.29375183025739,-14.350735121552564,-20.680408160039388,-19.45485535949704,-22.3020633466525,-13.508600393795222,-15.986390717753892,-27.57587187368905,-20.614074279282423,4.941990293008203,162,-18.237146072285736,-14.94963760301981,-12.956019204556082,-9.871801506294661,-16.00943873916983,-13.124254973901026,-12.90307001572698,-9.835989699281795,-10.965665647267224,-18.49748749684065,-13.735051095834383,2.984405254350807,129,20.614074279282423,4.941990293008203,13.735051095834383,2.984405254350807,0.18397770732939592,0.2605204217535551
GTB,10,20000,56.457966383298235,1.395366644859314,0.18636117487538464,0.004596042633056641,0.0007949651558393575,0.05,squared_error,2,5,500,1.0,"{'learning_rate': 0.05, 'loss': 'squared_error', 'max_depth': 2, 'min_samples_leaf': 5, 'n_estimators': 500, 'subsample': 1.0}",-0.08382360605384243,0.13446983873514473,-0.02995491917059967,0.6207043848300438,0.014658508403791126,0.24173225869499493,0.05301758403521817,0.32716335390580953,0.5261730570698775,0.17011049229302333,0.1974250952743461,0.22266675307349146,151,-28.921953297543702,-20.192585650293225,-21.313818940241834,-13.865367428634585,-18.89756110254165,-17.681266167228607,-25.404795766817323,-16.658865997021657,-14.223429230584657,-29.01602753448256,-20.617567111538982,5.261261252498714,163,-17.382233466954823,-13.844668317847423,-14.24572683626856,-9.861888244718845,-14.810360410032494,-11.139718503805932,-17.271073714027366,-10.951749168594288,-10.13786885752003,-20.08468960645664,-13.97299771262264,3.3077159139277943,166,20.617567111538982,5.261261252498714,13.97299771262264,3.3077159139277943,0.1974250952743461,0.22266675307349146
GTB,10,20000,56.457966383298235,1.89644296169281,0.261399954319949,0.004488825798034668,0.0007337273667986301,0.03,squared_error,3,5,500,1.0,"{'learning_rate': 0.03, 'loss': 'squared_error', 'max_depth': 3, 'min_samples_leaf': 5, 'n_estimators': 500, 'subsample': 1.0}",-0.1179577111986354,0.12552917600944247,-0.1658232698296842,0.5564489675504594,-0.087328216844766,0.30828133051176243,0.16895213616528315,0.4326427472978186,0.5137715891364258,0.19412992233596738,0.19286466711340736,0.24796621697555876,158,-29.373858976556146,-20.29660933444492,-22.676108371016277,-14.99388822396975,-19.85147138341363,-16.887556710716815,-23.798948499836396,-15.297445745515605,-14.408361823544501,-28.593040079690294,-20.617728914870433,5.17422627763601,164,-18.08987042408858,-13.859322639332971,-15.977385363077424,-10.50418172301202,-15.376224448227557,-10.813934942334862,-15.593858243820534,-10.152363874219247,-10.31963805329313,-19.095323362374494,-13.978210307378083,3.190140388223351,169,20.617728914870433,5.17422627763601,13.978210307378083,3.190140388223351,0.19286466711340736,0.24796621697555876
GTB,10,20000,56.457966383298235,1.479427981376648,0.20860089378317542,0.004823207855224609,0.0013016513365736225,0.1,squared_error,3,1,500,0.7,"{'learning_rate': 0.1, 'loss': 'squared_error', 'max_depth': 3, 'min_samples_leaf': 1, 'n_estimators': 500, 'subsample': 0.7}",-0.002836336531719219,0.10725372324984428,-0.13703339111697632,0.4445118948544441,-0.2198897043124013,0.2532464325104141,0.24397986068833144,0.3705487947907835,0.6466516260398324,0.16766200860180336,0.1874094908774356,0.2514446066566517,163,-27.820398619387564,-20.50760077188472,-22.394366085392253,-16.77953238067771,-21.026774433994714,-17.54650905115383,-22.699246067469456,-16.1128235358339,-12.282760643627686,-29.058800062747068,-20.62288116521689,4.947003940962214,165,-16.10017339973307,-14.816723189945163,-14.910183546311046,-11.439886900887696,-15.605348126028288,-11.483420978969688,-15.744319506311477,-10.795615372557004,-9.079893235821595,-19.37821792306154,-13.93537821796266,2.9626397191255656,161,20.62288116521689,4.947003940962214,13.93537821796266,2.9626397191255656,0.1874094908774356,0.2514446066566517
GTB,10,20000,56.457966383298235,1.402821683883667,0.2262170427946998,0.003790283203125,0.0006563664539224836,0.03,huber,5,1,100,1.0,"{'learning_rate': 0.03, 'loss': 'huber', 'max_depth': 5, 'min_samples_leaf': 1, 'n_estimators': 100, 'subsample': 1.0}",-0.10295392518213609,0.10057196901648668,0.04134347314547593,0.5751264241482025,-0.2344956383615835,0.1312526908827717,0.2963069924915499,0.534774313271396,0.3572993267141841,0.17721056352126208,0.18764361896476092,0.2462023368508827,162,-29.176084146854944,-20.58420221671188,-20.562867674943302,-14.67480478469975,-21.152278344654338,-18.925563005283966,-21.899609367703675,-13.852318193716302,-16.56528139412902,-28.891638447393646,-20.628464757609084,4.939735325361047,166,-17.87759982201257,-13.997922413380573,-12.374895768828587,-10.420499350848345,-16.2515472073795,-12.676224151527135,-12.620402940466569,-10.346219576650503,-10.823719481131963,-18.789406308302397,-13.617843702052813,2.900544026009787,101,20.628464757609084,4.939735325361047,13.617843702052813,2.900544026009787,0.18764361896476092,0.2462023368508827
GTB,10,20000,56.457966383298235,2.1587301969528196,0.2659992635148221,0.004662203788757324,0.0005697549703569018,0.05,squared_error,5,1,500,0.7,"{'learning_rate': 0.05, 'loss': 'squared_error', 'max_depth': 5, 'min_samples_leaf': 1, 'n_estimators': 500, 'subsample': 0.7}",-0.08772984661219407,-0.030437214052163597,-0.24665820928592974,0.5145785645674249,-0.2505661175833065,0.1822411335700974,0.3040048221537258,0.4702323094915921,0.5921014961454656,0.28514213773117414,0.17329090761258858,0.29586816692069545,177,-28.974025652430726,-22.03238935839777,-23.449083043707077,-15.68562929004982,-21.289511762595122,-18.361776740282863,-21.779498019159103,-14.782005179296158,-13.196856563340523,-26.93008144201632,-20.64808570512755,4.899214724467022,167,-17.88195927518828,-15.960661107520819,-15.402381675055999,-11.294759870447535,-16.24110197680609,-11.78533217033601,-14.291038106593799,-10.337679651304677,-9.79479377843652,-17.878888030845502,-14.086859564253524,2.9030582043541404,189,20.64808570512755,4.899214724467022,14.086859564253524,2.9030582043541404,0.17329090761258858,0.29586816692069545
GTB,10,20000,56.457966383298235,1.053368091583252,0.15331910391537326,0.003605937957763672,0.00053121656409416,0.05,huber,5,5,100,1.0,"{'learning_rate': 0.05, 'loss': 'huber', 'max_depth': 5, 'min_samples_leaf': 5, 'n_estimators': 100, 'subsample': 1.0}",-0.03886857794528531,0.13443545240401278,0.09676885910790167,0.5841899840320652,-0.39243309075602006,0.12028172654199731,0.3461110856665408,0.47489466291586657,0.327904499841819,0.15394513033517432,0.18072297321440725,0.2624171468091131,168,-28.31578609341806,-20.192986758233424,-19.959589967743682,-14.51743682755906,-22.464643998875985,-19.044688706688095,-21.110413385582444,-14.716815059898211,-16.939864574540433,-29.29726521253839,-20.655949058507776,4.763220574760648,168,-17.104549206374195,-13.670538609277191,-13.021624276404365,-10.321849052120813,-16.640217704612116,-12.735700044499941,-12.697002904270091,-10.641914193805915,-10.697327877296978,-18.305325811405883,-13.583604968006748,2.7108329885645808,92,20.655949058507776,4.763220574760648,13.583604968006748,2.7108329885645808,0.18072297321440725,0.2624171468091131
GTB,10,20000,56.457966383298235,3.6653326749801636,0.4577650075132441,0.004444193840026855,0.0009016880217414921,0.05,huber,5,1,300,1.0,"{'learning_rate': 0.05, 'loss': 'huber', 'max_depth': 5, 'min_samples_leaf': 1, 'n_estimators': 300, 'subsample': 1.0}",-0.1478999197438322,0.07469161645107447,-0.04315872297860146,0.5546372788355209,-0.13532114128000194,0.03584248481940755,0.3500491007946773,0.5009740011202828,0.34462896811296373,0.2716347261293768,0.1806078392260868,0.24421442673096283,169,-29.764619175132196,-20.878249297826176,-21.45000318801067,-15.02447836403828,-20.284846954950723,-19.937746374657525,-21.04674915293422,-14.346706125855322,-16.727770474089542,-27.183315997785993,-20.664448510528064,4.626126452451746,169,-18.6724804451714,-14.277824102900363,-13.167309670738668,-10.743386429441667,-16.049504816965776,-13.610714370557233,-13.435771514659121,-10.05620579851603,-11.495136863920727,-18.309807943924525,-13.98181419567955,2.797812024916127,171,20.664448510528064,4.626126452451746,13.98181419567955,2.797812024916127,0.1806078392260868,0.24421442673096283
GTB,10,20000,56.457966383298235,1.204427218437195,0.13373483545431372,0.0035895586013793947,0.0003355872404076036,0.1,huber,5,1,100,1.0,"{'learning_rate': 0.1, 'loss': 'huber', 'max_depth': 5, 'min_samples_leaf': 1, 'n_estimators': 100, 'subsample': 1.0}",-0.06429048145799432,0.054915846676952484,0.01634357524699026,0.5516412522846625,-0.33738463639830196,0.05936162213748819,0.34534299286714887,0.515657999724813,0.43318542740421884,0.1844724379872028,0.17592460364731805,0.2695229829842149,174,-28.660146536830986,-21.100175672453233,-20.82926189166166,-15.074929697151342,-22.0161075309718,-19.693069730397898,-21.122808455504448,-14.134051897367527,-15.55660927032548,-28.763858220492963,-20.695101890315733,4.823885620184534,170,-17.68677116107769,-14.956613054212024,-13.489012949787984,-10.508788165978862,-17.019317289465,-13.109663836024003,-12.677584220857883,-10.350460622146493,-10.837270172707024,-19.15980325711804,-13.9795284729375,2.975839264582711,170,20.695101890315733,4.823885620184534,13.9795284729375,2.975839264582711,0.17592460364731805,0.2695229829842149
GTB,10,20000,56.457966383298235,1.18883159160614,0.20235866414355166,0.004367995262145996,0.0007838079452213884,0.1,huber,2,5,300,0.7,"{'learning_rate': 0.1, 'loss': 'huber', 'max_depth': 2, 'min_samples_leaf': 5, 'n_estimators': 300, 'subsample': 0.7}",-0.06260757562652364,-0.12262928171050014,-0.1708657412181791,0.5178403173679006,0.07992877758712091,0.3092335969761101,0.2583839995864342,0.39466198963667887,0.4911284764569841,0.17867873798096845,0.18737532970369947,0.2372517395809224,164,-28.637478190890505,-22.996884996543155,-22.72509532136868,-15.632841261564575,-18.260938610087255,-16.875928433827763,-22.481966484337125,-15.801182481411391,-14.740034988485318,-28.865850011616494,-20.701820078013224,4.980009710049744,171,-17.36150581492249,-15.657105669432804,-14.43920529846918,-11.210593257670764,-13.583775294800711,-10.359464774128698,-14.771850875632637,-10.677780673269893,-9.533174692342408,-18.751501686794487,-13.634595803746407,2.971079617231169,107,20.701820078013224,4.980009710049744,13.634595803746407,2.971079617231169,0.18737532970369947,0.2372517395809224
GTB,10,20000,56.457966383298235,1.9562613010406493,0.20813203131187827,0.004799962043762207,0.0008434894540424431,0.03,squared_error,5,5,500,0.7,"{'learning_rate': 0.03, 'loss': 'squared_error', 'max_depth': 5, 'min_samples_leaf': 5, 'n_estimators': 500, 'subsample': 0.7}",-0.03709248505671181,0.1276531446347251,-0.2336262113099874,0.5335834196015863,-0.1217415824399668,0.16764621931268775,0.16619561157736484,0.4359744275550751,0.5446936498130244,0.21863915954973823,0.1801925353237536,0.2524649197360299,170,-28.29157081687959,-20.271945521342715,-23.326198028909225,-15.37550758917605,-20.16316863989348,-18.524907580243898,-23.83838550462283,-15.25246417511313,-13.942681091443188,-28.154877279788476,-20.714170622741257,4.8871380656806584,172,-17.204604730652022,-14.490508253462316,-15.503359646377586,-10.806074004403508,-14.325269598431627,-11.75895342537891,-16.102303680184853,-9.852424572167463,-10.530305360172,-18.581892840466434,-13.915569611169673,2.875460555498679,158,20.714170622741257,4.8871380656806584,13.915569611169673,2.875460555498679,0.1801925353237536,0.2524649197360299
GTB,10,20000,56.457966383298235,3.678083562850952,0.38515005961146387,0.004308485984802246,0.0005446633532696778,0.1,huber,5,1,300,1.0,"{'learning_rate': 0.1, 'loss': 'huber', 'max_depth': 5, 'min_samples_leaf': 1, 'n_estimators': 300, 'subsample': 1.0}",-0.0634694189322631,0.048313687387429693,-0.0024909460461088884,0.5536167634797562,-0.43671302096512554,0.035390166674557966,0.36986638715060705,0.5169313488461188,0.4239663490266913,0.22818510476067466,0.16735964213823382,0.293355348419508,185,-28.64908925832115,-21.173748102256933,-21.027730077449068,-15.041682248381958,-22.81904089830363,-19.942422554054723,-20.723403052263993,-14.115460254303292,-15.682610911969148,-27.982363611734105,-20.7157550969038,4.7134056070670205,173,-17.604238115564605,-15.378499925493275,-13.692627551002825,-10.612386522522865,-17.78491532523025,-13.405432892369456,-12.807347550442248,-10.224876838111411,-11.253704719404586,-19.058765171017075,-14.18227946111586,2.9935806479069984,198,20.7157550969038,4.7134056070670205,14.18227946111586,2.9935806479069984,0.16735964213823382,0.293355348419508
GTB,10,20000,56.457966383298235,1.1476040363311768,0.14374899336669558,0.004086494445800781,0.0006808382319555812,0.1,squared_error,3,5,300,1.0,"{'learning_rate': 0.1, 'loss': 'squared_error', 'max_depth': 3, 'min_samples_leaf': 5, 'n_estimators': 300, 'subsample': 1.0}",-0.09109248671579451,0.12346086362228015,-0.2196437716219768,0.5477210415013924,-0.06581070577224724,0.330354606877307,0.15381132699510847,0.40723676780315365,0.47540586151499764,0.19017679601538295,0.18516203002196038,0.2437365892981891,166,-29.01877667135333,-20.320598090778294,-23.19362682143137,-15.140689856777072,-19.654066084536446,-16.615924663355745,-24.014765725407244,-15.636201010354242,-14.966014341472878,-28.663084634226994,-20.722374789969365,5.071072651365257,174,-17.294757322092458,-13.91880494425318,-15.770527277180705,-10.998696318880757,-14.937370095744905,-11.075803459317518,-15.95353317283692,-10.988407800312212,-10.854992947446126,-18.716595271181824,-14.05094886092466,2.7826526743753774,179,20.722374789969365,5.071072651365257,14.05094886092466,2.7826526743753774,0.18516203002196038,0.2437365892981891
GTB,10,20000,56.457966383298235,6.4970468282699585,1.0887686105115604,0.005092215538024902,0.0009277719325798024,0.05,huber,5,1,500,1.0,"{'learning_rate': 0.05, 'loss': 'huber', 'max_depth': 5, 'min_samples_leaf': 1, 'n_estimators': 500, 'subsample': 1.0}",-0.1507388934975804,0.06351786814017535,-0.04411895077243977,0.5478057180969322,-0.13596174445535958,0.026886102445435434,0.33965834403815254,0.4991009351157156,0.3434930153356144,0.2696044015269973,0.1759246795973643,0.24364961907292346,173,-29.801403213949435,-21.003930771952593,-21.45987328309095,-15.139272454905623,-20.290568994459502,-20.03013651480436,-21.214319129208803,-14.373605685049055,-16.742261296481104,-27.221176498153955,-20.727654784205537,4.620746079808736,175,-18.66818839949289,-14.39086416065517,-13.198166502200321,-10.916712934064613,-16.062731070402208,-13.745664789721394,-13.569402356842305,-10.053122901502684,-11.537324572075283,-18.476705295852376,-14.061888298280925,2.7972220469227014,181,20.727654784205537,4.620746079808736,14.061888298280925,2.7972220469227014,0.1759246795973643,0.24364961907292346
GTB,10,20000,56.457966383298235,6.199546670913696,0.6328784499566517,0.00469815731048584,0.0005677896614008596,0.1,huber,5,1,500,1.0,"{'learning_rate': 0.1, 'loss': 'huber', 'max_depth': 5, 'min_samples_leaf': 1, 'n_estimators': 500, 'subsample': 1.0}",-0.06189500408631643,0.04036355782654866,-0.014707376827497454,0.5519228463507238,-0.43902578463253783,0.03766703297980001,0.37109157223232336,0.5175347190180658,0.4231822968608516,0.23218600551965474,0.16583198652416162,0.29461840555116,186,-28.627874610696338,-21.262004045947933,-21.155464866975272,-15.070195009241989,-22.83740010651959,-19.918872588934647,-20.703246725599943,-14.106642140371578,-15.693280257233491,-27.909742492209944,-20.728472284373073,4.698507605617214,176,-17.58713994414663,-15.481442974154524,-13.767428593140934,-10.627518580183738,-17.79288512591337,-13.388923120904957,-12.869246602163384,-10.200570910586395,-11.27368314416598,-19.02150008215849,-14.20103390775184,2.9867665490704463,202,20.728472284373073,4.698507605617214,14.20103390775184,2.9867665490704463,0.16583198652416162,0.29461840555116
GTB,10,20000,56.457966383298235,0.5479340553283691,0.06743223508687725,0.0040967464447021484,0.0008360690300247808,0.05,squared_error,5,5,100,1.0,"{'learning_rate': 0.05, 'loss': 'squared_error', 'max_depth': 5, 'min_samples_leaf': 5, 'n_estimators': 100, 'subsample': 1.0}",-0.07227881576181638,0.24637375190228772,-0.03857512933458107,0.5458794640584719,-0.38520870510401317,0.11410756475532802,0.19605174278791304,0.4020984747648757,0.5085234180478146,0.22301276070592357,0.1739984526822204,0.2706471092736158,176,-28.767503895605945,-18.842079789713576,-21.402826121188987,-15.171483271949388,-22.40629135415012,-19.1114029041573,-23.407703057629938,-15.70382499359058,-14.485912407884083,-28.07596943381814,-20.737499722968803,4.799262310422154,177,-18.296530058226534,-12.919747881668599,-14.2541508845324,-11.247745583644623,-16.644394689468275,-12.327408999876122,-13.67865904569251,-11.134304871726385,-10.75685457854977,-18.418554792500526,-13.967835138588574,2.7459741008479384,165,20.737499722968803,4.799262310422154,13.967835138588574,2.7459741008479384,0.1739984526822204,0.2706471092736158
GTB,10,20000,56.457966383298235,1.6100997924804688,0.20735957640628724,0.004612779617309571,0.000895486022605696,0.03,squared_error,5,5,300,1.0,"{'learning_rate': 0.03, 'loss': 'squared_error', 'max_depth': 5, 'min_samples_leaf': 5, 'n_estimators': 300, 'subsample': 1.0}",-0.07433766485861804,0.2445330820904762,-0.12735917004395025,0.5371428871952053,-0.3820367422393216,0.05868101302235351,0.2088732462973335,0.4307631520659,0.5572070538805651,0.2371221186354554,0.1690588976045399,0.2880179347656127,181,-28.795108444613902,-18.865075867916676,-22.298893583198918,-15.316725977110268,-22.380622782671153,-19.700193009350215,-23.220297847702934,-15.322764212307577,-13.74974953295909,-27.819884936812848,-20.74693161946436,4.88365864295651,178,-18.266951520658676,-13.056286084865388,-14.887714132511627,-11.132162797622035,-16.81311521180271,-13.17874460123686,-14.05411097695709,-10.710598300385135,-10.640631597547511,-18.043074675035392,-14.078338989862242,2.7402847646875355,187,20.74693161946436,4.88365864295651,14.078338989862242,2.7402847646875355,0.1690588976045399,0.2880179347656127
GTB,10,20000,56.457966383298235,2.9706706285476683,0.39552870053165334,0.004975628852844238,0.0014912019513753,0.05,huber,5,5,300,1.0,"{'learning_rate': 0.05, 'loss': 'huber', 'max_depth': 5, 'min_samples_leaf': 5, 'n_estimators': 300, 'subsample': 1.0}",-0.07510042901310965,0.13477451592387624,0.021458387661951184,0.5806076157215605,-0.3446373730531447,0.0839758388211207,0.3332990692432072,0.4812826877651788,0.3412567212452411,0.14608681871684204,0.17030038530327235,0.2603254428557396,178,-28.80532868548391,-20.189031319078676,-20.77503735780384,-14.579839449878959,-22.075724310490834,-19.43370187703422,-21.316224285909435,-14.627024456453425,-16.770752075005674,-29.433009901553106,-20.800567371869207,4.8557146099060065,179,-17.37543995297658,-13.670895497237838,-13.698691003703166,-10.400532699270032,-16.29790677729655,-12.690075782541136,-13.11978021435348,-10.633695123795018,-10.771851922718824,-18.401863472635945,-13.706073244652856,2.6941666926693677,122,20.800567371869207,4.8557146099060065,13.706073244652856,2.6941666926693677,0.17030038530327235,0.2603254428557396
GTB,10,20000,56.457966383298235,4.738877439498902,0.4263809240746944,0.005125594139099121,0.0017496498752741932,0.05,huber,5,5,500,1.0,"{'learning_rate': 0.05, 'loss': 'huber', 'max_depth': 5, 'min_samples_leaf': 5, 'n_estimators': 500, 'subsample': 1.0}",-0.07205011027975727,0.12462474215639208,0.013340326958173332,0.5742325631882563,-0.35219590207211793,0.0819055097761433,0.3306197255269071,0.4842794518574799,0.37136248270428784,0.14105311663175346,0.16971719064475183,0.2636279251773762,180,-28.764435833172264,-20.307102649974812,-20.861035063960333,-14.69023330742141,-22.137683829425715,-19.45565077928491,-21.359014255088002,-14.58471120230678,-16.38304364919644,-29.519634224957795,-20.806254479478845,4.8896654090320535,180,-17.32404932417591,-13.771376602598098,-13.765077130083613,-10.438724631124007,-16.301407425339733,-12.66957538645145,-13.223418359858565,-10.610946544114688,-10.757343143659394,-18.515719888513434,-13.737763843591889,2.7058008669851454,131,20.806254479478845,4.8896654090320535,13.737763843591889,2.7058008669851454,0.16971719064475183,0.2636279251773762
GTB,10,20000,56.457966383298235,0.7932829141616822,0.010183472499824217,0.003586578369140625,0.00011058776902469003,0.1,squared_error,3,5,300,0.7,"{'learning_rate': 0.1, 'loss': 'squared_error', 'max_depth': 3, 'min_samples_leaf': 5, 'n_estimators': 300, 'subsample': 0.7}",-0.0407224926878933,-0.023519499919615106,-0.27334417710110026,0.5093040819541799,-0.10704245698120118,0.2022050754468686,0.26482625596670084,0.4096076332855205,0.6003267366623178,0.16091478414164395,0.1702555940767422,0.2688850311803057,179,-28.341040324434413,-21.95830894174217,-23.69872968996406,-15.770617348353174,-20.03062550494596,-18.1362588762071,-22.38410552786735,-15.604899750466231,-13.06312216859158,-29.176342759043525,-20.816405089161556,5.090303611685631,181,-17.046657612297704,-15.360506072561165,-15.376179791368521,-11.462648670613438,-14.929463102821318,-11.201829657646591,-15.58057961345421,-10.101704724410213,-9.983724388021665,-18.720452596524762,-13.97637462297196,2.902779354075254,168,20.816405089161556,5.090303611685631,13.97637462297196,2.902779354075254,0.1702555940767422,0.2688850311803057
GTB,10,20000,56.457966383298235,0.5232653141021728,0.04589067848534881,0.004651975631713867,0.0005558276607972749,0.1,squared_error,5,1,100,0.7,"{'learning_rate': 0.1, 'loss': 'squared_error', 'max_depth': 5, 'min_samples_leaf': 1, 'n_estimators': 100, 'subsample': 0.7}",-0.06069572904616494,-0.030397363938088784,-0.3235476590916764,0.5100807193206649,-0.24388232916017571,0.08578712447585712,0.38262258391758575,0.449855041759489,0.5179934032935116,0.27899887563601145,0.1566814667167014,0.29761514394342165,195,-28.611704276332077,-22.031963324814097,-24.161392261117577,-15.758132120290476,-21.23254347146946,-19.414478910721314,-20.512572065350312,-15.063614216277124,-14.345673133345803,-27.04554819751495,-20.81776219772332,4.6369968604407985,182,-17.546735169974788,-15.382899084066139,-15.758426271671263,-11.05818202538454,-15.402997074696627,-11.600668881704243,-14.259921780944664,-10.119205633177822,-11.066166946107742,-18.5813665135414,-14.077656938126925,2.804057784123501,186,20.81776219772332,4.6369968604407985,14.077656938126925,2.804057784123501,0.1566814667167014,0.29761514394342165
GTB,10,20000,56.457966383298235,1.3891171932220459,0.17377894029821928,0.004395437240600586,0.0010532749864895978,0.1,squared_error,2,1,500,1.0,"{'learning_rate': 0.1, 'loss': 'squared_error', 'max_depth': 2, 'min_samples_leaf': 1, 'n_estimators': 500, 'subsample': 1.0}",-0.004945930747624061,0.047465973105391024,-0.10414029974448313,0.4107965682631347,0.03048546277087605,0.22683381346758258,-0.055806475738561234,0.3540780347955891,0.5704276332789082,0.30198487293718435,0.17771796523879976,0.21528837864547593,171,-27.84964512599633,-21.183176257906098,-22.068067046547238,-17.281248112358824,-18.74517656733865,-17.854121995868663,-26.824825849971077,-16.322273202506924,-13.542929212911437,-26.61094118196594,-20.828240455337117,4.685158783589259,183,-15.39414110622606,-14.124312800477359,-14.676522474088923,-12.51714261782705,-14.972960821110986,-11.507878044061098,-17.994251690037597,-10.608558082892445,-9.709908020557826,-18.81580950004692,-14.032148515732626,2.8428059426488153,177,20.828240455337117,4.685158783589259,14.032148515732626,2.8428059426488153,0.17771796523879976,0.21528837864547593
GTB,10,20000,56.457966383298235,0.9372474431991578,0.019292393872190446,0.0035061359405517576,0.0005052738724082311,0.1,huber,5,5,100,1.0,"{'learning_rate': 0.1, 'loss': 'huber', 'max_depth': 5, 'min_samples_leaf': 5, 'n_estimators': 100, 'subsample': 1.0}",-0.07384860295629614,0.170434389497384,-0.03697653792883249,0.5521622579194949,-0.34500640199738974,0.04079455199348192,0.3444746343576601,0.48839453594270577,0.4106774714482032,0.12484934927431501,0.16759556475507265,0.2687002311814338,184,-28.788553618317408,-19.76861304705555,-21.386347992212517,-15.066168402359668,-22.078753388266243,-19.886478733422287,-21.136812805785176,-14.526406838520632,-15.862475414445948,-29.796772684750568,-20.829738292513603,4.9533296496953305,184,-17.76998310074018,-13.551143865280661,-13.924352294741396,-10.840096448162246,-16.398921215425204,-13.1467491683877,-12.430295378784304,-10.313856255754958,-10.208371085611207,-18.54530028405934,-13.71290690969472,2.8487089320256147,125,20.829738292513603,4.9533296496953305,13.71290690969472,2.8487089320256147,0.16759556475507265,0.2687002311814338
GTB,10,20000,56.457966383298235,1.093040895462036,0.1234101694664798,0.003972172737121582,0.0006027224626910117,0.1,squared_error,2,1,500,0.7,"{'learning_rate': 0.1, 'loss': 'squared_error', 'max_depth': 2, 'min_samples_leaf': 1, 'n_estimators': 500, 'subsample': 0.7}",0.06112937169526045,0.0169436166976894,-0.28400178726096126,0.5390879026690957,-0.007362361108545601,0.13015731101342476,0.25620179698954604,0.3119745298008607,0.42079025825011096,0.24566066613935467,0.1690581304885836,0.2251369262653277,182,-26.91852096499376,-21.519889860467373,-23.79769960493668,-15.28451016869351,-19.10756003548402,-18.93749061066648,-22.51501874369032,-16.84584785538066,-15.725786276463372,-27.66375914378162,-20.83160832645578,4.184735566039601,185,-15.574600004635267,-14.710498162949552,-15.514452561069826,-10.900341327670207,-14.839301696444986,-11.896241244273636,-16.445364528434983,-11.411629221376256,-10.876380153102678,-19.10266111892482,-14.127147001888222,2.613958880796918,193,20.83160832645578,4.184735566039601,14.127147001888222,2.613958880796918,0.1690581304885836,0.2251369262653277
GTB,10,20000,56.457966383298235,2.747013068199158,0.3229896726432013,0.004768180847167969,0.0006788395015070562,0.03,squared_error,5,5,500,1.0,"{'learning_rate': 0.03, 'loss': 'squared_error', 'max_depth': 5, 'min_samples_leaf': 5, 'n_estimators': 500, 'subsample': 1.0}",-0.06431775957145369,0.23352233956672153,-0.15429871846831555,0.5343711159015263,-0.376941423883151,0.056772185769105254,0.18929313837132578,0.4328157797659351,0.5592069514925504,0.2180355699299269,0.1628459178874171,0.2883684007472106,190,-28.660513818946754,-19.002055458031336,-22.5637495629497,-15.362518826867241,-22.339328041123085,-19.720157134926524,-23.505888668099168,-15.29511286210899,-13.718663659801779,-28.16574979230711,-20.83337378251617,4.932007296138352,186,-18.055592270404013,-13.158665526045548,-15.189169849289565,-11.164636862002983,-16.7317905004687,-13.122161585143877,-14.08079166938345,-10.778734322432033,-10.592252741854782,-18.175273281644326,-14.104906860866928,2.7232523708463687,191,20.83337378251617,4.932007296138352,14.104906860866928,2.7232523708463687,0.1628459178874171,0.2883684007472106
GTB,10,20000,56.457966383298235,1.8412020921707153,0.20627362316874862,0.004356956481933594,0.0008755447606591136,0.1,squared_error,3,5,500,1.0,"{'learning_rate': 0.1, 'loss': 'squared_error', 'max_depth': 3, 'min_samples_leaf': 5, 'n_estimators': 500, 'subsample': 1.0}",-0.09593015310048592,0.10218634180421482,-0.24178804703763812,0.533663089571227,-0.060548797578208635,0.3216933460570357,0.131341172052457,0.40415658549906475,0.47074752913519446,0.19230631885658056,0.17578273852594414,0.2449974398381262,175,-29.08303698798948,-20.565720748790046,-23.403235436866808,-15.374194365559225,-19.605489986346708,-16.723035450492024,-24.33152722385122,-15.676773655917936,-15.032315676715724,-28.625373394889937,-20.842070292741912,5.060952173038151,187,-17.349845280912024,-14.037733173071587,-15.845933638128018,-11.15090662787596,-14.956555031872412,-11.212550867559889,-16.296308969350022,-11.160875321225161,-10.833957899755875,-18.665682180474956,-14.15103489902259,2.762797905016429,196,20.842070292741912,5.060952173038151,14.15103489902259,2.762797905016429,0.17578273852594414,0.2449974398381262
GTB,10,20000,56.457966383298235,1.2357940912246703,0.13807255700618107,0.0036692142486572264,0.0006091275999985615,0.05,huber,5,1,100,1.0,"{'learning_rate': 0.05, 'loss': 'huber', 'max_depth': 5, 'min_samples_leaf': 1, 'n_estimators': 100, 'subsample': 1.0}",-0.11960651090199392,0.072311430243571,0.021919622179800813,0.5656975718972066,-0.23444743462840245,0.03197220388308808,0.37529441231916905,0.520608386459052,0.32502010187314034,0.12852703463385073,0.16872968179584824,0.254038558596821,183,-29.395511748175842,-20.905084786232116,-20.770140635160644,-14.836743904031792,-21.15186537084408,-19.97772293228296,-20.63395341526915,-14.061635373260048,-16.976175633943303,-29.73409860476264,-20.844293240396258,5.001083780044214,188,-18.322850667892634,-14.146485179503701,-12.783335656075034,-10.70748070458009,-16.46377272444095,-13.476023029417172,-12.959066536396874,-10.554611727328284,-11.370078801574836,-19.578642558106964,-14.036234758531654,2.972423770149666,178,20.844293240396258,5.001083780044214,14.036234758531654,2.972423770149666,0.16872968179584824,0.254038558596821
GTB,10,20000,56.457966383298235,1.6382858991622924,0.1891648930708851,0.004295134544372558,0.0006329095045578354,0.05,squared_error,5,5,300,1.0,"{'learning_rate': 0.05, 'loss': 'squared_error', 'max_depth': 5, 'min_samples_leaf': 5, 'n_estimators': 300, 'subsample': 1.0}",-0.04885340057050347,0.22721778374479085,-0.10633133529380534,0.5368484325845309,-0.35709318033342274,0.10232341230288,0.1479966605854176,0.4220165819279318,0.5165635196680096,0.20503051729641697,0.1645718991912246,0.2701018471584587,187,-28.451535701402758,-19.080044801312066,-22.08995192658565,-15.321597203452207,-22.177735871163414,-19.238093049870333,-24.097134346615952,-15.440035893663575,-14.366935760212817,-28.398999914527586,-20.866206446880636,4.860086619598419,189,-17.795140010931767,-13.278190002051016,-14.74054376771796,-11.405464515118808,-16.492812868115518,-12.661941645488751,-14.322043235727685,-10.831156510734118,-10.768497275873449,-18.36091658277469,-14.065670641453375,2.641419899543726,184,20.866206446880636,4.860086619598419,14.065670641453375,2.641419899543726,0.1645718991912246,0.2701018471584587
GTB,10,20000,56.457966383298235,4.765365839004517,0.5417499323806484,0.004796075820922852,0.0007847220087180955,0.1,huber,5,5,500,1.0,"{'learning_rate': 0.1, 'loss': 'huber', 'max_depth': 5, 'min_samples_leaf': 5, 'n_estimators': 500, 'subsample': 1.0}",-0.08211748911129724,0.14176400837032344,-0.0991635793452581,0.534230800982203,-0.31679315724219803,0.016338065054035678,0.3598444180569812,0.47593943092290036,0.4809696061302351,0.12152225129716976,0.16325343551150953,0.2753706668749027,189,-28.89918037188261,-20.107320121562523,-22.01827689069708,-15.364833361353586,-21.845960967657494,-20.13840193705826,-20.887550785151593,-14.702167224446542,-14.886439454114914,-29.853358792284872,-20.870348990620947,5.027014552105103,190,-17.801538988293593,-13.817304581772959,-14.485301979416509,-10.82363973177159,-16.216520057813568,-13.38810293110973,-12.629877935923917,-10.401537702420516,-10.073778070556079,-18.63749437129514,-13.827509635037359,2.855651359153102,149,20.870348990620947,5.027014552105103,13.827509635037359,2.855651359153102,0.16325343551150953,0.2753706668749027
GTB,10,20000,56.457966383298235,2.909337949752808,0.41639699617288684,0.004545044898986816,0.0009442970476546063,0.1,huber,5,5,300,1.0,"{'learning_rate': 0.1, 'loss': 'huber', 'max_depth': 5, 'min_samples_leaf': 5, 'n_estimators': 300, 'subsample': 1.0}",-0.07195958092215915,0.15698882934447822,-0.08137690241770157,0.5362019403205269,-0.31017554852228146,0.020669797044846838,0.34735331386104307,0.4769971209953816,0.4489337892168448,0.1201396343791129,0.16437723933000922,0.26731094162546637,188,-28.763221299985197,-19.928173481130674,-21.83940029613271,-15.332286835727606,-21.79099785053264,-20.09401147795934,-21.090351554941506,-14.687323338724678,-15.338974713307774,-29.876842330144708,-20.874158317858683,4.962214233633943,191,-17.659730811438195,-13.620436337204215,-14.42207323588514,-10.840443505258403,-16.15967172683352,-13.325053743455546,-12.499275140145148,-10.413169813168071,-10.225470355069135,-18.645804856140867,-13.781112952459821,2.815801181960072,140,20.874158317858683,4.962214233633943,13.781112952459821,2.815801181960072,0.16437723933000922,0.26731094162546637
GTB,10,20000,56.457966383298235,2.7579740285873413,0.34213452991152665,0.005132150650024414,0.0010326885123491277,0.05,squared_error,5,5,500,1.0,"{'learning_rate': 0.05, 'loss': 'squared_error', 'max_depth': 5, 'min_samples_leaf': 5, 'n_estimators': 500, 'subsample': 1.0}",-0.04363308571705238,0.22040590915288472,-0.1145202661979905,0.52458798485907,-0.3527365360751533,0.10157675261596422,0.14217145370702633,0.4186333387390364,0.5132205686342101,0.19912826686370821,0.16088343865817037,0.26705994864133364,192,-28.380643408348146,-19.163953119993227,-22.171554779268085,-15.523067589464972,-22.142108923655638,-19.246092212945726,-24.179370924653423,-15.485159312666092,-14.416523681790425,-28.504229135803026,-20.921270308858876,4.834360338366893,192,-17.734464881302554,-13.300422795953258,-14.79121236687329,-11.438952922209214,-16.468858595381782,-12.714678982954476,-14.418821465140393,-10.897190202123422,-10.786161765015905,-18.365270949404085,-14.091603492635837,2.616700268741047,190,20.921270308858876,4.834360338366893,14.091603492635837,2.616700268741047,0.16088343865817037,0.26705994864133364
GTB,10,20000,56.457966383298235,0.44842455387115476,0.06310931514269168,0.004030013084411621,0.0008608324685675428,0.1,squared_error,5,5,100,0.7,"{'learning_rate': 0.1, 'loss': 'squared_error', 'max_depth': 5, 'min_samples_leaf': 5, 'n_estimators': 100, 'subsample': 0.7}",-0.09293690893062201,0.06823257485560696,-0.2596027066112301,0.5554029645756362,-0.12513508207707713,0.11043193618837843,0.2590508549285565,0.4020370289720119,0.5499224130459088,0.15024283999552324,0.16176459149426928,0.26628252510819655,191,-29.043293509677078,-20.950992054374307,-23.570508757111906,-15.011557460364832,-20.193644480187498,-19.15100912616685,-22.47185640635808,-15.70463190672504,-13.862390651590722,-29.36129686306612,-20.93211812156224,5.121063029597737,193,-18.285837886196155,-15.141083826034569,-14.590964896321367,-10.199132605100834,-15.16413705554905,-11.90225921576375,-14.55929492600573,-10.13815856509666,-10.153689891699438,-19.48023673328376,-13.96147956010513,3.1664006469614216,163,20.93211812156224,5.121063029597737,13.96147956010513,3.1664006469614216,0.16176459149426928,0.26628252510819655
GTB,10,20000,56.457966383298235,1.5835321187973022,0.20375932776716157,0.004164052009582519,0.0006983574438260939,0.1,huber,3,5,300,0.7,"{'learning_rate': 0.1, 'loss': 'huber', 'max_depth': 3, 'min_samples_leaf': 5, 'n_estimators': 300, 'subsample': 0.7}",-0.05296791180554328,-0.07003975714735056,-0.31810957550555563,0.41980425132620025,-0.1959993517274634,0.28221495525399776,0.38494942072957006,0.4224713078006497,0.561826698781257,0.13245974664176174,0.15666097843475235,0.28594366058825404,196,-28.50728685838792,-22.4517804930994,-24.11170500181728,-17.148642349143344,-20.819861923565725,-17.202805315630126,-20.473880607423798,-15.433961008941653,-13.677836121047406,-29.66693193740787,-20.949469161646455,5.073417730010816,194,-16.59538796648935,-14.955825633135268,-15.486966619281839,-12.113195055899887,-14.987399326876366,-9.966011641989407,-14.2116899831894,-9.634207205759623,-9.667250984746339,-18.127967576208306,-13.574590199357578,2.894422536372022,90,20.949469161646455,5.073417730010816,13.574590199357578,2.894422536372022,0.15666097843475235,0.28594366058825404
GTB,10,20000,56.457966383298235,1.328306794166565,0.196644154870845,0.0046117305755615234,0.0009648869883945875,0.1,squared_error,5,1,300,0.7,"{'learning_rate': 0.1, 'loss': 'squared_error', 'max_depth': 5, 'min_samples_leaf': 1, 'n_estimators': 300, 'subsample': 0.7}",-0.05689574177625434,-0.04988137630878797,-0.33004926659574263,0.48127401791741375,-0.2603743453202916,0.06443099374655692,0.378622520212033,0.44965872871825663,0.5109240313845927,0.2718160303869932,0.145952559236477,0.2976041730827562,200,-28.56040697162801,-22.239291452763517,-24.220663057476862,-16.214795379070022,-21.37283584444906,-19.639932223050668,-20.578916505667625,-15.0663016172176,-14.45049094074939,-27.17993255966895,-20.952356655174167,4.5870062773396745,195,-17.493570350978178,-15.596556486462497,-15.773215496926023,-11.48287814482018,-15.520368837530969,-11.7369491331275,-14.314704550079401,-10.141650831450917,-11.082659036640592,-18.707378003600986,-14.184993087161725,2.7745468364192094,199,20.952356655174167,4.5870062773396745,14.184993087161725,2.7745468364192094,0.145952559236477,0.2976041730827562
GTB,10,20000,56.457966383298235,2.193589425086975,0.28681443669020107,0.005052399635314941,0.0010029556781459194,0.1,squared_error,5,1,500,0.7,"{'learning_rate': 0.1, 'loss': 'squared_error', 'max_depth': 5, 'min_samples_leaf': 1, 'n_estimators': 500, 'subsample': 0.7}",-0.05709291605230549,-0.050913063684350446,-0.33090768281852934,0.48079524323262957,-0.26041715498086004,0.0643850876015104,0.378579048345848,0.4498060910761187,0.5108732331951642,0.2715329547795665,0.14566408406947923,0.2977695758734493,201,-28.563070959532904,-22.250215716648004,-24.228477826822598,-16.222276634404984,-21.37319881441986,-19.64041405951159,-20.579636348506707,-15.064284364932597,-14.451241376022606,-27.18521503541877,-20.95580311362206,4.588393609967366,196,-17.49421530612595,-15.601446381744719,-15.778677194620837,-11.485876472851922,-15.51807530329279,-11.743389159399669,-14.313667699837966,-10.142449198318678,-11.081038148994084,-18.71411834056881,-14.187295320575544,2.775375040654295,200,20.95580311362206,4.588393609967366,14.187295320575544,2.775375040654295,0.14566408406947923,0.2977695758734493
GTB,10,20000,56.457966383298235,1.4541797161102294,0.19145677634981964,0.00484318733215332,0.001041087838629894,0.1,squared_error,3,5,500,0.7,"{'learning_rate': 0.1, 'loss': 'squared_error', 'max_depth': 3, 'min_samples_leaf': 5, 'n_estimators': 500, 'subsample': 0.7}",-0.03701530871988701,-0.026305750189819177,-0.2907711703224771,0.4819163457037917,-0.1146681819203248,0.19406644557027541,0.2474118578856228,0.39346888432916516,0.5786335512156063,0.15945198321585075,0.1586188656767804,0.26350267683207523,193,-28.29051812367605,-21.98817635680321,-23.860349040452487,-16.20475304437248,-20.099496348654363,-18.228531814361098,-22.64766519136535,-15.81674667370669,-13.41295341470448,-29.201763655296933,-20.975095366339314,4.981997550350117,197,-16.935615311880778,-15.48544033273229,-15.55857537589057,-11.703572857641232,-15.013067618138443,-11.191720416852249,-15.699940684236726,-10.487286876738995,-10.087458294707467,-18.662467810389934,-14.082514557920868,2.822185310218601,188,20.975095366339314,4.981997550350117,14.082514557920868,2.822185310218601,0.1586188656767804,0.26350267683207523
GTB,10,20000,56.457966383298235,0.5237958669662476,0.009207035780695573,0.0035146236419677734,0.00047976251193564785,0.03,squared_error,5,1,100,1.0,"{'learning_rate': 0.03, 'loss': 'squared_error', 'max_depth': 5, 'min_samples_leaf': 1, 'n_estimators': 100, 'subsample': 1.0}",-0.28138384738331346,-0.011755553931116047,-0.20634662908344903,0.5518865777887085,-0.30542545149427336,0.20366106351366675,0.3494593186547891,0.43974532277815304,0.39830993634444145,0.3124673108039375,0.14506180479915445,0.3037417392788988,203,-31.447631377558512,-21.831753998484317,-23.066846285789243,-15.070804907825272,-21.751459887817646,-18.119701842178998,-21.056296168006572,-15.201392111806076,-16.02805632686834,-26.410370493600052,-20.998431339993505,4.957339653744358,198,-20.450638066890146,-15.240345329992856,-15.555350242057475,-10.706251068077215,-16.923069957027195,-12.359860614496451,-13.444244547741924,-11.624134883599764,-11.51960469832771,-18.533860780880513,-14.635736018909125,3.1027686078216545,212,20.998431339993505,4.957339653744358,14.635736018909125,3.1027686078216545,0.14506180479915445,0.3037417392788988
GTB,10,20000,56.457966383298235,0.5041776418685913,0.008062115996714867,0.0033628225326538088,0.00015202556684790224,0.1,squared_error,5,5,100,1.0,"{'learning_rate': 0.1, 'loss': 'squared_error', 'max_depth': 5, 'min_samples_leaf': 5, 'n_estimators': 100, 'subsample': 1.0}",-0.07269719414244635,0.1945441521185315,-0.11234145746099067,0.5545163493196923,-0.37119711079768636,-0.03222784052459815,0.22085194172133282,0.38728150382467497,0.5333136768854437,0.18638251519315396,0.14884265361371077,0.2825686342463193,199,-28.773115555434348,-19.479226162892953,-22.149872261992954,-15.026518026866416,-22.292681826763427,-20.629554810370003,-23.04383446423123,-15.89721732714991,-14.115848120921735,-28.730154026926417,-21.01380225835494,4.887817521370524,199,-18.25216049334833,-13.865373481974693,-14.647767958120786,-10.884193612117526,-16.729310449407418,-12.968217472473036,-14.081655011609326,-11.039933650344272,-10.142673218282383,-18.559019267025484,-14.117030461470325,2.8466802116231933,192,21.01380225835494,4.887817521370524,14.117030461470325,2.8466802116231933,0.14884265361371077,0.2825686342463193
GTB,10,20000,56.457966383298235,0.6613556385040283,0.07716482984894554,0.003860759735107422,0.0006762269718985752,0.1,squared_error,2,5,300,0.7,"{'learning_rate': 0.1, 'loss': 'squared_error', 'max_depth': 2, 'min_samples_leaf': 5, 'n_estimators': 300, 'subsample': 0.7}",-0.0842109511594189,0.05345589870838041,-0.36658349815061464,0.5431929660913581,-0.10453823513811589,0.2605085244935871,0.18697657025253445,0.3224320405901858,0.5746859365415302,0.1556909767392869,0.15416102289687134,0.2782002993496027,198,-28.92712100944645,-21.11646695766632,-24.551060140811487,-15.216293023821947,-20.007957210296365,-17.46098172282549,-23.53944836207629,-16.717335047110957,-13.475637254965294,-29.267021938345692,-21.02793226673663,5.2169417021702005,200,-18.31963292467224,-14.565370588959604,-16.19492899777302,-10.830364685430267,-15.50113409964667,-11.054129861265599,-17.23576108327324,-10.927750467535263,-10.26020408265268,-19.81830789336954,-14.470758468457811,3.321238325772127,206,21.02793226673663,5.2169417021702005,14.470758468457811,3.321238325772127,0.15416102289687134,0.2782002993496027
GTB,10,20000,56.457966383298235,0.5964930772781372,0.08413728695188587,0.004062008857727051,0.0010853950185072834,0.05,squared_error,5,1,100,1.0,"{'learning_rate': 0.05, 'loss': 'squared_error', 'max_depth': 5, 'min_samples_leaf': 1, 'n_estimators': 100, 'subsample': 1.0}",-0.3035129371750762,0.01821582177314185,-0.1697003289169079,0.5267374977708326,-0.2595049672730312,0.1523778975190917,0.31746441489686483,0.42622510564460836,0.4435223831573877,0.3036254237306544,0.1455450311127566,0.2913387720452385,202,-31.71801429284636,-21.505960559513206,-22.713782880423256,-15.487935078274385,-21.365463320695362,-18.694041743409553,-21.567877090330096,-15.383720717838903,-15.414104196503532,-26.579650826796787,-21.043055070663144,4.980803349884957,201,-20.438834000897852,-15.15346881196287,-14.933951232932532,-11.49424253991555,-16.54661605960108,-12.412140670936672,-14.171608444861967,-11.465394655754412,-10.871789209806922,-18.343410595033475,-14.583145622170331,3.0108256913554023,211,21.043055070663144,4.980803349884957,14.583145622170331,3.0108256913554023,0.1455450311127566,0.2913387720452385
GTB,10,20000,56.457966383298235,1.6940373420715331,0.22461749469400755,0.004243826866149903,0.0008425057242818701,0.03,squared_error,5,1,300,1.0,"{'learning_rate': 0.03, 'loss': 'squared_error', 'max_depth': 5, 'min_samples_leaf': 1, 'n_estimators': 300, 'subsample': 1.0}",-0.30475936508517454,-0.02794179091209026,-0.2711192765922792,0.5643082175445207,-0.2381708552496633,0.20765983265546462,0.32000266275290234,0.4538125148065635,0.4118594548556409,0.30606780281578194,0.14217191975916665,0.309027679789682,205,-31.733175159660224,-22.00569512590216,-23.678016370931562,-14.860456683211359,-21.183741168335754,-18.07415107894721,-21.527735879672054,-15.009336301067902,-15.846560026508818,-26.532998775931308,-21.045186657016835,5.1282623336680615,202,-20.448428686778648,-15.159437589032427,-15.863847976246834,-10.811365243964612,-16.33403136397949,-12.12726784155512,-13.8441576148049,-11.340684797194022,-10.969309221787556,-18.230875634390536,-14.512940596973413,3.115657810897826,207,21.045186657016835,5.1282623336680615,14.512940596973413,3.115657810897826,0.14217191975916665,0.309027679789682
GTB,10,20000,56.457966383298235,1.9256118774414062,0.27052160948572174,0.004324126243591309,0.0008314699650197449,0.1,huber,2,5,500,0.7,"{'learning_rate': 0.1, 'loss': 'huber', 'max_depth': 2, 'min_samples_leaf': 5, 'n_estimators': 500, 'subsample': 0.7}",-0.0669262729311153,-0.1756543638640038,-0.2570614235146007,0.4589644279755992,0.035934142998493956,0.2771230637671732,0.20759162847435964,0.37727804869450965,0.5050466707384653,0.1896268747805817,0.15519227971194632,0.2501535574291325,197,-28.695614041993394,-23.533724260142797,-23.54671967749841,-16.559811226499875,-18.692428322918197,-17.263714929205065,-23.23909856746353,-16.02646368041668,-14.537059403421903,-28.672815007351875,-21.076744911691172,4.913862270548694,203,-17.364481088089605,-16.198011903407203,-15.085748730035599,-11.730048280818679,-13.769369836142763,-10.4990950990312,-15.383701113906932,-10.66667434797239,-9.432122992089646,-18.594475360810478,-13.872372875230448,2.9938194981618795,156,21.076744911691172,4.913862270548694,13.872372875230448,2.9938194981618795,0.15519227971194632,0.2501535574291325
GTB,10,20000,56.457966383298235,2.7914478302001955,0.2517829642431659,0.004764103889465332,0.0009808043816576515,0.03,squared_error,5,1,500,1.0,"{'learning_rate': 0.03, 'loss': 'squared_error', 'max_depth': 5, 'min_samples_leaf': 1, 'n_estimators': 500, 'subsample': 1.0}",-0.3156823460112008,-0.028189185948467976,-0.27327266658018234,0.5591328587339404,-0.24393478593391849,0.19578086871016287,0.3108942765664714,0.45782698714973447,0.40509922637555695,0.3079254631949694,0.1375580696257066,0.3100893188118117,211,-31.86572774001167,-22.008343024973627,-23.698064224832986,-14.948455994587556,-21.23299117418231,-18.20913315911131,-21.671435466921917,-14.954075338962886,-15.93737189945195,-26.49746048276105,-21.10230585057973,5.133969163952828,204,-20.3924427528097,-15.198391957716057,-15.857018640496323,-10.946322294977923,-16.40581748481469,-12.199332242611746,-13.847912353934936,-11.173062927909045,-10.97659705393647,-18.193948490934236,-14.519084620014112,3.100865690181957,208,21.10230585057973,5.133969163952828,14.519084620014112,3.100865690181957,0.1375580696257066,0.3100893188118117
GTB,10,20000,56.457966383298235,1.7848071575164794,0.22491798489538956,0.004677534103393555,0.0009047782026181206,0.05,squared_error,5,1,300,1.0,"{'learning_rate': 0.05, 'loss': 'squared_error', 'max_depth': 5, 'min_samples_leaf': 1, 'n_estimators': 300, 'subsample': 1.0}",-0.304008792496121,0.011300272498393826,-0.20977032125846384,0.5306576592019834,-0.272359121666395,0.16894518589284047,0.2714042811093106,0.4396932535387925,0.433530973808282,0.31180159512549377,0.13811949857541167,0.2970289497900954,210,-31.724046473390707,-21.581570123805747,-23.099555718296582,-15.423656312243976,-21.47421152434074,-18.51044700351814,-22.283738737344173,-15.202098492820577,-15.551866670036189,-26.423153554009343,-21.127434460980616,5.014617565361777,205,-20.206228330256245,-15.056106325883334,-15.12275693356003,-11.497699216025259,-16.58247576434619,-11.891061455089508,-14.788866491883141,-11.188197800539788,-10.747154124366611,-18.17261943804244,-14.525316587999257,3.0336817879239844,209,21.127434460980616,5.014617565361777,14.525316587999257,3.0336817879239844,0.13811949857541167,0.2970289497900954
GTB,10,20000,56.457966383298235,1.6375524044036864,0.18689762545049396,0.004457807540893555,0.0009803229091508473,0.1,squared_error,5,5,300,1.0,"{'learning_rate': 0.1, 'loss': 'squared_error', 'max_depth': 5, 'min_samples_leaf': 5, 'n_estimators': 300, 'subsample': 1.0}",-0.08436543943755948,0.17500032262246645,-0.13145713249440383,0.5309623808659852,-0.37903676299291655,-0.02348771894950641,0.2091750373862018,0.38731452242787945,0.5435931008816162,0.17397131705091717,0.14016696273606802,0.2835883721372617,208,-28.92918183623039,-19.714134710542,-22.339385176189886,-15.41864857597708,-22.356318841509157,-20.542031443186637,-23.215868502234112,-15.896788981191657,-13.95952177614293,-28.948454446479822,-21.13203342896837,4.929958578614432,206,-18.290583180378256,-14.013408599262949,-14.875724635574008,-11.196242543860032,-16.807730418195483,-12.687762567396112,-14.274804144458392,-11.295906596740295,-10.031893434894172,-18.638508775682354,-14.211256489644205,2.8433348253519513,203,21.13203342896837,4.929958578614432,14.211256489644205,2.8433348253519513,0.14016696273606802,0.2835883721372617
GTB,10,20000,56.457966383298235,1.381263518333435,0.1572728023816548,0.00451347827911377,0.001012403959973991,0.1,squared_error,2,5,500,1.0,"{'learning_rate': 0.1, 'loss': 'squared_error', 'max_depth': 2, 'min_samples_leaf': 5, 'n_estimators': 500, 'subsample': 1.0}",-0.0785475738319612,0.11350910738616837,-0.1498992737574938,0.5699024458834494,-0.00955577708951405,0.28191515973150616,-0.02034453627490529,0.25978366061763547,0.4546181241343368,0.1523241032263748,0.15737054400255968,0.22271213248773536,194,-28.851471664195383,-20.43562711540207,-22.520709258830653,-14.764745251428383,-19.128350984180948,-17.20639746737972,-26.370488326115243,-17.473099492392283,-15.259657668882184,-29.32531831895201,-21.133586554775892,5.142127441590357,207,-16.958887662781137,-14.204914679759463,-15.417032574797455,-10.466781604528169,-14.750528350205942,-11.023048650795536,-18.10117039948516,-12.005066258192647,-10.93671275147691,-20.290704565526223,-14.415484749754864,3.1740184013296595,205,21.133586554775892,5.142127441590357,14.415484749754864,3.1740184013296595,0.15737054400255968,0.22271213248773536
GTB,10,20000,56.457966383298235,2.770078158378601,0.3398639996671753,0.004907965660095215,0.000980150361724554,0.1,squared_error,5,5,500,1.0,"{'learning_rate': 0.1, 'loss': 'squared_error', 'max_depth': 5, 'min_samples_leaf': 5, 'n_estimators': 500, 'subsample': 1.0}",-0.08469431505765534,0.17687850917927617,-0.1343151080833762,0.5277744129948692,-0.37942645295929633,-0.024178066036913748,0.21008206210369362,0.38634140971010034,0.5440862575185921,0.17418855778100872,0.13967372671502984,0.2835970191978311,209,-28.9335684484365,-19.691681416582995,-22.36758118527072,-15.470958789313825,-22.359477356928792,-20.54895812184166,-23.20255113816034,-15.909408204731376,-13.951977968776847,-28.94464755875212,-21.138081018879515,4.924552064495624,208,-18.301361964884006,-13.999210836460538,-14.887803253523384,-11.213327027253353,-16.815495865847193,-12.698810830835257,-14.260075134960795,-11.332463692379333,-10.017622423516649,-18.633515729308385,-14.215968675896889,2.8411499430393667,204,21.138081018879515,4.924552064495624,14.215968675896889,2.8411499430393667,0.13967372671502984,0.2835970191978311
GTB,10,20000,56.457966383298235,2.675937271118164,0.35744478650220707,0.004596614837646484,0.0007229889701379216,0.1,huber,3,5,500,0.7,"{'learning_rate': 0.1, 'loss': 'huber', 'max_depth': 3, 'min_samples_leaf': 5, 'n_estimators': 500, 'subsample': 0.7}",-0.06141729207456326,-0.09602195068587882,-0.3524879172404667,0.39553355102064325,-0.2074001244616539,0.27011451815429033,0.3639905833733722,0.4115309381877247,0.5603848918792314,0.11900738417318268,0.14032345823258818,0.2903097652866879,207,-28.621434511652065,-22.72272730488808,-24.424116398624328,-17.503648032627837,-20.91885843802163,-17.34720194608197,-20.819798565868123,-15.579461190543102,-13.700321062861008,-29.896059689097726,-21.15336271402659,5.098601024278393,209,-16.671704527889755,-15.27780216718581,-15.58579867593526,-12.2663472264558,-15.139136999988063,-9.953667377029168,-14.423181340403762,-9.879640956316383,-9.691334166953016,-18.21855046381259,-13.71071639019696,2.909327997088179,124,21.15336271402659,5.098601024278393,13.71071639019696,2.909327997088179,0.14032345823258818,0.2903097652866879
GTB,10,20000,56.457966383298235,2.8898552894592284,0.3292611969263297,0.0049187660217285155,0.0010371051918694016,0.05,squared_error,5,1,500,1.0,"{'learning_rate': 0.05, 'loss': 'squared_error', 'max_depth': 5, 'min_samples_leaf': 1, 'n_estimators': 500, 'subsample': 1.0}",-0.30738504597214455,0.010000572379248007,-0.217322800301609,0.5319538673628967,-0.27986267547541144,0.16559602536839246,0.2693573185815903,0.4408984726216353,0.42892566935007437,0.3097757895851089,0.1351937193499781,0.2991060908052168,212,-31.765088827893273,-21.595750544999465,-23.1715476788773,-15.402343413352327,-21.53743897026231,-18.54770815843043,-22.315019449145957,-15.185739844184704,-15.6149558234503,-26.462015048379975,-21.159760775897603,5.026986991420039,210,-20.194139663669727,-15.06046175539776,-15.145153265343778,-11.483965013550241,-16.621611742071366,-11.936265883142001,-14.832666692894394,-11.165151587482969,-10.80051968021104,-18.197671214707213,-14.543760649847048,3.031429709506857,210,21.159760775897603,5.026986991420039,14.543760649847048,3.031429709506857,0.1351937193499781,0.2991060908052168
GTB,10,20000,56.457966383298235,1.2413303852081299,0.16844302765551994,0.004625344276428222,0.0006860164357645371,0.1,squared_error,5,5,300,0.7,"{'learning_rate': 0.1, 'loss': 'squared_error', 'max_depth': 5, 'min_samples_leaf': 5, 'n_estimators': 300, 'subsample': 0.7}",-0.08564170400582838,0.015650213386028677,-0.29492539659282113,0.5209361858481139,-0.13266327702234348,0.11003150264293615,0.21588708203578266,0.41730793728085114,0.5328867078393926,0.1384519408180015,0.14379211922301138,0.2669775273461958,204,-28.946201205812255,-21.53404202308293,-23.8987143471827,-15.582572480972743,-20.2610889366129,-19.155318995183144,-23.1171374282941,-15.50280081992483,-14.122303905045928,-29.564298053850248,-21.168447819596178,5.100929774182749,211,-18.34763559524449,-15.614500382507828,-14.922081422925652,-10.582212505637672,-15.042481636378572,-11.860396514545775,-15.075339630092282,-10.02896420473737,-10.515841592181605,-19.469762088176523,-14.145921557242776,3.138071541712851,195,21.168447819596178,5.100929774182749,14.145921557242776,3.138071541712851,0.14379211922301138,0.2669775273461958
GTB,10,20000,56.457966383298235,2.0167429208755494,0.2212557411933685,0.00489804744720459,0.0008397181926596155,0.1,squared_error,5,5,500,0.7,"{'learning_rate': 0.1, 'loss': 'squared_error', 'max_depth': 5, 'min_samples_leaf': 5, 'n_estimators': 500, 'subsample': 0.7}",-0.0853384282373888,0.014418442408169141,-0.30029882743084224,0.5182887317915863,-0.13465147589343895,0.10843827327748579,0.21271916504798338,0.41633768238185465,0.5325736293912404,0.13695717894590487,0.14194443716825544,0.26752181766224514,206,-28.94215783931663,-21.54751117576548,-23.948248144094418,-15.625570203489517,-20.27886359786234,-19.172457337870373,-23.16378846022982,-15.515702499088048,-14.12703578536738,-29.589933556044755,-21.191126859912877,5.101304271336793,212,-18.332505895647635,-15.654092385376511,-14.947292371205963,-10.602118274253563,-15.051026334942849,-11.865500114624137,-15.124276727632811,-10.085543894886923,-10.508406557085674,-19.486423113881102,-14.165718566953718,3.1339230975129975,197,21.191126859912877,5.101304271336793,14.165718566953718,3.1339230975129975,0.14194443716825544,0.26752181766224514
GTB,10,20000,56.457966383298235,1.0646702766418457,0.11583325632655028,0.0037634849548339845,5.716010725668808e-05,0.1,squared_error,2,5,500,0.7,"{'learning_rate': 0.1, 'loss': 'squared_error', 'max_depth': 2, 'min_samples_leaf': 5, 'n_estimators': 500, 'subsample': 0.7}",-0.08766222088156228,0.010812905410421791,-0.37625339842112915,0.5243860180194349,-0.10071127791412349,0.21421176405258224,0.13164295641670176,0.31015996631388054,0.5370088405998009,0.15921618469546694,0.13228117382914742,0.2706755645605556,213,-28.97312495998597,-21.586888650156517,-24.637768275700633,-15.526364531802873,-19.973265774153642,-17.9992675706588,-24.327300298329078,-16.868047420477453,-14.059853304067628,-29.205859346250904,-21.315774013158347,5.09721857837188,213,-18.262474707074155,-14.972978763072042,-16.409563112400452,-11.302893174891397,-15.386527549680077,-11.614861247655085,-17.57157873158379,-11.128126276712207,-10.692149402841737,-19.657032227962272,-14.699818519387321,3.1441591300925875,213,21.315774013158347,5.09721857837188,14.699818519387321,3.1441591300925875,0.13228117382914742,0.2706755645605556
GTB,10,20000,56.457966383298235,0.5407219171524048,0.016572470167097047,0.0036473751068115236,0.0005606610548958448,0.1,squared_error,5,1,100,1.0,"{'learning_rate': 0.1, 'loss': 'squared_error', 'max_depth': 5, 'min_samples_leaf': 1, 'n_estimators': 100, 'subsample': 1.0}",-0.392052426244236,0.05135282210205394,-0.3765162300057283,0.5298386005290001,-0.4153083329197238,0.1263172166533133,0.31404734346566365,0.46098941328405596,0.39853303151178565,0.3105240047270057,0.10077254431031904,0.3510145770325545,214,-32.777521683231505,-21.139912725888987,-24.6401207765349,-15.437108510890278,-22.64841971516166,-18.97924624493835,-21.621798795003624,-14.910398947638985,-16.025084603015976,-26.447668515291582,-21.462728051759584,5.286607083303371,214,-20.75178817932381,-15.066146163030808,-16.608014263286716,-11.290362624500853,-17.642947805740686,-12.345120656573105,-13.965740261207396,-10.960780310344987,-11.320754136367533,-18.034161355300416,-14.798581575567633,3.2123262549433216,214,21.462728051759584,5.286607083303371,14.798581575567633,3.2123262549433216,0.10077254431031904,0.3510145770325545
GTB,10,20000,56.457966383298235,1.7306663751602174,0.19460957425451153,0.004707741737365723,0.001166454281529026,0.1,squared_error,5,1,300,1.0,"{'learning_rate': 0.1, 'loss': 'squared_error', 'max_depth': 5, 'min_samples_leaf': 1, 'n_estimators': 300, 'subsample': 1.0}",-0.4033000106231417,0.042531288526539535,-0.38860724456659,0.5286057114397695,-0.4197445210910009,0.12432163490008352,0.29961968350418655,0.47117856526096136,0.3936741979930073,0.30407860685474475,0.095235791219856,0.35426918279506714,215,-32.90967411919172,-21.2379760105556,-24.748100866210283,-15.457335375640033,-22.68388691381707,-19.00090916166624,-21.84800147925599,-14.768797683291787,-16.089682164934796,-26.571000733896707,-21.531536450846023,5.341976694258637,215,-20.703405413735148,-15.115575582225032,-16.713426571772604,-11.324275534209317,-17.69841611888836,-12.518719510260762,-14.090391710210389,-10.918322048549722,-11.3370176251378,-18.116685560046953,-14.85362356750361,3.206736108762268,215,21.531536450846023,5.341976694258637,14.85362356750361,3.206736108762268,0.095235791219856,0.35426918279506714
GTB,10,20000,56.457966383298235,2.89196720123291,0.28516180771531086,0.005178904533386231,0.0013257624105314483,0.1,squared_error,5,1,500,1.0,"{'learning_rate': 0.1, 'loss': 'squared_error', 'max_depth': 5, 'min_samples_leaf': 1, 'n_estimators': 500, 'subsample': 1.0}",-0.4034564329112349,0.04218658387043839,-0.3893827698260226,0.5284047352710223,-0.4196741061812823,0.12387681752728419,0.2996632209362987,0.47139063323869546,0.3936986805830244,0.3034747776123209,0.09501821401205444,0.3543553703581247,216,-32.911508246976915,-21.24179867877588,-24.755010702817216,-15.460630096294624,-22.683324381744946,-19.005734484395145,-21.847322404871978,-14.765836094641024,-16.08935732219581,-26.58252564792865,-21.53430480606422,5.343639567427915,216,-20.700793543294232,-15.113002209321808,-16.718042536770838,-11.323842027481827,-17.699887457606952,-12.519972643919603,-14.093103546419929,-10.915879688888197,-11.337327008577313,-18.115374874145367,-14.853722553642607,3.2066620513996686,216,21.53430480606422,5.343639567427915,14.853722553642607,3.2066620513996686,0.09501821401205444,0.3543553703581247
